ERROR - 2025-03-24 04:29:59 --> ErrorException: pg_query(): Query failed: ERROR:  column s.Price does not exist
LINE 13:                     'price', COALESCE(s.&quot;Price&quot;, '')::text, ...
                                               ^
HINT:  Perhaps you meant to reference the column &quot;s.price&quot;.
QUERY:  SELECT jsonb_build_object(
            'status', 200,
            'message', 'Pending appointments retrieved successfully',
            'data', jsonb_agg(
                jsonb_build_object(
                    'id', a.id,
                    'branch', a.branch,
                    'consultant', a.consultant,
                    'section', a.section,
                    'slot', a.slot,
                    'appointment_status', a.appointment_status,
                    'slots_time', s.slots_time,
                    'price', COALESCE(s.&quot;Price&quot;, '')::text,  -- Use &quot;Price&quot; with quotes for case-sensitivity
                    'branch_name', b.branch_name,
                    'consultant_name', r.name,
                    'section_name', sec.section_name,
                    'full_name', a.full_name,
                    'mobile_no', a.mobile_no,
                    'email_id', a.email_id,
                    'locations', a.locations,
                    'startdate', a.startdate,
                    'dates', a.dates,  -- Include 'dates' column
                    'created_at', a.created_at
                )
            )
    )
                         FROM tbl_appointment a
    LEFT JOIN tbl_slots s ON CAST(a.slot AS INTEGER) = s.id
    LEFT JOIN tbl_register r ON a.consultant = r.id
    LEFT JOIN tbl_branch b ON a.branch = b.id
    LEFT JOIN tbl_section sec ON a.section = sec.id
    WHERE a.is_deleted = 'N'
    AND a.appointment_status = 'PE'  -- Only pending appointments
    AND a.dates &lt;= CURRENT_DATE
CONTEXT:  PL/pgSQL function get_pending_appointments() line 4 at SQL statement in C:\xampp\htdocs\salonClinic\system\Database\Postgre\Connection.php:193
Stack trace:
#0 [internal function]: CodeIgniter\Debug\Exceptions->errorHandler(2, 'pg_query(): Que...', 'C:\\xampp\\htdocs...', 193)
#1 C:\xampp\htdocs\salonClinic\system\Database\Postgre\Connection.php(193): pg_query(Object(PgSql\Connection), 'CALL get_pendin...')
#2 C:\xampp\htdocs\salonClinic\system\Database\BaseConnection.php(722): CodeIgniter\Database\Postgre\Connection->execute('CALL get_pendin...')
#3 C:\xampp\htdocs\salonClinic\system\Database\BaseConnection.php(636): CodeIgniter\Database\BaseConnection->simpleQuery('CALL get_pendin...')
#4 C:\xampp\htdocs\salonClinic\app\Controllers\Home.php(1696): CodeIgniter\Database\BaseConnection->query('CALL get_pendin...', Array)
#5 C:\xampp\htdocs\salonClinic\system\CodeIgniter.php(933): App\Controllers\Home->getPendingAppointments()
#6 C:\xampp\htdocs\salonClinic\system\CodeIgniter.php(509): CodeIgniter\CodeIgniter->runController(Object(App\Controllers\Home))
#7 C:\xampp\htdocs\salonClinic\system\CodeIgniter.php(355): CodeIgniter\CodeIgniter->handleRequest(NULL, Object(Config\Cache), false)
#8 C:\xampp\htdocs\salonClinic\system\Boot.php(312): CodeIgniter\CodeIgniter->run()
#9 C:\xampp\htdocs\salonClinic\system\Boot.php(67): CodeIgniter\Boot::runCodeIgniter(Object(CodeIgniter\CodeIgniter))
#10 C:\xampp\htdocs\salonClinic\index.php(56): CodeIgniter\Boot::bootWeb(Object(Config\Paths))
#11 {main}
CRITICAL - 2025-03-24 04:29:59 --> CodeIgniter\Database\Exceptions\DatabaseException: pg_query(): Query failed: ERROR:  column s.Price does not exist
LINE 13:                     'price', COALESCE(s.&quot;Price&quot;, '')::text, ...
                                               ^
HINT:  Perhaps you meant to reference the column &quot;s.price&quot;.
QUERY:  SELECT jsonb_build_object(
            'status', 200,
            'message', 'Pending appointments retrieved successfully',
            'data', jsonb_agg(
                jsonb_build_object(
                    'id', a.id,
                    'branch', a.branch,
                    'consultant', a.consultant,
                    'section', a.section,
                    'slot', a.slot,
                    'appointment_status', a.appointment_status,
                    'slots_time', s.slots_time,
                    'price', COALESCE(s.&quot;Price&quot;, '')::text,  -- Use &quot;Price&quot; with quotes for case-sensitivity
                    'branch_name', b.branch_name,
                    'consultant_name', r.name,
                    'section_name', sec.section_name,
                    'full_name', a.full_name,
                    'mobile_no', a.mobile_no,
                    'email_id', a.email_id,
                    'locations', a.locations,
                    'startdate', a.startdate,
                    'dates', a.dates,  -- Include 'dates' column
                    'created_at', a.created_at
                )
            )
    )
                         FROM tbl_appointment a
    LEFT JOIN tbl_slots s ON CAST(a.slot AS INTEGER) = s.id
    LEFT JOIN tbl_register r ON a.consultant = r.id
    LEFT JOIN tbl_branch b ON a.branch = b.id
    LEFT JOIN tbl_section sec ON a.section = sec.id
    WHERE a.is_deleted = 'N'
    AND a.appointment_status = 'PE'  -- Only pending appointments
    AND a.dates &lt;= CURRENT_DATE
CONTEXT:  PL/pgSQL function get_pending_appointments() line 4 at SQL statement
[Method: GET, Route: get_pending_appointments]
in SYSTEMPATH\Database\BaseConnection.php on line 676.
 1 APPPATH\Controllers\Home.php(1696): CodeIgniter\Database\BaseConnection->query('CALL get_pending_appointments(?)', [...])
 2 SYSTEMPATH\CodeIgniter.php(933): App\Controllers\Home->getPendingAppointments()
 3 SYSTEMPATH\CodeIgniter.php(509): CodeIgniter\CodeIgniter->runController(Object(App\Controllers\Home))
 4 SYSTEMPATH\CodeIgniter.php(355): CodeIgniter\CodeIgniter->handleRequest(null, Object(Config\Cache), false)
 5 SYSTEMPATH\Boot.php(312): CodeIgniter\CodeIgniter->run()
 6 SYSTEMPATH\Boot.php(67): CodeIgniter\Boot::runCodeIgniter(Object(CodeIgniter\CodeIgniter))
 7 FCPATH\index.php(56): CodeIgniter\Boot::bootWeb(Object(Config\Paths))
CRITICAL - 2025-03-24 04:29:59 --> [Caused by] CodeIgniter\Database\Exceptions\DatabaseException: pg_query(): Query failed: ERROR:  column s.Price does not exist
LINE 13:                     'price', COALESCE(s.&quot;Price&quot;, '')::text, ...
                                               ^
HINT:  Perhaps you meant to reference the column &quot;s.price&quot;.
QUERY:  SELECT jsonb_build_object(
            'status', 200,
            'message', 'Pending appointments retrieved successfully',
            'data', jsonb_agg(
                jsonb_build_object(
                    'id', a.id,
                    'branch', a.branch,
                    'consultant', a.consultant,
                    'section', a.section,
                    'slot', a.slot,
                    'appointment_status', a.appointment_status,
                    'slots_time', s.slots_time,
                    'price', COALESCE(s.&quot;Price&quot;, '')::text,  -- Use &quot;Price&quot; with quotes for case-sensitivity
                    'branch_name', b.branch_name,
                    'consultant_name', r.name,
                    'section_name', sec.section_name,
                    'full_name', a.full_name,
                    'mobile_no', a.mobile_no,
                    'email_id', a.email_id,
                    'locations', a.locations,
                    'startdate', a.startdate,
                    'dates', a.dates,  -- Include 'dates' column
                    'created_at', a.created_at
                )
            )
    )
                         FROM tbl_appointment a
    LEFT JOIN tbl_slots s ON CAST(a.slot AS INTEGER) = s.id
    LEFT JOIN tbl_register r ON a.consultant = r.id
    LEFT JOIN tbl_branch b ON a.branch = b.id
    LEFT JOIN tbl_section sec ON a.section = sec.id
    WHERE a.is_deleted = 'N'
    AND a.appointment_status = 'PE'  -- Only pending appointments
    AND a.dates &lt;= CURRENT_DATE
CONTEXT:  PL/pgSQL function get_pending_appointments() line 4 at SQL statement
in SYSTEMPATH\Database\Postgre\Connection.php on line 198.
 1 SYSTEMPATH\Database\BaseConnection.php(722): CodeIgniter\Database\Postgre\Connection->execute('CALL get_pending_appointments(NULL)')
 2 SYSTEMPATH\Database\BaseConnection.php(636): CodeIgniter\Database\BaseConnection->simpleQuery('CALL get_pending_appointments(NULL)')
 3 APPPATH\Controllers\Home.php(1696): CodeIgniter\Database\BaseConnection->query('CALL get_pending_appointments(?)', [...])
 4 SYSTEMPATH\CodeIgniter.php(933): App\Controllers\Home->getPendingAppointments()
 5 SYSTEMPATH\CodeIgniter.php(509): CodeIgniter\CodeIgniter->runController(Object(App\Controllers\Home))
 6 SYSTEMPATH\CodeIgniter.php(355): CodeIgniter\CodeIgniter->handleRequest(null, Object(Config\Cache), false)
 7 SYSTEMPATH\Boot.php(312): CodeIgniter\CodeIgniter->run()
 8 SYSTEMPATH\Boot.php(67): CodeIgniter\Boot::runCodeIgniter(Object(CodeIgniter\CodeIgniter))
 9 FCPATH\index.php(56): CodeIgniter\Boot::bootWeb(Object(Config\Paths))
CRITICAL - 2025-03-24 04:29:59 --> [Caused by] ErrorException: pg_query(): Query failed: ERROR:  column s.Price does not exist
LINE 13:                     'price', COALESCE(s.&quot;Price&quot;, '')::text, ...
                                               ^
HINT:  Perhaps you meant to reference the column &quot;s.price&quot;.
QUERY:  SELECT jsonb_build_object(
            'status', 200,
            'message', 'Pending appointments retrieved successfully',
            'data', jsonb_agg(
                jsonb_build_object(
                    'id', a.id,
                    'branch', a.branch,
                    'consultant', a.consultant,
                    'section', a.section,
                    'slot', a.slot,
                    'appointment_status', a.appointment_status,
                    'slots_time', s.slots_time,
                    'price', COALESCE(s.&quot;Price&quot;, '')::text,  -- Use &quot;Price&quot; with quotes for case-sensitivity
                    'branch_name', b.branch_name,
                    'consultant_name', r.name,
                    'section_name', sec.section_name,
                    'full_name', a.full_name,
                    'mobile_no', a.mobile_no,
                    'email_id', a.email_id,
                    'locations', a.locations,
                    'startdate', a.startdate,
                    'dates', a.dates,  -- Include 'dates' column
                    'created_at', a.created_at
                )
            )
    )
                         FROM tbl_appointment a
    LEFT JOIN tbl_slots s ON CAST(a.slot AS INTEGER) = s.id
    LEFT JOIN tbl_register r ON a.consultant = r.id
    LEFT JOIN tbl_branch b ON a.branch = b.id
    LEFT JOIN tbl_section sec ON a.section = sec.id
    WHERE a.is_deleted = 'N'
    AND a.appointment_status = 'PE'  -- Only pending appointments
    AND a.dates &lt;= CURRENT_DATE
CONTEXT:  PL/pgSQL function get_pending_appointments() line 4 at SQL statement
in SYSTEMPATH\Database\Postgre\Connection.php on line 193.
 1 [internal function]: CodeIgniter\Debug\Exceptions->errorHandler(2, 'pg_query(): Query failed: ERROR:  column s.Price does not exist
LINE 13:                     \'price\', COALESCE(s.&quot;Price&quot;, \'\')::text, ...
                                               ^
HINT:  Perhaps you meant to reference the column &quot;s.price&quot;.
QUERY:  SELECT jsonb_build_object(
            \'status\', 200,
            \'message\', \'Pending appointments retrieved successfully\',
            \'data\', jsonb_agg(
                jsonb_build_object(
                    \'id\', a.id,
                    \'branch\', a.branch,
                    \'consultant\', a.consultant,
                    \'section\', a.section,
                    \'slot\', a.slot,
                    \'appointment_status\', a.appointment_status,
                    \'slots_time\', s.slots_time,
                    \'price\', COALESCE(s.&quot;Price&quot;, \'\')::text,  -- Use &quot;Price&quot; with quotes for case-sensitivity
                    \'branch_name\', b.branch_name,
                    \'consultant_name\', r.name,
                    \'section_name\', sec.section_name,
                    \'full_name\', a.full_name,
                    \'mobile_no\', a.mobile_no,
                    \'email_id\', a.email_id,
                    \'locations\', a.locations,
                    \'startdate\', a.startdate,
                    \'dates\', a.dates,  -- Include \'dates\' column
                    \'created_at\', a.created_at
                )
            )
    )
                         FROM tbl_appointment a
    LEFT JOIN tbl_slots s ON CAST(a.slot AS INTEGER) = s.id
    LEFT JOIN tbl_register r ON a.consultant = r.id
    LEFT JOIN tbl_branch b ON a.branch = b.id
    LEFT JOIN tbl_section sec ON a.section = sec.id
    WHERE a.is_deleted = \'N\'
    AND a.appointment_status = \'PE\'  -- Only pending appointments
    AND a.dates &lt;= CURRENT_DATE
CONTEXT:  PL/pgSQL function get_pending_appointments() line 4 at SQL statement', 'C:\\xampp\\htdocs\\salonClinic\\system\\Database\\Postgre\\Connection.php', 193)
 2 SYSTEMPATH\Database\Postgre\Connection.php(193): pg_query(Object(PgSql\Connection), 'CALL get_pending_appointments(NULL)')
 3 SYSTEMPATH\Database\BaseConnection.php(722): CodeIgniter\Database\Postgre\Connection->execute('CALL get_pending_appointments(NULL)')
 4 SYSTEMPATH\Database\BaseConnection.php(636): CodeIgniter\Database\BaseConnection->simpleQuery('CALL get_pending_appointments(NULL)')
 5 APPPATH\Controllers\Home.php(1696): CodeIgniter\Database\BaseConnection->query('CALL get_pending_appointments(?)', [...])
 6 SYSTEMPATH\CodeIgniter.php(933): App\Controllers\Home->getPendingAppointments()
 7 SYSTEMPATH\CodeIgniter.php(509): CodeIgniter\CodeIgniter->runController(Object(App\Controllers\Home))
 8 SYSTEMPATH\CodeIgniter.php(355): CodeIgniter\CodeIgniter->handleRequest(null, Object(Config\Cache), false)
 9 SYSTEMPATH\Boot.php(312): CodeIgniter\CodeIgniter->run()
10 SYSTEMPATH\Boot.php(67): CodeIgniter\Boot::runCodeIgniter(Object(CodeIgniter\CodeIgniter))
11 FCPATH\index.php(56): CodeIgniter\Boot::bootWeb(Object(Config\Paths))
ERROR - 2025-03-24 05:25:57 --> ErrorException: pg_query(): Query failed: ERROR:  Record creation failed: column &quot;location&quot; of relation &quot;tbl_chairs&quot; does not exist
CONTEXT:  PL/pgSQL function dynamic_insert(text,jsonb) line 38 at RAISE in C:\xampp\htdocs\salonClinic\system\Database\Postgre\Connection.php:193
Stack trace:
#0 [internal function]: CodeIgniter\Debug\Exceptions->errorHandler(2, 'pg_query(): Que...', 'C:\\xampp\\htdocs...', 193)
#1 C:\xampp\htdocs\salonClinic\system\Database\Postgre\Connection.php(193): pg_query(Object(PgSql\Connection), 'CALL dynamic_in...')
#2 C:\xampp\htdocs\salonClinic\system\Database\BaseConnection.php(722): CodeIgniter\Database\Postgre\Connection->execute('CALL dynamic_in...')
#3 C:\xampp\htdocs\salonClinic\system\Database\BaseConnection.php(636): CodeIgniter\Database\BaseConnection->simpleQuery('CALL dynamic_in...')
#4 C:\xampp\htdocs\salonClinic\app\Controllers\Home.php(348): CodeIgniter\Database\BaseConnection->query('CALL dynamic_in...', Array)
#5 C:\xampp\htdocs\salonClinic\system\CodeIgniter.php(933): App\Controllers\Home->create('tbl_chairs')
#6 C:\xampp\htdocs\salonClinic\system\CodeIgniter.php(509): CodeIgniter\CodeIgniter->runController(Object(App\Controllers\Home))
#7 C:\xampp\htdocs\salonClinic\system\CodeIgniter.php(355): CodeIgniter\CodeIgniter->handleRequest(NULL, Object(Config\Cache), false)
#8 C:\xampp\htdocs\salonClinic\system\Boot.php(312): CodeIgniter\CodeIgniter->run()
#9 C:\xampp\htdocs\salonClinic\system\Boot.php(67): CodeIgniter\Boot::runCodeIgniter(Object(CodeIgniter\CodeIgniter))
#10 C:\xampp\htdocs\salonClinic\index.php(56): CodeIgniter\Boot::bootWeb(Object(Config\Paths))
#11 {main}
CRITICAL - 2025-03-24 05:25:57 --> CodeIgniter\Database\Exceptions\DatabaseException: pg_query(): Query failed: ERROR:  Record creation failed: column &quot;location&quot; of relation &quot;tbl_chairs&quot; does not exist
CONTEXT:  PL/pgSQL function dynamic_insert(text,jsonb) line 38 at RAISE
[Method: POST, Route: create/tbl_chairs]
in SYSTEMPATH\Database\BaseConnection.php on line 676.
 1 APPPATH\Controllers\Home.php(348): CodeIgniter\Database\BaseConnection->query('CALL dynamic_insert(?, ?::jsonb)', [...])
 2 SYSTEMPATH\CodeIgniter.php(933): App\Controllers\Home->create('tbl_chairs')
 3 SYSTEMPATH\CodeIgniter.php(509): CodeIgniter\CodeIgniter->runController(Object(App\Controllers\Home))
 4 SYSTEMPATH\CodeIgniter.php(355): CodeIgniter\CodeIgniter->handleRequest(null, Object(Config\Cache), false)
 5 SYSTEMPATH\Boot.php(312): CodeIgniter\CodeIgniter->run()
 6 SYSTEMPATH\Boot.php(67): CodeIgniter\Boot::runCodeIgniter(Object(CodeIgniter\CodeIgniter))
 7 FCPATH\index.php(56): CodeIgniter\Boot::bootWeb(Object(Config\Paths))
CRITICAL - 2025-03-24 05:25:57 --> [Caused by] CodeIgniter\Database\Exceptions\DatabaseException: pg_query(): Query failed: ERROR:  Record creation failed: column &quot;location&quot; of relation &quot;tbl_chairs&quot; does not exist
CONTEXT:  PL/pgSQL function dynamic_insert(text,jsonb) line 38 at RAISE
in SYSTEMPATH\Database\Postgre\Connection.php on line 198.
 1 SYSTEMPATH\Database\BaseConnection.php(722): CodeIgniter\Database\Postgre\Connection->execute('CALL dynamic_insert(\'tbl_chairs\', \'{"chair_name":"Chair A","location":"Room 1"}\'::jsonb)')
 2 SYSTEMPATH\Database\BaseConnection.php(636): CodeIgniter\Database\BaseConnection->simpleQuery('CALL dynamic_insert(\'tbl_chairs\', \'{"chair_name":"Chair A","location":"Room 1"}\'::jsonb)')
 3 APPPATH\Controllers\Home.php(348): CodeIgniter\Database\BaseConnection->query('CALL dynamic_insert(?, ?::jsonb)', [...])
 4 SYSTEMPATH\CodeIgniter.php(933): App\Controllers\Home->create('tbl_chairs')
 5 SYSTEMPATH\CodeIgniter.php(509): CodeIgniter\CodeIgniter->runController(Object(App\Controllers\Home))
 6 SYSTEMPATH\CodeIgniter.php(355): CodeIgniter\CodeIgniter->handleRequest(null, Object(Config\Cache), false)
 7 SYSTEMPATH\Boot.php(312): CodeIgniter\CodeIgniter->run()
 8 SYSTEMPATH\Boot.php(67): CodeIgniter\Boot::runCodeIgniter(Object(CodeIgniter\CodeIgniter))
 9 FCPATH\index.php(56): CodeIgniter\Boot::bootWeb(Object(Config\Paths))
CRITICAL - 2025-03-24 05:25:57 --> [Caused by] ErrorException: pg_query(): Query failed: ERROR:  Record creation failed: column &quot;location&quot; of relation &quot;tbl_chairs&quot; does not exist
CONTEXT:  PL/pgSQL function dynamic_insert(text,jsonb) line 38 at RAISE
in SYSTEMPATH\Database\Postgre\Connection.php on line 193.
 1 [internal function]: CodeIgniter\Debug\Exceptions->errorHandler(2, 'pg_query(): Query failed: ERROR:  Record creation failed: column &quot;location&quot; of relation &quot;tbl_chairs&quot; does not exist
CONTEXT:  PL/pgSQL function dynamic_insert(text,jsonb) line 38 at RAISE', 'C:\\xampp\\htdocs\\salonClinic\\system\\Database\\Postgre\\Connection.php', 193)
 2 SYSTEMPATH\Database\Postgre\Connection.php(193): pg_query(Object(PgSql\Connection), 'CALL dynamic_insert(\'tbl_chairs\', \'{"chair_name":"Chair A","location":"Room 1"}\'::jsonb)')
 3 SYSTEMPATH\Database\BaseConnection.php(722): CodeIgniter\Database\Postgre\Connection->execute('CALL dynamic_insert(\'tbl_chairs\', \'{"chair_name":"Chair A","location":"Room 1"}\'::jsonb)')
 4 SYSTEMPATH\Database\BaseConnection.php(636): CodeIgniter\Database\BaseConnection->simpleQuery('CALL dynamic_insert(\'tbl_chairs\', \'{"chair_name":"Chair A","location":"Room 1"}\'::jsonb)')
 5 APPPATH\Controllers\Home.php(348): CodeIgniter\Database\BaseConnection->query('CALL dynamic_insert(?, ?::jsonb)', [...])
 6 SYSTEMPATH\CodeIgniter.php(933): App\Controllers\Home->create('tbl_chairs')
 7 SYSTEMPATH\CodeIgniter.php(509): CodeIgniter\CodeIgniter->runController(Object(App\Controllers\Home))
 8 SYSTEMPATH\CodeIgniter.php(355): CodeIgniter\CodeIgniter->handleRequest(null, Object(Config\Cache), false)
 9 SYSTEMPATH\Boot.php(312): CodeIgniter\CodeIgniter->run()
10 SYSTEMPATH\Boot.php(67): CodeIgniter\Boot::runCodeIgniter(Object(CodeIgniter\CodeIgniter))
11 FCPATH\index.php(56): CodeIgniter\Boot::bootWeb(Object(Config\Paths))
ERROR - 2025-03-24 05:56:42 --> ErrorException: pg_query(): Query failed: ERROR:  Record creation failed: column &quot;chair_name&quot; of relation &quot;tbl_chairs&quot; does not exist
CONTEXT:  PL/pgSQL function dynamic_insert(text,jsonb) line 38 at RAISE in C:\xampp\htdocs\salonClinic\system\Database\Postgre\Connection.php:193
Stack trace:
#0 [internal function]: CodeIgniter\Debug\Exceptions->errorHandler(2, 'pg_query(): Que...', 'C:\\xampp\\htdocs...', 193)
#1 C:\xampp\htdocs\salonClinic\system\Database\Postgre\Connection.php(193): pg_query(Object(PgSql\Connection), 'CALL dynamic_in...')
#2 C:\xampp\htdocs\salonClinic\system\Database\BaseConnection.php(722): CodeIgniter\Database\Postgre\Connection->execute('CALL dynamic_in...')
#3 C:\xampp\htdocs\salonClinic\system\Database\BaseConnection.php(636): CodeIgniter\Database\BaseConnection->simpleQuery('CALL dynamic_in...')
#4 C:\xampp\htdocs\salonClinic\app\Controllers\Home.php(348): CodeIgniter\Database\BaseConnection->query('CALL dynamic_in...', Array)
#5 C:\xampp\htdocs\salonClinic\system\CodeIgniter.php(933): App\Controllers\Home->create('tbl_chairs')
#6 C:\xampp\htdocs\salonClinic\system\CodeIgniter.php(509): CodeIgniter\CodeIgniter->runController(Object(App\Controllers\Home))
#7 C:\xampp\htdocs\salonClinic\system\CodeIgniter.php(355): CodeIgniter\CodeIgniter->handleRequest(NULL, Object(Config\Cache), false)
#8 C:\xampp\htdocs\salonClinic\system\Boot.php(312): CodeIgniter\CodeIgniter->run()
#9 C:\xampp\htdocs\salonClinic\system\Boot.php(67): CodeIgniter\Boot::runCodeIgniter(Object(CodeIgniter\CodeIgniter))
#10 C:\xampp\htdocs\salonClinic\index.php(56): CodeIgniter\Boot::bootWeb(Object(Config\Paths))
#11 {main}
CRITICAL - 2025-03-24 05:56:42 --> CodeIgniter\Database\Exceptions\DatabaseException: pg_query(): Query failed: ERROR:  Record creation failed: column &quot;chair_name&quot; of relation &quot;tbl_chairs&quot; does not exist
CONTEXT:  PL/pgSQL function dynamic_insert(text,jsonb) line 38 at RAISE
[Method: POST, Route: create/tbl_chairs]
in SYSTEMPATH\Database\BaseConnection.php on line 676.
 1 APPPATH\Controllers\Home.php(348): CodeIgniter\Database\BaseConnection->query('CALL dynamic_insert(?, ?::jsonb)', [...])
 2 SYSTEMPATH\CodeIgniter.php(933): App\Controllers\Home->create('tbl_chairs')
 3 SYSTEMPATH\CodeIgniter.php(509): CodeIgniter\CodeIgniter->runController(Object(App\Controllers\Home))
 4 SYSTEMPATH\CodeIgniter.php(355): CodeIgniter\CodeIgniter->handleRequest(null, Object(Config\Cache), false)
 5 SYSTEMPATH\Boot.php(312): CodeIgniter\CodeIgniter->run()
 6 SYSTEMPATH\Boot.php(67): CodeIgniter\Boot::runCodeIgniter(Object(CodeIgniter\CodeIgniter))
 7 FCPATH\index.php(56): CodeIgniter\Boot::bootWeb(Object(Config\Paths))
CRITICAL - 2025-03-24 05:56:42 --> [Caused by] CodeIgniter\Database\Exceptions\DatabaseException: pg_query(): Query failed: ERROR:  Record creation failed: column &quot;chair_name&quot; of relation &quot;tbl_chairs&quot; does not exist
CONTEXT:  PL/pgSQL function dynamic_insert(text,jsonb) line 38 at RAISE
in SYSTEMPATH\Database\Postgre\Connection.php on line 198.
 1 SYSTEMPATH\Database\BaseConnection.php(722): CodeIgniter\Database\Postgre\Connection->execute('CALL dynamic_insert(\'tbl_chairs\', \'{"chair_name":"Chair A","location":"Room 1"}\'::jsonb)')
 2 SYSTEMPATH\Database\BaseConnection.php(636): CodeIgniter\Database\BaseConnection->simpleQuery('CALL dynamic_insert(\'tbl_chairs\', \'{"chair_name":"Chair A","location":"Room 1"}\'::jsonb)')
 3 APPPATH\Controllers\Home.php(348): CodeIgniter\Database\BaseConnection->query('CALL dynamic_insert(?, ?::jsonb)', [...])
 4 SYSTEMPATH\CodeIgniter.php(933): App\Controllers\Home->create('tbl_chairs')
 5 SYSTEMPATH\CodeIgniter.php(509): CodeIgniter\CodeIgniter->runController(Object(App\Controllers\Home))
 6 SYSTEMPATH\CodeIgniter.php(355): CodeIgniter\CodeIgniter->handleRequest(null, Object(Config\Cache), false)
 7 SYSTEMPATH\Boot.php(312): CodeIgniter\CodeIgniter->run()
 8 SYSTEMPATH\Boot.php(67): CodeIgniter\Boot::runCodeIgniter(Object(CodeIgniter\CodeIgniter))
 9 FCPATH\index.php(56): CodeIgniter\Boot::bootWeb(Object(Config\Paths))
CRITICAL - 2025-03-24 05:56:42 --> [Caused by] ErrorException: pg_query(): Query failed: ERROR:  Record creation failed: column &quot;chair_name&quot; of relation &quot;tbl_chairs&quot; does not exist
CONTEXT:  PL/pgSQL function dynamic_insert(text,jsonb) line 38 at RAISE
in SYSTEMPATH\Database\Postgre\Connection.php on line 193.
 1 [internal function]: CodeIgniter\Debug\Exceptions->errorHandler(2, 'pg_query(): Query failed: ERROR:  Record creation failed: column &quot;chair_name&quot; of relation &quot;tbl_chairs&quot; does not exist
CONTEXT:  PL/pgSQL function dynamic_insert(text,jsonb) line 38 at RAISE', 'C:\\xampp\\htdocs\\salonClinic\\system\\Database\\Postgre\\Connection.php', 193)
 2 SYSTEMPATH\Database\Postgre\Connection.php(193): pg_query(Object(PgSql\Connection), 'CALL dynamic_insert(\'tbl_chairs\', \'{"chair_name":"Chair A","location":"Room 1"}\'::jsonb)')
 3 SYSTEMPATH\Database\BaseConnection.php(722): CodeIgniter\Database\Postgre\Connection->execute('CALL dynamic_insert(\'tbl_chairs\', \'{"chair_name":"Chair A","location":"Room 1"}\'::jsonb)')
 4 SYSTEMPATH\Database\BaseConnection.php(636): CodeIgniter\Database\BaseConnection->simpleQuery('CALL dynamic_insert(\'tbl_chairs\', \'{"chair_name":"Chair A","location":"Room 1"}\'::jsonb)')
 5 APPPATH\Controllers\Home.php(348): CodeIgniter\Database\BaseConnection->query('CALL dynamic_insert(?, ?::jsonb)', [...])
 6 SYSTEMPATH\CodeIgniter.php(933): App\Controllers\Home->create('tbl_chairs')
 7 SYSTEMPATH\CodeIgniter.php(509): CodeIgniter\CodeIgniter->runController(Object(App\Controllers\Home))
 8 SYSTEMPATH\CodeIgniter.php(355): CodeIgniter\CodeIgniter->handleRequest(null, Object(Config\Cache), false)
 9 SYSTEMPATH\Boot.php(312): CodeIgniter\CodeIgniter->run()
10 SYSTEMPATH\Boot.php(67): CodeIgniter\Boot::runCodeIgniter(Object(CodeIgniter\CodeIgniter))
11 FCPATH\index.php(56): CodeIgniter\Boot::bootWeb(Object(Config\Paths))
ERROR - 2025-03-24 05:59:06 --> ErrorException: pg_query(): Query failed: ERROR:  Record creation failed: invalid input syntax for type integer: &quot;Chair A&quot;
CONTEXT:  PL/pgSQL function dynamic_insert(text,jsonb) line 38 at RAISE in C:\xampp\htdocs\salonClinic\system\Database\Postgre\Connection.php:193
Stack trace:
#0 [internal function]: CodeIgniter\Debug\Exceptions->errorHandler(2, 'pg_query(): Que...', 'C:\\xampp\\htdocs...', 193)
#1 C:\xampp\htdocs\salonClinic\system\Database\Postgre\Connection.php(193): pg_query(Object(PgSql\Connection), 'CALL dynamic_in...')
#2 C:\xampp\htdocs\salonClinic\system\Database\BaseConnection.php(722): CodeIgniter\Database\Postgre\Connection->execute('CALL dynamic_in...')
#3 C:\xampp\htdocs\salonClinic\system\Database\BaseConnection.php(636): CodeIgniter\Database\BaseConnection->simpleQuery('CALL dynamic_in...')
#4 C:\xampp\htdocs\salonClinic\app\Controllers\Home.php(348): CodeIgniter\Database\BaseConnection->query('CALL dynamic_in...', Array)
#5 C:\xampp\htdocs\salonClinic\system\CodeIgniter.php(933): App\Controllers\Home->create('tbl_chairs')
#6 C:\xampp\htdocs\salonClinic\system\CodeIgniter.php(509): CodeIgniter\CodeIgniter->runController(Object(App\Controllers\Home))
#7 C:\xampp\htdocs\salonClinic\system\CodeIgniter.php(355): CodeIgniter\CodeIgniter->handleRequest(NULL, Object(Config\Cache), false)
#8 C:\xampp\htdocs\salonClinic\system\Boot.php(312): CodeIgniter\CodeIgniter->run()
#9 C:\xampp\htdocs\salonClinic\system\Boot.php(67): CodeIgniter\Boot::runCodeIgniter(Object(CodeIgniter\CodeIgniter))
#10 C:\xampp\htdocs\salonClinic\index.php(56): CodeIgniter\Boot::bootWeb(Object(Config\Paths))
#11 {main}
CRITICAL - 2025-03-24 05:59:06 --> CodeIgniter\Database\Exceptions\DatabaseException: pg_query(): Query failed: ERROR:  Record creation failed: invalid input syntax for type integer: &quot;Chair A&quot;
CONTEXT:  PL/pgSQL function dynamic_insert(text,jsonb) line 38 at RAISE
[Method: POST, Route: create/tbl_chairs]
in SYSTEMPATH\Database\BaseConnection.php on line 676.
 1 APPPATH\Controllers\Home.php(348): CodeIgniter\Database\BaseConnection->query('CALL dynamic_insert(?, ?::jsonb)', [...])
 2 SYSTEMPATH\CodeIgniter.php(933): App\Controllers\Home->create('tbl_chairs')
 3 SYSTEMPATH\CodeIgniter.php(509): CodeIgniter\CodeIgniter->runController(Object(App\Controllers\Home))
 4 SYSTEMPATH\CodeIgniter.php(355): CodeIgniter\CodeIgniter->handleRequest(null, Object(Config\Cache), false)
 5 SYSTEMPATH\Boot.php(312): CodeIgniter\CodeIgniter->run()
 6 SYSTEMPATH\Boot.php(67): CodeIgniter\Boot::runCodeIgniter(Object(CodeIgniter\CodeIgniter))
 7 FCPATH\index.php(56): CodeIgniter\Boot::bootWeb(Object(Config\Paths))
CRITICAL - 2025-03-24 05:59:06 --> [Caused by] CodeIgniter\Database\Exceptions\DatabaseException: pg_query(): Query failed: ERROR:  Record creation failed: invalid input syntax for type integer: &quot;Chair A&quot;
CONTEXT:  PL/pgSQL function dynamic_insert(text,jsonb) line 38 at RAISE
in SYSTEMPATH\Database\Postgre\Connection.php on line 198.
 1 SYSTEMPATH\Database\BaseConnection.php(722): CodeIgniter\Database\Postgre\Connection->execute('CALL dynamic_insert(\'tbl_chairs\', \'{"chair_name":"Chair A","location":"Room 1"}\'::jsonb)')
 2 SYSTEMPATH\Database\BaseConnection.php(636): CodeIgniter\Database\BaseConnection->simpleQuery('CALL dynamic_insert(\'tbl_chairs\', \'{"chair_name":"Chair A","location":"Room 1"}\'::jsonb)')
 3 APPPATH\Controllers\Home.php(348): CodeIgniter\Database\BaseConnection->query('CALL dynamic_insert(?, ?::jsonb)', [...])
 4 SYSTEMPATH\CodeIgniter.php(933): App\Controllers\Home->create('tbl_chairs')
 5 SYSTEMPATH\CodeIgniter.php(509): CodeIgniter\CodeIgniter->runController(Object(App\Controllers\Home))
 6 SYSTEMPATH\CodeIgniter.php(355): CodeIgniter\CodeIgniter->handleRequest(null, Object(Config\Cache), false)
 7 SYSTEMPATH\Boot.php(312): CodeIgniter\CodeIgniter->run()
 8 SYSTEMPATH\Boot.php(67): CodeIgniter\Boot::runCodeIgniter(Object(CodeIgniter\CodeIgniter))
 9 FCPATH\index.php(56): CodeIgniter\Boot::bootWeb(Object(Config\Paths))
CRITICAL - 2025-03-24 05:59:06 --> [Caused by] ErrorException: pg_query(): Query failed: ERROR:  Record creation failed: invalid input syntax for type integer: &quot;Chair A&quot;
CONTEXT:  PL/pgSQL function dynamic_insert(text,jsonb) line 38 at RAISE
in SYSTEMPATH\Database\Postgre\Connection.php on line 193.
 1 [internal function]: CodeIgniter\Debug\Exceptions->errorHandler(2, 'pg_query(): Query failed: ERROR:  Record creation failed: invalid input syntax for type integer: &quot;Chair A&quot;
CONTEXT:  PL/pgSQL function dynamic_insert(text,jsonb) line 38 at RAISE', 'C:\\xampp\\htdocs\\salonClinic\\system\\Database\\Postgre\\Connection.php', 193)
 2 SYSTEMPATH\Database\Postgre\Connection.php(193): pg_query(Object(PgSql\Connection), 'CALL dynamic_insert(\'tbl_chairs\', \'{"chair_name":"Chair A","location":"Room 1"}\'::jsonb)')
 3 SYSTEMPATH\Database\BaseConnection.php(722): CodeIgniter\Database\Postgre\Connection->execute('CALL dynamic_insert(\'tbl_chairs\', \'{"chair_name":"Chair A","location":"Room 1"}\'::jsonb)')
 4 SYSTEMPATH\Database\BaseConnection.php(636): CodeIgniter\Database\BaseConnection->simpleQuery('CALL dynamic_insert(\'tbl_chairs\', \'{"chair_name":"Chair A","location":"Room 1"}\'::jsonb)')
 5 APPPATH\Controllers\Home.php(348): CodeIgniter\Database\BaseConnection->query('CALL dynamic_insert(?, ?::jsonb)', [...])
 6 SYSTEMPATH\CodeIgniter.php(933): App\Controllers\Home->create('tbl_chairs')
 7 SYSTEMPATH\CodeIgniter.php(509): CodeIgniter\CodeIgniter->runController(Object(App\Controllers\Home))
 8 SYSTEMPATH\CodeIgniter.php(355): CodeIgniter\CodeIgniter->handleRequest(null, Object(Config\Cache), false)
 9 SYSTEMPATH\Boot.php(312): CodeIgniter\CodeIgniter->run()
10 SYSTEMPATH\Boot.php(67): CodeIgniter\Boot::runCodeIgniter(Object(CodeIgniter\CodeIgniter))
11 FCPATH\index.php(56): CodeIgniter\Boot::bootWeb(Object(Config\Paths))
ERROR - 2025-03-24 06:22:39 --> ErrorException: pg_query(): Query failed: ERROR:  column s.Price does not exist
LINE 13:                     'price', COALESCE(s.&quot;Price&quot;, '')::text, ...
                                               ^
HINT:  Perhaps you meant to reference the column &quot;s.price&quot;.
QUERY:  SELECT jsonb_build_object(
            'status', 200,
            'message', 'Pending appointments retrieved successfully',
            'data', jsonb_agg(
                jsonb_build_object(
                    'id', a.id,
                    'branch', a.branch,
                    'consultant', a.consultant,
                    'section', a.section,
                    'slot', a.slot,
                    'appointment_status', a.appointment_status,
                    'slots_time', s.slots_time,
                    'price', COALESCE(s.&quot;Price&quot;, '')::text,  -- Use &quot;Price&quot; with quotes for case-sensitivity
                    'branch_name', b.branch_name,
                    'consultant_name', r.name,
                    'section_name', sec.section_name,
                    'full_name', a.full_name,
                    'mobile_no', a.mobile_no,
                    'email_id', a.email_id,
                    'locations', a.locations,
                    'startdate', a.startdate,
                    'dates', a.dates,  -- Include 'dates' column
                    'created_at', a.created_at
                )
            )
    )
                         FROM tbl_appointment a
    LEFT JOIN tbl_slots s ON CAST(a.slot AS INTEGER) = s.id
    LEFT JOIN tbl_register r ON a.consultant = r.id
    LEFT JOIN tbl_branch b ON a.branch = b.id
    LEFT JOIN tbl_section sec ON a.section = sec.id
    WHERE a.is_deleted = 'N'
    AND a.appointment_status = 'PE'  -- Only pending appointments
    AND a.dates &lt;= CURRENT_DATE
CONTEXT:  PL/pgSQL function get_pending_appointments() line 4 at SQL statement in C:\xampp\htdocs\salonClinic\system\Database\Postgre\Connection.php:193
Stack trace:
#0 [internal function]: CodeIgniter\Debug\Exceptions->errorHandler(2, 'pg_query(): Que...', 'C:\\xampp\\htdocs...', 193)
#1 C:\xampp\htdocs\salonClinic\system\Database\Postgre\Connection.php(193): pg_query(Object(PgSql\Connection), 'CALL get_pendin...')
#2 C:\xampp\htdocs\salonClinic\system\Database\BaseConnection.php(722): CodeIgniter\Database\Postgre\Connection->execute('CALL get_pendin...')
#3 C:\xampp\htdocs\salonClinic\system\Database\BaseConnection.php(636): CodeIgniter\Database\BaseConnection->simpleQuery('CALL get_pendin...')
#4 C:\xampp\htdocs\salonClinic\app\Controllers\Home.php(1696): CodeIgniter\Database\BaseConnection->query('CALL get_pendin...', Array)
#5 C:\xampp\htdocs\salonClinic\system\CodeIgniter.php(933): App\Controllers\Home->getPendingAppointments()
#6 C:\xampp\htdocs\salonClinic\system\CodeIgniter.php(509): CodeIgniter\CodeIgniter->runController(Object(App\Controllers\Home))
#7 C:\xampp\htdocs\salonClinic\system\CodeIgniter.php(355): CodeIgniter\CodeIgniter->handleRequest(NULL, Object(Config\Cache), false)
#8 C:\xampp\htdocs\salonClinic\system\Boot.php(312): CodeIgniter\CodeIgniter->run()
#9 C:\xampp\htdocs\salonClinic\system\Boot.php(67): CodeIgniter\Boot::runCodeIgniter(Object(CodeIgniter\CodeIgniter))
#10 C:\xampp\htdocs\salonClinic\index.php(56): CodeIgniter\Boot::bootWeb(Object(Config\Paths))
#11 {main}
CRITICAL - 2025-03-24 06:22:39 --> CodeIgniter\Database\Exceptions\DatabaseException: pg_query(): Query failed: ERROR:  column s.Price does not exist
LINE 13:                     'price', COALESCE(s.&quot;Price&quot;, '')::text, ...
                                               ^
HINT:  Perhaps you meant to reference the column &quot;s.price&quot;.
QUERY:  SELECT jsonb_build_object(
            'status', 200,
            'message', 'Pending appointments retrieved successfully',
            'data', jsonb_agg(
                jsonb_build_object(
                    'id', a.id,
                    'branch', a.branch,
                    'consultant', a.consultant,
                    'section', a.section,
                    'slot', a.slot,
                    'appointment_status', a.appointment_status,
                    'slots_time', s.slots_time,
                    'price', COALESCE(s.&quot;Price&quot;, '')::text,  -- Use &quot;Price&quot; with quotes for case-sensitivity
                    'branch_name', b.branch_name,
                    'consultant_name', r.name,
                    'section_name', sec.section_name,
                    'full_name', a.full_name,
                    'mobile_no', a.mobile_no,
                    'email_id', a.email_id,
                    'locations', a.locations,
                    'startdate', a.startdate,
                    'dates', a.dates,  -- Include 'dates' column
                    'created_at', a.created_at
                )
            )
    )
                         FROM tbl_appointment a
    LEFT JOIN tbl_slots s ON CAST(a.slot AS INTEGER) = s.id
    LEFT JOIN tbl_register r ON a.consultant = r.id
    LEFT JOIN tbl_branch b ON a.branch = b.id
    LEFT JOIN tbl_section sec ON a.section = sec.id
    WHERE a.is_deleted = 'N'
    AND a.appointment_status = 'PE'  -- Only pending appointments
    AND a.dates &lt;= CURRENT_DATE
CONTEXT:  PL/pgSQL function get_pending_appointments() line 4 at SQL statement
[Method: GET, Route: get_pending_appointments]
in SYSTEMPATH\Database\BaseConnection.php on line 676.
 1 APPPATH\Controllers\Home.php(1696): CodeIgniter\Database\BaseConnection->query('CALL get_pending_appointments(?)', [...])
 2 SYSTEMPATH\CodeIgniter.php(933): App\Controllers\Home->getPendingAppointments()
 3 SYSTEMPATH\CodeIgniter.php(509): CodeIgniter\CodeIgniter->runController(Object(App\Controllers\Home))
 4 SYSTEMPATH\CodeIgniter.php(355): CodeIgniter\CodeIgniter->handleRequest(null, Object(Config\Cache), false)
 5 SYSTEMPATH\Boot.php(312): CodeIgniter\CodeIgniter->run()
 6 SYSTEMPATH\Boot.php(67): CodeIgniter\Boot::runCodeIgniter(Object(CodeIgniter\CodeIgniter))
 7 FCPATH\index.php(56): CodeIgniter\Boot::bootWeb(Object(Config\Paths))
CRITICAL - 2025-03-24 06:22:39 --> [Caused by] CodeIgniter\Database\Exceptions\DatabaseException: pg_query(): Query failed: ERROR:  column s.Price does not exist
LINE 13:                     'price', COALESCE(s.&quot;Price&quot;, '')::text, ...
                                               ^
HINT:  Perhaps you meant to reference the column &quot;s.price&quot;.
QUERY:  SELECT jsonb_build_object(
            'status', 200,
            'message', 'Pending appointments retrieved successfully',
            'data', jsonb_agg(
                jsonb_build_object(
                    'id', a.id,
                    'branch', a.branch,
                    'consultant', a.consultant,
                    'section', a.section,
                    'slot', a.slot,
                    'appointment_status', a.appointment_status,
                    'slots_time', s.slots_time,
                    'price', COALESCE(s.&quot;Price&quot;, '')::text,  -- Use &quot;Price&quot; with quotes for case-sensitivity
                    'branch_name', b.branch_name,
                    'consultant_name', r.name,
                    'section_name', sec.section_name,
                    'full_name', a.full_name,
                    'mobile_no', a.mobile_no,
                    'email_id', a.email_id,
                    'locations', a.locations,
                    'startdate', a.startdate,
                    'dates', a.dates,  -- Include 'dates' column
                    'created_at', a.created_at
                )
            )
    )
                         FROM tbl_appointment a
    LEFT JOIN tbl_slots s ON CAST(a.slot AS INTEGER) = s.id
    LEFT JOIN tbl_register r ON a.consultant = r.id
    LEFT JOIN tbl_branch b ON a.branch = b.id
    LEFT JOIN tbl_section sec ON a.section = sec.id
    WHERE a.is_deleted = 'N'
    AND a.appointment_status = 'PE'  -- Only pending appointments
    AND a.dates &lt;= CURRENT_DATE
CONTEXT:  PL/pgSQL function get_pending_appointments() line 4 at SQL statement
in SYSTEMPATH\Database\Postgre\Connection.php on line 198.
 1 SYSTEMPATH\Database\BaseConnection.php(722): CodeIgniter\Database\Postgre\Connection->execute('CALL get_pending_appointments(NULL)')
 2 SYSTEMPATH\Database\BaseConnection.php(636): CodeIgniter\Database\BaseConnection->simpleQuery('CALL get_pending_appointments(NULL)')
 3 APPPATH\Controllers\Home.php(1696): CodeIgniter\Database\BaseConnection->query('CALL get_pending_appointments(?)', [...])
 4 SYSTEMPATH\CodeIgniter.php(933): App\Controllers\Home->getPendingAppointments()
 5 SYSTEMPATH\CodeIgniter.php(509): CodeIgniter\CodeIgniter->runController(Object(App\Controllers\Home))
 6 SYSTEMPATH\CodeIgniter.php(355): CodeIgniter\CodeIgniter->handleRequest(null, Object(Config\Cache), false)
 7 SYSTEMPATH\Boot.php(312): CodeIgniter\CodeIgniter->run()
 8 SYSTEMPATH\Boot.php(67): CodeIgniter\Boot::runCodeIgniter(Object(CodeIgniter\CodeIgniter))
 9 FCPATH\index.php(56): CodeIgniter\Boot::bootWeb(Object(Config\Paths))
CRITICAL - 2025-03-24 06:22:39 --> [Caused by] ErrorException: pg_query(): Query failed: ERROR:  column s.Price does not exist
LINE 13:                     'price', COALESCE(s.&quot;Price&quot;, '')::text, ...
                                               ^
HINT:  Perhaps you meant to reference the column &quot;s.price&quot;.
QUERY:  SELECT jsonb_build_object(
            'status', 200,
            'message', 'Pending appointments retrieved successfully',
            'data', jsonb_agg(
                jsonb_build_object(
                    'id', a.id,
                    'branch', a.branch,
                    'consultant', a.consultant,
                    'section', a.section,
                    'slot', a.slot,
                    'appointment_status', a.appointment_status,
                    'slots_time', s.slots_time,
                    'price', COALESCE(s.&quot;Price&quot;, '')::text,  -- Use &quot;Price&quot; with quotes for case-sensitivity
                    'branch_name', b.branch_name,
                    'consultant_name', r.name,
                    'section_name', sec.section_name,
                    'full_name', a.full_name,
                    'mobile_no', a.mobile_no,
                    'email_id', a.email_id,
                    'locations', a.locations,
                    'startdate', a.startdate,
                    'dates', a.dates,  -- Include 'dates' column
                    'created_at', a.created_at
                )
            )
    )
                         FROM tbl_appointment a
    LEFT JOIN tbl_slots s ON CAST(a.slot AS INTEGER) = s.id
    LEFT JOIN tbl_register r ON a.consultant = r.id
    LEFT JOIN tbl_branch b ON a.branch = b.id
    LEFT JOIN tbl_section sec ON a.section = sec.id
    WHERE a.is_deleted = 'N'
    AND a.appointment_status = 'PE'  -- Only pending appointments
    AND a.dates &lt;= CURRENT_DATE
CONTEXT:  PL/pgSQL function get_pending_appointments() line 4 at SQL statement
in SYSTEMPATH\Database\Postgre\Connection.php on line 193.
 1 [internal function]: CodeIgniter\Debug\Exceptions->errorHandler(2, 'pg_query(): Query failed: ERROR:  column s.Price does not exist
LINE 13:                     \'price\', COALESCE(s.&quot;Price&quot;, \'\')::text, ...
                                               ^
HINT:  Perhaps you meant to reference the column &quot;s.price&quot;.
QUERY:  SELECT jsonb_build_object(
            \'status\', 200,
            \'message\', \'Pending appointments retrieved successfully\',
            \'data\', jsonb_agg(
                jsonb_build_object(
                    \'id\', a.id,
                    \'branch\', a.branch,
                    \'consultant\', a.consultant,
                    \'section\', a.section,
                    \'slot\', a.slot,
                    \'appointment_status\', a.appointment_status,
                    \'slots_time\', s.slots_time,
                    \'price\', COALESCE(s.&quot;Price&quot;, \'\')::text,  -- Use &quot;Price&quot; with quotes for case-sensitivity
                    \'branch_name\', b.branch_name,
                    \'consultant_name\', r.name,
                    \'section_name\', sec.section_name,
                    \'full_name\', a.full_name,
                    \'mobile_no\', a.mobile_no,
                    \'email_id\', a.email_id,
                    \'locations\', a.locations,
                    \'startdate\', a.startdate,
                    \'dates\', a.dates,  -- Include \'dates\' column
                    \'created_at\', a.created_at
                )
            )
    )
                         FROM tbl_appointment a
    LEFT JOIN tbl_slots s ON CAST(a.slot AS INTEGER) = s.id
    LEFT JOIN tbl_register r ON a.consultant = r.id
    LEFT JOIN tbl_branch b ON a.branch = b.id
    LEFT JOIN tbl_section sec ON a.section = sec.id
    WHERE a.is_deleted = \'N\'
    AND a.appointment_status = \'PE\'  -- Only pending appointments
    AND a.dates &lt;= CURRENT_DATE
CONTEXT:  PL/pgSQL function get_pending_appointments() line 4 at SQL statement', 'C:\\xampp\\htdocs\\salonClinic\\system\\Database\\Postgre\\Connection.php', 193)
 2 SYSTEMPATH\Database\Postgre\Connection.php(193): pg_query(Object(PgSql\Connection), 'CALL get_pending_appointments(NULL)')
 3 SYSTEMPATH\Database\BaseConnection.php(722): CodeIgniter\Database\Postgre\Connection->execute('CALL get_pending_appointments(NULL)')
 4 SYSTEMPATH\Database\BaseConnection.php(636): CodeIgniter\Database\BaseConnection->simpleQuery('CALL get_pending_appointments(NULL)')
 5 APPPATH\Controllers\Home.php(1696): CodeIgniter\Database\BaseConnection->query('CALL get_pending_appointments(?)', [...])
 6 SYSTEMPATH\CodeIgniter.php(933): App\Controllers\Home->getPendingAppointments()
 7 SYSTEMPATH\CodeIgniter.php(509): CodeIgniter\CodeIgniter->runController(Object(App\Controllers\Home))
 8 SYSTEMPATH\CodeIgniter.php(355): CodeIgniter\CodeIgniter->handleRequest(null, Object(Config\Cache), false)
 9 SYSTEMPATH\Boot.php(312): CodeIgniter\CodeIgniter->run()
10 SYSTEMPATH\Boot.php(67): CodeIgniter\Boot::runCodeIgniter(Object(CodeIgniter\CodeIgniter))
11 FCPATH\index.php(56): CodeIgniter\Boot::bootWeb(Object(Config\Paths))
ERROR - 2025-03-24 06:36:00 --> ErrorException: pg_query(): Query failed: ERROR:  column s.Price does not exist
LINE 13:                     'price', COALESCE(s.&quot;Price&quot;, '')::text, ...
                                               ^
HINT:  Perhaps you meant to reference the column &quot;s.price&quot;.
QUERY:  SELECT jsonb_build_object(
            'status', 200,
            'message', 'Pending appointments retrieved successfully',
            'data', jsonb_agg(
                jsonb_build_object(
                    'id', a.id,
                    'branch', a.branch,
                    'consultant', a.consultant,
                    'section', a.section,
                    'slot', a.slot,
                    'appointment_status', a.appointment_status,
                    'slots_time', s.slots_time,
                    'price', COALESCE(s.&quot;Price&quot;, '')::text,  -- Use &quot;Price&quot; with quotes for case-sensitivity
                    'branch_name', b.branch_name,
                    'consultant_name', r.name,
                    'section_name', sec.section_name,
                    'full_name', a.full_name,
                    'mobile_no', a.mobile_no,
                    'email_id', a.email_id,
                    'locations', a.locations,
                    'startdate', a.startdate,
                    'dates', a.dates,  -- Include 'dates' column
                    'created_at', a.created_at
                )
            )
    )
                         FROM tbl_appointment a
    LEFT JOIN tbl_slots s ON CAST(a.slot AS INTEGER) = s.id
    LEFT JOIN tbl_register r ON a.consultant = r.id
    LEFT JOIN tbl_branch b ON a.branch = b.id
    LEFT JOIN tbl_section sec ON a.section = sec.id
    WHERE a.is_deleted = 'N'
    AND a.appointment_status = 'PE'  -- Only pending appointments
    AND a.dates &lt;= CURRENT_DATE
CONTEXT:  PL/pgSQL function get_pending_appointments() line 4 at SQL statement in C:\xampp\htdocs\salonClinic\system\Database\Postgre\Connection.php:193
Stack trace:
#0 [internal function]: CodeIgniter\Debug\Exceptions->errorHandler(2, 'pg_query(): Que...', 'C:\\xampp\\htdocs...', 193)
#1 C:\xampp\htdocs\salonClinic\system\Database\Postgre\Connection.php(193): pg_query(Object(PgSql\Connection), 'CALL get_pendin...')
#2 C:\xampp\htdocs\salonClinic\system\Database\BaseConnection.php(722): CodeIgniter\Database\Postgre\Connection->execute('CALL get_pendin...')
#3 C:\xampp\htdocs\salonClinic\system\Database\BaseConnection.php(636): CodeIgniter\Database\BaseConnection->simpleQuery('CALL get_pendin...')
#4 C:\xampp\htdocs\salonClinic\app\Controllers\Home.php(1696): CodeIgniter\Database\BaseConnection->query('CALL get_pendin...', Array)
#5 C:\xampp\htdocs\salonClinic\system\CodeIgniter.php(933): App\Controllers\Home->getPendingAppointments()
#6 C:\xampp\htdocs\salonClinic\system\CodeIgniter.php(509): CodeIgniter\CodeIgniter->runController(Object(App\Controllers\Home))
#7 C:\xampp\htdocs\salonClinic\system\CodeIgniter.php(355): CodeIgniter\CodeIgniter->handleRequest(NULL, Object(Config\Cache), false)
#8 C:\xampp\htdocs\salonClinic\system\Boot.php(312): CodeIgniter\CodeIgniter->run()
#9 C:\xampp\htdocs\salonClinic\system\Boot.php(67): CodeIgniter\Boot::runCodeIgniter(Object(CodeIgniter\CodeIgniter))
#10 C:\xampp\htdocs\salonClinic\index.php(56): CodeIgniter\Boot::bootWeb(Object(Config\Paths))
#11 {main}
CRITICAL - 2025-03-24 06:36:00 --> CodeIgniter\Database\Exceptions\DatabaseException: pg_query(): Query failed: ERROR:  column s.Price does not exist
LINE 13:                     'price', COALESCE(s.&quot;Price&quot;, '')::text, ...
                                               ^
HINT:  Perhaps you meant to reference the column &quot;s.price&quot;.
QUERY:  SELECT jsonb_build_object(
            'status', 200,
            'message', 'Pending appointments retrieved successfully',
            'data', jsonb_agg(
                jsonb_build_object(
                    'id', a.id,
                    'branch', a.branch,
                    'consultant', a.consultant,
                    'section', a.section,
                    'slot', a.slot,
                    'appointment_status', a.appointment_status,
                    'slots_time', s.slots_time,
                    'price', COALESCE(s.&quot;Price&quot;, '')::text,  -- Use &quot;Price&quot; with quotes for case-sensitivity
                    'branch_name', b.branch_name,
                    'consultant_name', r.name,
                    'section_name', sec.section_name,
                    'full_name', a.full_name,
                    'mobile_no', a.mobile_no,
                    'email_id', a.email_id,
                    'locations', a.locations,
                    'startdate', a.startdate,
                    'dates', a.dates,  -- Include 'dates' column
                    'created_at', a.created_at
                )
            )
    )
                         FROM tbl_appointment a
    LEFT JOIN tbl_slots s ON CAST(a.slot AS INTEGER) = s.id
    LEFT JOIN tbl_register r ON a.consultant = r.id
    LEFT JOIN tbl_branch b ON a.branch = b.id
    LEFT JOIN tbl_section sec ON a.section = sec.id
    WHERE a.is_deleted = 'N'
    AND a.appointment_status = 'PE'  -- Only pending appointments
    AND a.dates &lt;= CURRENT_DATE
CONTEXT:  PL/pgSQL function get_pending_appointments() line 4 at SQL statement
[Method: GET, Route: get_pending_appointments]
in SYSTEMPATH\Database\BaseConnection.php on line 676.
 1 APPPATH\Controllers\Home.php(1696): CodeIgniter\Database\BaseConnection->query('CALL get_pending_appointments(?)', [...])
 2 SYSTEMPATH\CodeIgniter.php(933): App\Controllers\Home->getPendingAppointments()
 3 SYSTEMPATH\CodeIgniter.php(509): CodeIgniter\CodeIgniter->runController(Object(App\Controllers\Home))
 4 SYSTEMPATH\CodeIgniter.php(355): CodeIgniter\CodeIgniter->handleRequest(null, Object(Config\Cache), false)
 5 SYSTEMPATH\Boot.php(312): CodeIgniter\CodeIgniter->run()
 6 SYSTEMPATH\Boot.php(67): CodeIgniter\Boot::runCodeIgniter(Object(CodeIgniter\CodeIgniter))
 7 FCPATH\index.php(56): CodeIgniter\Boot::bootWeb(Object(Config\Paths))
CRITICAL - 2025-03-24 06:36:00 --> [Caused by] CodeIgniter\Database\Exceptions\DatabaseException: pg_query(): Query failed: ERROR:  column s.Price does not exist
LINE 13:                     'price', COALESCE(s.&quot;Price&quot;, '')::text, ...
                                               ^
HINT:  Perhaps you meant to reference the column &quot;s.price&quot;.
QUERY:  SELECT jsonb_build_object(
            'status', 200,
            'message', 'Pending appointments retrieved successfully',
            'data', jsonb_agg(
                jsonb_build_object(
                    'id', a.id,
                    'branch', a.branch,
                    'consultant', a.consultant,
                    'section', a.section,
                    'slot', a.slot,
                    'appointment_status', a.appointment_status,
                    'slots_time', s.slots_time,
                    'price', COALESCE(s.&quot;Price&quot;, '')::text,  -- Use &quot;Price&quot; with quotes for case-sensitivity
                    'branch_name', b.branch_name,
                    'consultant_name', r.name,
                    'section_name', sec.section_name,
                    'full_name', a.full_name,
                    'mobile_no', a.mobile_no,
                    'email_id', a.email_id,
                    'locations', a.locations,
                    'startdate', a.startdate,
                    'dates', a.dates,  -- Include 'dates' column
                    'created_at', a.created_at
                )
            )
    )
                         FROM tbl_appointment a
    LEFT JOIN tbl_slots s ON CAST(a.slot AS INTEGER) = s.id
    LEFT JOIN tbl_register r ON a.consultant = r.id
    LEFT JOIN tbl_branch b ON a.branch = b.id
    LEFT JOIN tbl_section sec ON a.section = sec.id
    WHERE a.is_deleted = 'N'
    AND a.appointment_status = 'PE'  -- Only pending appointments
    AND a.dates &lt;= CURRENT_DATE
CONTEXT:  PL/pgSQL function get_pending_appointments() line 4 at SQL statement
in SYSTEMPATH\Database\Postgre\Connection.php on line 198.
 1 SYSTEMPATH\Database\BaseConnection.php(722): CodeIgniter\Database\Postgre\Connection->execute('CALL get_pending_appointments(NULL)')
 2 SYSTEMPATH\Database\BaseConnection.php(636): CodeIgniter\Database\BaseConnection->simpleQuery('CALL get_pending_appointments(NULL)')
 3 APPPATH\Controllers\Home.php(1696): CodeIgniter\Database\BaseConnection->query('CALL get_pending_appointments(?)', [...])
 4 SYSTEMPATH\CodeIgniter.php(933): App\Controllers\Home->getPendingAppointments()
 5 SYSTEMPATH\CodeIgniter.php(509): CodeIgniter\CodeIgniter->runController(Object(App\Controllers\Home))
 6 SYSTEMPATH\CodeIgniter.php(355): CodeIgniter\CodeIgniter->handleRequest(null, Object(Config\Cache), false)
 7 SYSTEMPATH\Boot.php(312): CodeIgniter\CodeIgniter->run()
 8 SYSTEMPATH\Boot.php(67): CodeIgniter\Boot::runCodeIgniter(Object(CodeIgniter\CodeIgniter))
 9 FCPATH\index.php(56): CodeIgniter\Boot::bootWeb(Object(Config\Paths))
CRITICAL - 2025-03-24 06:36:00 --> [Caused by] ErrorException: pg_query(): Query failed: ERROR:  column s.Price does not exist
LINE 13:                     'price', COALESCE(s.&quot;Price&quot;, '')::text, ...
                                               ^
HINT:  Perhaps you meant to reference the column &quot;s.price&quot;.
QUERY:  SELECT jsonb_build_object(
            'status', 200,
            'message', 'Pending appointments retrieved successfully',
            'data', jsonb_agg(
                jsonb_build_object(
                    'id', a.id,
                    'branch', a.branch,
                    'consultant', a.consultant,
                    'section', a.section,
                    'slot', a.slot,
                    'appointment_status', a.appointment_status,
                    'slots_time', s.slots_time,
                    'price', COALESCE(s.&quot;Price&quot;, '')::text,  -- Use &quot;Price&quot; with quotes for case-sensitivity
                    'branch_name', b.branch_name,
                    'consultant_name', r.name,
                    'section_name', sec.section_name,
                    'full_name', a.full_name,
                    'mobile_no', a.mobile_no,
                    'email_id', a.email_id,
                    'locations', a.locations,
                    'startdate', a.startdate,
                    'dates', a.dates,  -- Include 'dates' column
                    'created_at', a.created_at
                )
            )
    )
                         FROM tbl_appointment a
    LEFT JOIN tbl_slots s ON CAST(a.slot AS INTEGER) = s.id
    LEFT JOIN tbl_register r ON a.consultant = r.id
    LEFT JOIN tbl_branch b ON a.branch = b.id
    LEFT JOIN tbl_section sec ON a.section = sec.id
    WHERE a.is_deleted = 'N'
    AND a.appointment_status = 'PE'  -- Only pending appointments
    AND a.dates &lt;= CURRENT_DATE
CONTEXT:  PL/pgSQL function get_pending_appointments() line 4 at SQL statement
in SYSTEMPATH\Database\Postgre\Connection.php on line 193.
 1 [internal function]: CodeIgniter\Debug\Exceptions->errorHandler(2, 'pg_query(): Query failed: ERROR:  column s.Price does not exist
LINE 13:                     \'price\', COALESCE(s.&quot;Price&quot;, \'\')::text, ...
                                               ^
HINT:  Perhaps you meant to reference the column &quot;s.price&quot;.
QUERY:  SELECT jsonb_build_object(
            \'status\', 200,
            \'message\', \'Pending appointments retrieved successfully\',
            \'data\', jsonb_agg(
                jsonb_build_object(
                    \'id\', a.id,
                    \'branch\', a.branch,
                    \'consultant\', a.consultant,
                    \'section\', a.section,
                    \'slot\', a.slot,
                    \'appointment_status\', a.appointment_status,
                    \'slots_time\', s.slots_time,
                    \'price\', COALESCE(s.&quot;Price&quot;, \'\')::text,  -- Use &quot;Price&quot; with quotes for case-sensitivity
                    \'branch_name\', b.branch_name,
                    \'consultant_name\', r.name,
                    \'section_name\', sec.section_name,
                    \'full_name\', a.full_name,
                    \'mobile_no\', a.mobile_no,
                    \'email_id\', a.email_id,
                    \'locations\', a.locations,
                    \'startdate\', a.startdate,
                    \'dates\', a.dates,  -- Include \'dates\' column
                    \'created_at\', a.created_at
                )
            )
    )
                         FROM tbl_appointment a
    LEFT JOIN tbl_slots s ON CAST(a.slot AS INTEGER) = s.id
    LEFT JOIN tbl_register r ON a.consultant = r.id
    LEFT JOIN tbl_branch b ON a.branch = b.id
    LEFT JOIN tbl_section sec ON a.section = sec.id
    WHERE a.is_deleted = \'N\'
    AND a.appointment_status = \'PE\'  -- Only pending appointments
    AND a.dates &lt;= CURRENT_DATE
CONTEXT:  PL/pgSQL function get_pending_appointments() line 4 at SQL statement', 'C:\\xampp\\htdocs\\salonClinic\\system\\Database\\Postgre\\Connection.php', 193)
 2 SYSTEMPATH\Database\Postgre\Connection.php(193): pg_query(Object(PgSql\Connection), 'CALL get_pending_appointments(NULL)')
 3 SYSTEMPATH\Database\BaseConnection.php(722): CodeIgniter\Database\Postgre\Connection->execute('CALL get_pending_appointments(NULL)')
 4 SYSTEMPATH\Database\BaseConnection.php(636): CodeIgniter\Database\BaseConnection->simpleQuery('CALL get_pending_appointments(NULL)')
 5 APPPATH\Controllers\Home.php(1696): CodeIgniter\Database\BaseConnection->query('CALL get_pending_appointments(?)', [...])
 6 SYSTEMPATH\CodeIgniter.php(933): App\Controllers\Home->getPendingAppointments()
 7 SYSTEMPATH\CodeIgniter.php(509): CodeIgniter\CodeIgniter->runController(Object(App\Controllers\Home))
 8 SYSTEMPATH\CodeIgniter.php(355): CodeIgniter\CodeIgniter->handleRequest(null, Object(Config\Cache), false)
 9 SYSTEMPATH\Boot.php(312): CodeIgniter\CodeIgniter->run()
10 SYSTEMPATH\Boot.php(67): CodeIgniter\Boot::runCodeIgniter(Object(CodeIgniter\CodeIgniter))
11 FCPATH\index.php(56): CodeIgniter\Boot::bootWeb(Object(Config\Paths))
ERROR - 2025-03-24 06:37:40 --> ErrorException: pg_query(): Query failed: ERROR:  Record creation failed: duplicate key value violates unique constraint &quot;tbl_chairs_chair_number_key&quot;
CONTEXT:  PL/pgSQL function dynamic_insert(text,jsonb) line 38 at RAISE in C:\xampp\htdocs\salonClinic\system\Database\Postgre\Connection.php:193
Stack trace:
#0 [internal function]: CodeIgniter\Debug\Exceptions->errorHandler(2, 'pg_query(): Que...', 'C:\\xampp\\htdocs...', 193)
#1 C:\xampp\htdocs\salonClinic\system\Database\Postgre\Connection.php(193): pg_query(Object(PgSql\Connection), 'CALL dynamic_in...')
#2 C:\xampp\htdocs\salonClinic\system\Database\BaseConnection.php(722): CodeIgniter\Database\Postgre\Connection->execute('CALL dynamic_in...')
#3 C:\xampp\htdocs\salonClinic\system\Database\BaseConnection.php(636): CodeIgniter\Database\BaseConnection->simpleQuery('CALL dynamic_in...')
#4 C:\xampp\htdocs\salonClinic\app\Controllers\Home.php(348): CodeIgniter\Database\BaseConnection->query('CALL dynamic_in...', Array)
#5 C:\xampp\htdocs\salonClinic\system\CodeIgniter.php(933): App\Controllers\Home->create('tbl_chairs')
#6 C:\xampp\htdocs\salonClinic\system\CodeIgniter.php(509): CodeIgniter\CodeIgniter->runController(Object(App\Controllers\Home))
#7 C:\xampp\htdocs\salonClinic\system\CodeIgniter.php(355): CodeIgniter\CodeIgniter->handleRequest(NULL, Object(Config\Cache), false)
#8 C:\xampp\htdocs\salonClinic\system\Boot.php(312): CodeIgniter\CodeIgniter->run()
#9 C:\xampp\htdocs\salonClinic\system\Boot.php(67): CodeIgniter\Boot::runCodeIgniter(Object(CodeIgniter\CodeIgniter))
#10 C:\xampp\htdocs\salonClinic\index.php(56): CodeIgniter\Boot::bootWeb(Object(Config\Paths))
#11 {main}
CRITICAL - 2025-03-24 06:37:40 --> CodeIgniter\Database\Exceptions\DatabaseException: pg_query(): Query failed: ERROR:  Record creation failed: duplicate key value violates unique constraint &quot;tbl_chairs_chair_number_key&quot;
CONTEXT:  PL/pgSQL function dynamic_insert(text,jsonb) line 38 at RAISE
[Method: POST, Route: create/tbl_chairs]
in SYSTEMPATH\Database\BaseConnection.php on line 676.
 1 APPPATH\Controllers\Home.php(348): CodeIgniter\Database\BaseConnection->query('CALL dynamic_insert(?, ?::jsonb)', [...])
 2 SYSTEMPATH\CodeIgniter.php(933): App\Controllers\Home->create('tbl_chairs')
 3 SYSTEMPATH\CodeIgniter.php(509): CodeIgniter\CodeIgniter->runController(Object(App\Controllers\Home))
 4 SYSTEMPATH\CodeIgniter.php(355): CodeIgniter\CodeIgniter->handleRequest(null, Object(Config\Cache), false)
 5 SYSTEMPATH\Boot.php(312): CodeIgniter\CodeIgniter->run()
 6 SYSTEMPATH\Boot.php(67): CodeIgniter\Boot::runCodeIgniter(Object(CodeIgniter\CodeIgniter))
 7 FCPATH\index.php(56): CodeIgniter\Boot::bootWeb(Object(Config\Paths))
CRITICAL - 2025-03-24 06:37:40 --> [Caused by] CodeIgniter\Database\Exceptions\DatabaseException: pg_query(): Query failed: ERROR:  Record creation failed: duplicate key value violates unique constraint &quot;tbl_chairs_chair_number_key&quot;
CONTEXT:  PL/pgSQL function dynamic_insert(text,jsonb) line 38 at RAISE
in SYSTEMPATH\Database\Postgre\Connection.php on line 198.
 1 SYSTEMPATH\Database\BaseConnection.php(722): CodeIgniter\Database\Postgre\Connection->execute('CALL dynamic_insert(\'tbl_chairs\', \'{"chair_name":"Chair C","location":"Room 1"}\'::jsonb)')
 2 SYSTEMPATH\Database\BaseConnection.php(636): CodeIgniter\Database\BaseConnection->simpleQuery('CALL dynamic_insert(\'tbl_chairs\', \'{"chair_name":"Chair C","location":"Room 1"}\'::jsonb)')
 3 APPPATH\Controllers\Home.php(348): CodeIgniter\Database\BaseConnection->query('CALL dynamic_insert(?, ?::jsonb)', [...])
 4 SYSTEMPATH\CodeIgniter.php(933): App\Controllers\Home->create('tbl_chairs')
 5 SYSTEMPATH\CodeIgniter.php(509): CodeIgniter\CodeIgniter->runController(Object(App\Controllers\Home))
 6 SYSTEMPATH\CodeIgniter.php(355): CodeIgniter\CodeIgniter->handleRequest(null, Object(Config\Cache), false)
 7 SYSTEMPATH\Boot.php(312): CodeIgniter\CodeIgniter->run()
 8 SYSTEMPATH\Boot.php(67): CodeIgniter\Boot::runCodeIgniter(Object(CodeIgniter\CodeIgniter))
 9 FCPATH\index.php(56): CodeIgniter\Boot::bootWeb(Object(Config\Paths))
CRITICAL - 2025-03-24 06:37:40 --> [Caused by] ErrorException: pg_query(): Query failed: ERROR:  Record creation failed: duplicate key value violates unique constraint &quot;tbl_chairs_chair_number_key&quot;
CONTEXT:  PL/pgSQL function dynamic_insert(text,jsonb) line 38 at RAISE
in SYSTEMPATH\Database\Postgre\Connection.php on line 193.
 1 [internal function]: CodeIgniter\Debug\Exceptions->errorHandler(2, 'pg_query(): Query failed: ERROR:  Record creation failed: duplicate key value violates unique constraint &quot;tbl_chairs_chair_number_key&quot;
CONTEXT:  PL/pgSQL function dynamic_insert(text,jsonb) line 38 at RAISE', 'C:\\xampp\\htdocs\\salonClinic\\system\\Database\\Postgre\\Connection.php', 193)
 2 SYSTEMPATH\Database\Postgre\Connection.php(193): pg_query(Object(PgSql\Connection), 'CALL dynamic_insert(\'tbl_chairs\', \'{"chair_name":"Chair C","location":"Room 1"}\'::jsonb)')
 3 SYSTEMPATH\Database\BaseConnection.php(722): CodeIgniter\Database\Postgre\Connection->execute('CALL dynamic_insert(\'tbl_chairs\', \'{"chair_name":"Chair C","location":"Room 1"}\'::jsonb)')
 4 SYSTEMPATH\Database\BaseConnection.php(636): CodeIgniter\Database\BaseConnection->simpleQuery('CALL dynamic_insert(\'tbl_chairs\', \'{"chair_name":"Chair C","location":"Room 1"}\'::jsonb)')
 5 APPPATH\Controllers\Home.php(348): CodeIgniter\Database\BaseConnection->query('CALL dynamic_insert(?, ?::jsonb)', [...])
 6 SYSTEMPATH\CodeIgniter.php(933): App\Controllers\Home->create('tbl_chairs')
 7 SYSTEMPATH\CodeIgniter.php(509): CodeIgniter\CodeIgniter->runController(Object(App\Controllers\Home))
 8 SYSTEMPATH\CodeIgniter.php(355): CodeIgniter\CodeIgniter->handleRequest(null, Object(Config\Cache), false)
 9 SYSTEMPATH\Boot.php(312): CodeIgniter\CodeIgniter->run()
10 SYSTEMPATH\Boot.php(67): CodeIgniter\Boot::runCodeIgniter(Object(CodeIgniter\CodeIgniter))
11 FCPATH\index.php(56): CodeIgniter\Boot::bootWeb(Object(Config\Paths))
ERROR - 2025-03-24 06:52:00 --> ErrorException: pg_query(): Query failed: ERROR:  column s.Price does not exist
LINE 13:                     'price', COALESCE(s.&quot;Price&quot;, '')::text, ...
                                               ^
HINT:  Perhaps you meant to reference the column &quot;s.price&quot;.
QUERY:  SELECT jsonb_build_object(
            'status', 200,
            'message', 'Pending appointments retrieved successfully',
            'data', jsonb_agg(
                jsonb_build_object(
                    'id', a.id,
                    'branch', a.branch,
                    'consultant', a.consultant,
                    'section', a.section,
                    'slot', a.slot,
                    'appointment_status', a.appointment_status,
                    'slots_time', s.slots_time,
                    'price', COALESCE(s.&quot;Price&quot;, '')::text,  -- Use &quot;Price&quot; with quotes for case-sensitivity
                    'branch_name', b.branch_name,
                    'consultant_name', r.name,
                    'section_name', sec.section_name,
                    'full_name', a.full_name,
                    'mobile_no', a.mobile_no,
                    'email_id', a.email_id,
                    'locations', a.locations,
                    'startdate', a.startdate,
                    'dates', a.dates,  -- Include 'dates' column
                    'created_at', a.created_at
                )
            )
    )
                         FROM tbl_appointment a
    LEFT JOIN tbl_slots s ON CAST(a.slot AS INTEGER) = s.id
    LEFT JOIN tbl_register r ON a.consultant = r.id
    LEFT JOIN tbl_branch b ON a.branch = b.id
    LEFT JOIN tbl_section sec ON a.section = sec.id
    WHERE a.is_deleted = 'N'
    AND a.appointment_status = 'PE'  -- Only pending appointments
    AND a.dates &lt;= CURRENT_DATE
CONTEXT:  PL/pgSQL function get_pending_appointments() line 4 at SQL statement in C:\xampp\htdocs\salonClinic\system\Database\Postgre\Connection.php:193
Stack trace:
#0 [internal function]: CodeIgniter\Debug\Exceptions->errorHandler(2, 'pg_query(): Que...', 'C:\\xampp\\htdocs...', 193)
#1 C:\xampp\htdocs\salonClinic\system\Database\Postgre\Connection.php(193): pg_query(Object(PgSql\Connection), 'CALL get_pendin...')
#2 C:\xampp\htdocs\salonClinic\system\Database\BaseConnection.php(722): CodeIgniter\Database\Postgre\Connection->execute('CALL get_pendin...')
#3 C:\xampp\htdocs\salonClinic\system\Database\BaseConnection.php(636): CodeIgniter\Database\BaseConnection->simpleQuery('CALL get_pendin...')
#4 C:\xampp\htdocs\salonClinic\app\Controllers\Home.php(1696): CodeIgniter\Database\BaseConnection->query('CALL get_pendin...', Array)
#5 C:\xampp\htdocs\salonClinic\system\CodeIgniter.php(933): App\Controllers\Home->getPendingAppointments()
#6 C:\xampp\htdocs\salonClinic\system\CodeIgniter.php(509): CodeIgniter\CodeIgniter->runController(Object(App\Controllers\Home))
#7 C:\xampp\htdocs\salonClinic\system\CodeIgniter.php(355): CodeIgniter\CodeIgniter->handleRequest(NULL, Object(Config\Cache), false)
#8 C:\xampp\htdocs\salonClinic\system\Boot.php(312): CodeIgniter\CodeIgniter->run()
#9 C:\xampp\htdocs\salonClinic\system\Boot.php(67): CodeIgniter\Boot::runCodeIgniter(Object(CodeIgniter\CodeIgniter))
#10 C:\xampp\htdocs\salonClinic\index.php(56): CodeIgniter\Boot::bootWeb(Object(Config\Paths))
#11 {main}
CRITICAL - 2025-03-24 06:52:00 --> CodeIgniter\Database\Exceptions\DatabaseException: pg_query(): Query failed: ERROR:  column s.Price does not exist
LINE 13:                     'price', COALESCE(s.&quot;Price&quot;, '')::text, ...
                                               ^
HINT:  Perhaps you meant to reference the column &quot;s.price&quot;.
QUERY:  SELECT jsonb_build_object(
            'status', 200,
            'message', 'Pending appointments retrieved successfully',
            'data', jsonb_agg(
                jsonb_build_object(
                    'id', a.id,
                    'branch', a.branch,
                    'consultant', a.consultant,
                    'section', a.section,
                    'slot', a.slot,
                    'appointment_status', a.appointment_status,
                    'slots_time', s.slots_time,
                    'price', COALESCE(s.&quot;Price&quot;, '')::text,  -- Use &quot;Price&quot; with quotes for case-sensitivity
                    'branch_name', b.branch_name,
                    'consultant_name', r.name,
                    'section_name', sec.section_name,
                    'full_name', a.full_name,
                    'mobile_no', a.mobile_no,
                    'email_id', a.email_id,
                    'locations', a.locations,
                    'startdate', a.startdate,
                    'dates', a.dates,  -- Include 'dates' column
                    'created_at', a.created_at
                )
            )
    )
                         FROM tbl_appointment a
    LEFT JOIN tbl_slots s ON CAST(a.slot AS INTEGER) = s.id
    LEFT JOIN tbl_register r ON a.consultant = r.id
    LEFT JOIN tbl_branch b ON a.branch = b.id
    LEFT JOIN tbl_section sec ON a.section = sec.id
    WHERE a.is_deleted = 'N'
    AND a.appointment_status = 'PE'  -- Only pending appointments
    AND a.dates &lt;= CURRENT_DATE
CONTEXT:  PL/pgSQL function get_pending_appointments() line 4 at SQL statement
[Method: GET, Route: get_pending_appointments]
in SYSTEMPATH\Database\BaseConnection.php on line 676.
 1 APPPATH\Controllers\Home.php(1696): CodeIgniter\Database\BaseConnection->query('CALL get_pending_appointments(?)', [...])
 2 SYSTEMPATH\CodeIgniter.php(933): App\Controllers\Home->getPendingAppointments()
 3 SYSTEMPATH\CodeIgniter.php(509): CodeIgniter\CodeIgniter->runController(Object(App\Controllers\Home))
 4 SYSTEMPATH\CodeIgniter.php(355): CodeIgniter\CodeIgniter->handleRequest(null, Object(Config\Cache), false)
 5 SYSTEMPATH\Boot.php(312): CodeIgniter\CodeIgniter->run()
 6 SYSTEMPATH\Boot.php(67): CodeIgniter\Boot::runCodeIgniter(Object(CodeIgniter\CodeIgniter))
 7 FCPATH\index.php(56): CodeIgniter\Boot::bootWeb(Object(Config\Paths))
CRITICAL - 2025-03-24 06:52:00 --> [Caused by] CodeIgniter\Database\Exceptions\DatabaseException: pg_query(): Query failed: ERROR:  column s.Price does not exist
LINE 13:                     'price', COALESCE(s.&quot;Price&quot;, '')::text, ...
                                               ^
HINT:  Perhaps you meant to reference the column &quot;s.price&quot;.
QUERY:  SELECT jsonb_build_object(
            'status', 200,
            'message', 'Pending appointments retrieved successfully',
            'data', jsonb_agg(
                jsonb_build_object(
                    'id', a.id,
                    'branch', a.branch,
                    'consultant', a.consultant,
                    'section', a.section,
                    'slot', a.slot,
                    'appointment_status', a.appointment_status,
                    'slots_time', s.slots_time,
                    'price', COALESCE(s.&quot;Price&quot;, '')::text,  -- Use &quot;Price&quot; with quotes for case-sensitivity
                    'branch_name', b.branch_name,
                    'consultant_name', r.name,
                    'section_name', sec.section_name,
                    'full_name', a.full_name,
                    'mobile_no', a.mobile_no,
                    'email_id', a.email_id,
                    'locations', a.locations,
                    'startdate', a.startdate,
                    'dates', a.dates,  -- Include 'dates' column
                    'created_at', a.created_at
                )
            )
    )
                         FROM tbl_appointment a
    LEFT JOIN tbl_slots s ON CAST(a.slot AS INTEGER) = s.id
    LEFT JOIN tbl_register r ON a.consultant = r.id
    LEFT JOIN tbl_branch b ON a.branch = b.id
    LEFT JOIN tbl_section sec ON a.section = sec.id
    WHERE a.is_deleted = 'N'
    AND a.appointment_status = 'PE'  -- Only pending appointments
    AND a.dates &lt;= CURRENT_DATE
CONTEXT:  PL/pgSQL function get_pending_appointments() line 4 at SQL statement
in SYSTEMPATH\Database\Postgre\Connection.php on line 198.
 1 SYSTEMPATH\Database\BaseConnection.php(722): CodeIgniter\Database\Postgre\Connection->execute('CALL get_pending_appointments(NULL)')
 2 SYSTEMPATH\Database\BaseConnection.php(636): CodeIgniter\Database\BaseConnection->simpleQuery('CALL get_pending_appointments(NULL)')
 3 APPPATH\Controllers\Home.php(1696): CodeIgniter\Database\BaseConnection->query('CALL get_pending_appointments(?)', [...])
 4 SYSTEMPATH\CodeIgniter.php(933): App\Controllers\Home->getPendingAppointments()
 5 SYSTEMPATH\CodeIgniter.php(509): CodeIgniter\CodeIgniter->runController(Object(App\Controllers\Home))
 6 SYSTEMPATH\CodeIgniter.php(355): CodeIgniter\CodeIgniter->handleRequest(null, Object(Config\Cache), false)
 7 SYSTEMPATH\Boot.php(312): CodeIgniter\CodeIgniter->run()
 8 SYSTEMPATH\Boot.php(67): CodeIgniter\Boot::runCodeIgniter(Object(CodeIgniter\CodeIgniter))
 9 FCPATH\index.php(56): CodeIgniter\Boot::bootWeb(Object(Config\Paths))
CRITICAL - 2025-03-24 06:52:00 --> [Caused by] ErrorException: pg_query(): Query failed: ERROR:  column s.Price does not exist
LINE 13:                     'price', COALESCE(s.&quot;Price&quot;, '')::text, ...
                                               ^
HINT:  Perhaps you meant to reference the column &quot;s.price&quot;.
QUERY:  SELECT jsonb_build_object(
            'status', 200,
            'message', 'Pending appointments retrieved successfully',
            'data', jsonb_agg(
                jsonb_build_object(
                    'id', a.id,
                    'branch', a.branch,
                    'consultant', a.consultant,
                    'section', a.section,
                    'slot', a.slot,
                    'appointment_status', a.appointment_status,
                    'slots_time', s.slots_time,
                    'price', COALESCE(s.&quot;Price&quot;, '')::text,  -- Use &quot;Price&quot; with quotes for case-sensitivity
                    'branch_name', b.branch_name,
                    'consultant_name', r.name,
                    'section_name', sec.section_name,
                    'full_name', a.full_name,
                    'mobile_no', a.mobile_no,
                    'email_id', a.email_id,
                    'locations', a.locations,
                    'startdate', a.startdate,
                    'dates', a.dates,  -- Include 'dates' column
                    'created_at', a.created_at
                )
            )
    )
                         FROM tbl_appointment a
    LEFT JOIN tbl_slots s ON CAST(a.slot AS INTEGER) = s.id
    LEFT JOIN tbl_register r ON a.consultant = r.id
    LEFT JOIN tbl_branch b ON a.branch = b.id
    LEFT JOIN tbl_section sec ON a.section = sec.id
    WHERE a.is_deleted = 'N'
    AND a.appointment_status = 'PE'  -- Only pending appointments
    AND a.dates &lt;= CURRENT_DATE
CONTEXT:  PL/pgSQL function get_pending_appointments() line 4 at SQL statement
in SYSTEMPATH\Database\Postgre\Connection.php on line 193.
 1 [internal function]: CodeIgniter\Debug\Exceptions->errorHandler(2, 'pg_query(): Query failed: ERROR:  column s.Price does not exist
LINE 13:                     \'price\', COALESCE(s.&quot;Price&quot;, \'\')::text, ...
                                               ^
HINT:  Perhaps you meant to reference the column &quot;s.price&quot;.
QUERY:  SELECT jsonb_build_object(
            \'status\', 200,
            \'message\', \'Pending appointments retrieved successfully\',
            \'data\', jsonb_agg(
                jsonb_build_object(
                    \'id\', a.id,
                    \'branch\', a.branch,
                    \'consultant\', a.consultant,
                    \'section\', a.section,
                    \'slot\', a.slot,
                    \'appointment_status\', a.appointment_status,
                    \'slots_time\', s.slots_time,
                    \'price\', COALESCE(s.&quot;Price&quot;, \'\')::text,  -- Use &quot;Price&quot; with quotes for case-sensitivity
                    \'branch_name\', b.branch_name,
                    \'consultant_name\', r.name,
                    \'section_name\', sec.section_name,
                    \'full_name\', a.full_name,
                    \'mobile_no\', a.mobile_no,
                    \'email_id\', a.email_id,
                    \'locations\', a.locations,
                    \'startdate\', a.startdate,
                    \'dates\', a.dates,  -- Include \'dates\' column
                    \'created_at\', a.created_at
                )
            )
    )
                         FROM tbl_appointment a
    LEFT JOIN tbl_slots s ON CAST(a.slot AS INTEGER) = s.id
    LEFT JOIN tbl_register r ON a.consultant = r.id
    LEFT JOIN tbl_branch b ON a.branch = b.id
    LEFT JOIN tbl_section sec ON a.section = sec.id
    WHERE a.is_deleted = \'N\'
    AND a.appointment_status = \'PE\'  -- Only pending appointments
    AND a.dates &lt;= CURRENT_DATE
CONTEXT:  PL/pgSQL function get_pending_appointments() line 4 at SQL statement', 'C:\\xampp\\htdocs\\salonClinic\\system\\Database\\Postgre\\Connection.php', 193)
 2 SYSTEMPATH\Database\Postgre\Connection.php(193): pg_query(Object(PgSql\Connection), 'CALL get_pending_appointments(NULL)')
 3 SYSTEMPATH\Database\BaseConnection.php(722): CodeIgniter\Database\Postgre\Connection->execute('CALL get_pending_appointments(NULL)')
 4 SYSTEMPATH\Database\BaseConnection.php(636): CodeIgniter\Database\BaseConnection->simpleQuery('CALL get_pending_appointments(NULL)')
 5 APPPATH\Controllers\Home.php(1696): CodeIgniter\Database\BaseConnection->query('CALL get_pending_appointments(?)', [...])
 6 SYSTEMPATH\CodeIgniter.php(933): App\Controllers\Home->getPendingAppointments()
 7 SYSTEMPATH\CodeIgniter.php(509): CodeIgniter\CodeIgniter->runController(Object(App\Controllers\Home))
 8 SYSTEMPATH\CodeIgniter.php(355): CodeIgniter\CodeIgniter->handleRequest(null, Object(Config\Cache), false)
 9 SYSTEMPATH\Boot.php(312): CodeIgniter\CodeIgniter->run()
10 SYSTEMPATH\Boot.php(67): CodeIgniter\Boot::runCodeIgniter(Object(CodeIgniter\CodeIgniter))
11 FCPATH\index.php(56): CodeIgniter\Boot::bootWeb(Object(Config\Paths))
ERROR - 2025-03-24 07:04:09 --> ErrorException: pg_query(): Query failed: ERROR:  Record creation failed: duplicate key value violates unique constraint &quot;tbl_chairs_chair_number_key&quot;
CONTEXT:  PL/pgSQL function dynamic_insert(text,jsonb) line 38 at RAISE in C:\xampp\htdocs\salonClinic\system\Database\Postgre\Connection.php:193
Stack trace:
#0 [internal function]: CodeIgniter\Debug\Exceptions->errorHandler(2, 'pg_query(): Que...', 'C:\\xampp\\htdocs...', 193)
#1 C:\xampp\htdocs\salonClinic\system\Database\Postgre\Connection.php(193): pg_query(Object(PgSql\Connection), 'CALL dynamic_in...')
#2 C:\xampp\htdocs\salonClinic\system\Database\BaseConnection.php(722): CodeIgniter\Database\Postgre\Connection->execute('CALL dynamic_in...')
#3 C:\xampp\htdocs\salonClinic\system\Database\BaseConnection.php(636): CodeIgniter\Database\BaseConnection->simpleQuery('CALL dynamic_in...')
#4 C:\xampp\htdocs\salonClinic\app\Controllers\Home.php(348): CodeIgniter\Database\BaseConnection->query('CALL dynamic_in...', Array)
#5 C:\xampp\htdocs\salonClinic\system\CodeIgniter.php(933): App\Controllers\Home->create('tbl_chairs')
#6 C:\xampp\htdocs\salonClinic\system\CodeIgniter.php(509): CodeIgniter\CodeIgniter->runController(Object(App\Controllers\Home))
#7 C:\xampp\htdocs\salonClinic\system\CodeIgniter.php(355): CodeIgniter\CodeIgniter->handleRequest(NULL, Object(Config\Cache), false)
#8 C:\xampp\htdocs\salonClinic\system\Boot.php(312): CodeIgniter\CodeIgniter->run()
#9 C:\xampp\htdocs\salonClinic\system\Boot.php(67): CodeIgniter\Boot::runCodeIgniter(Object(CodeIgniter\CodeIgniter))
#10 C:\xampp\htdocs\salonClinic\index.php(56): CodeIgniter\Boot::bootWeb(Object(Config\Paths))
#11 {main}
CRITICAL - 2025-03-24 07:04:09 --> CodeIgniter\Database\Exceptions\DatabaseException: pg_query(): Query failed: ERROR:  Record creation failed: duplicate key value violates unique constraint &quot;tbl_chairs_chair_number_key&quot;
CONTEXT:  PL/pgSQL function dynamic_insert(text,jsonb) line 38 at RAISE
[Method: POST, Route: create/tbl_chairs]
in SYSTEMPATH\Database\BaseConnection.php on line 676.
 1 APPPATH\Controllers\Home.php(348): CodeIgniter\Database\BaseConnection->query('CALL dynamic_insert(?, ?::jsonb)', [...])
 2 SYSTEMPATH\CodeIgniter.php(933): App\Controllers\Home->create('tbl_chairs')
 3 SYSTEMPATH\CodeIgniter.php(509): CodeIgniter\CodeIgniter->runController(Object(App\Controllers\Home))
 4 SYSTEMPATH\CodeIgniter.php(355): CodeIgniter\CodeIgniter->handleRequest(null, Object(Config\Cache), false)
 5 SYSTEMPATH\Boot.php(312): CodeIgniter\CodeIgniter->run()
 6 SYSTEMPATH\Boot.php(67): CodeIgniter\Boot::runCodeIgniter(Object(CodeIgniter\CodeIgniter))
 7 FCPATH\index.php(56): CodeIgniter\Boot::bootWeb(Object(Config\Paths))
CRITICAL - 2025-03-24 07:04:09 --> [Caused by] CodeIgniter\Database\Exceptions\DatabaseException: pg_query(): Query failed: ERROR:  Record creation failed: duplicate key value violates unique constraint &quot;tbl_chairs_chair_number_key&quot;
CONTEXT:  PL/pgSQL function dynamic_insert(text,jsonb) line 38 at RAISE
in SYSTEMPATH\Database\Postgre\Connection.php on line 198.
 1 SYSTEMPATH\Database\BaseConnection.php(722): CodeIgniter\Database\Postgre\Connection->execute('CALL dynamic_insert(\'tbl_chairs\', \'{"chair_name":"Chair D","location":"Room 1"}\'::jsonb)')
 2 SYSTEMPATH\Database\BaseConnection.php(636): CodeIgniter\Database\BaseConnection->simpleQuery('CALL dynamic_insert(\'tbl_chairs\', \'{"chair_name":"Chair D","location":"Room 1"}\'::jsonb)')
 3 APPPATH\Controllers\Home.php(348): CodeIgniter\Database\BaseConnection->query('CALL dynamic_insert(?, ?::jsonb)', [...])
 4 SYSTEMPATH\CodeIgniter.php(933): App\Controllers\Home->create('tbl_chairs')
 5 SYSTEMPATH\CodeIgniter.php(509): CodeIgniter\CodeIgniter->runController(Object(App\Controllers\Home))
 6 SYSTEMPATH\CodeIgniter.php(355): CodeIgniter\CodeIgniter->handleRequest(null, Object(Config\Cache), false)
 7 SYSTEMPATH\Boot.php(312): CodeIgniter\CodeIgniter->run()
 8 SYSTEMPATH\Boot.php(67): CodeIgniter\Boot::runCodeIgniter(Object(CodeIgniter\CodeIgniter))
 9 FCPATH\index.php(56): CodeIgniter\Boot::bootWeb(Object(Config\Paths))
CRITICAL - 2025-03-24 07:04:09 --> [Caused by] ErrorException: pg_query(): Query failed: ERROR:  Record creation failed: duplicate key value violates unique constraint &quot;tbl_chairs_chair_number_key&quot;
CONTEXT:  PL/pgSQL function dynamic_insert(text,jsonb) line 38 at RAISE
in SYSTEMPATH\Database\Postgre\Connection.php on line 193.
 1 [internal function]: CodeIgniter\Debug\Exceptions->errorHandler(2, 'pg_query(): Query failed: ERROR:  Record creation failed: duplicate key value violates unique constraint &quot;tbl_chairs_chair_number_key&quot;
CONTEXT:  PL/pgSQL function dynamic_insert(text,jsonb) line 38 at RAISE', 'C:\\xampp\\htdocs\\salonClinic\\system\\Database\\Postgre\\Connection.php', 193)
 2 SYSTEMPATH\Database\Postgre\Connection.php(193): pg_query(Object(PgSql\Connection), 'CALL dynamic_insert(\'tbl_chairs\', \'{"chair_name":"Chair D","location":"Room 1"}\'::jsonb)')
 3 SYSTEMPATH\Database\BaseConnection.php(722): CodeIgniter\Database\Postgre\Connection->execute('CALL dynamic_insert(\'tbl_chairs\', \'{"chair_name":"Chair D","location":"Room 1"}\'::jsonb)')
 4 SYSTEMPATH\Database\BaseConnection.php(636): CodeIgniter\Database\BaseConnection->simpleQuery('CALL dynamic_insert(\'tbl_chairs\', \'{"chair_name":"Chair D","location":"Room 1"}\'::jsonb)')
 5 APPPATH\Controllers\Home.php(348): CodeIgniter\Database\BaseConnection->query('CALL dynamic_insert(?, ?::jsonb)', [...])
 6 SYSTEMPATH\CodeIgniter.php(933): App\Controllers\Home->create('tbl_chairs')
 7 SYSTEMPATH\CodeIgniter.php(509): CodeIgniter\CodeIgniter->runController(Object(App\Controllers\Home))
 8 SYSTEMPATH\CodeIgniter.php(355): CodeIgniter\CodeIgniter->handleRequest(null, Object(Config\Cache), false)
 9 SYSTEMPATH\Boot.php(312): CodeIgniter\CodeIgniter->run()
10 SYSTEMPATH\Boot.php(67): CodeIgniter\Boot::runCodeIgniter(Object(CodeIgniter\CodeIgniter))
11 FCPATH\index.php(56): CodeIgniter\Boot::bootWeb(Object(Config\Paths))
ERROR - 2025-03-24 07:07:13 --> ErrorException: pg_query(): Query failed: ERROR:  column s.Price does not exist
LINE 13:                     'price', COALESCE(s.&quot;Price&quot;, '')::text, ...
                                               ^
HINT:  Perhaps you meant to reference the column &quot;s.price&quot;.
QUERY:  SELECT jsonb_build_object(
            'status', 200,
            'message', 'Pending appointments retrieved successfully',
            'data', jsonb_agg(
                jsonb_build_object(
                    'id', a.id,
                    'branch', a.branch,
                    'consultant', a.consultant,
                    'section', a.section,
                    'slot', a.slot,
                    'appointment_status', a.appointment_status,
                    'slots_time', s.slots_time,
                    'price', COALESCE(s.&quot;Price&quot;, '')::text,  -- Use &quot;Price&quot; with quotes for case-sensitivity
                    'branch_name', b.branch_name,
                    'consultant_name', r.name,
                    'section_name', sec.section_name,
                    'full_name', a.full_name,
                    'mobile_no', a.mobile_no,
                    'email_id', a.email_id,
                    'locations', a.locations,
                    'startdate', a.startdate,
                    'dates', a.dates,  -- Include 'dates' column
                    'created_at', a.created_at
                )
            )
    )
                         FROM tbl_appointment a
    LEFT JOIN tbl_slots s ON CAST(a.slot AS INTEGER) = s.id
    LEFT JOIN tbl_register r ON a.consultant = r.id
    LEFT JOIN tbl_branch b ON a.branch = b.id
    LEFT JOIN tbl_section sec ON a.section = sec.id
    WHERE a.is_deleted = 'N'
    AND a.appointment_status = 'PE'  -- Only pending appointments
    AND a.dates &lt;= CURRENT_DATE
CONTEXT:  PL/pgSQL function get_pending_appointments() line 4 at SQL statement in C:\xampp\htdocs\salonClinic\system\Database\Postgre\Connection.php:193
Stack trace:
#0 [internal function]: CodeIgniter\Debug\Exceptions->errorHandler(2, 'pg_query(): Que...', 'C:\\xampp\\htdocs...', 193)
#1 C:\xampp\htdocs\salonClinic\system\Database\Postgre\Connection.php(193): pg_query(Object(PgSql\Connection), 'CALL get_pendin...')
#2 C:\xampp\htdocs\salonClinic\system\Database\BaseConnection.php(722): CodeIgniter\Database\Postgre\Connection->execute('CALL get_pendin...')
#3 C:\xampp\htdocs\salonClinic\system\Database\BaseConnection.php(636): CodeIgniter\Database\BaseConnection->simpleQuery('CALL get_pendin...')
#4 C:\xampp\htdocs\salonClinic\app\Controllers\Home.php(1696): CodeIgniter\Database\BaseConnection->query('CALL get_pendin...', Array)
#5 C:\xampp\htdocs\salonClinic\system\CodeIgniter.php(933): App\Controllers\Home->getPendingAppointments()
#6 C:\xampp\htdocs\salonClinic\system\CodeIgniter.php(509): CodeIgniter\CodeIgniter->runController(Object(App\Controllers\Home))
#7 C:\xampp\htdocs\salonClinic\system\CodeIgniter.php(355): CodeIgniter\CodeIgniter->handleRequest(NULL, Object(Config\Cache), false)
#8 C:\xampp\htdocs\salonClinic\system\Boot.php(312): CodeIgniter\CodeIgniter->run()
#9 C:\xampp\htdocs\salonClinic\system\Boot.php(67): CodeIgniter\Boot::runCodeIgniter(Object(CodeIgniter\CodeIgniter))
#10 C:\xampp\htdocs\salonClinic\index.php(56): CodeIgniter\Boot::bootWeb(Object(Config\Paths))
#11 {main}
CRITICAL - 2025-03-24 07:07:13 --> CodeIgniter\Database\Exceptions\DatabaseException: pg_query(): Query failed: ERROR:  column s.Price does not exist
LINE 13:                     'price', COALESCE(s.&quot;Price&quot;, '')::text, ...
                                               ^
HINT:  Perhaps you meant to reference the column &quot;s.price&quot;.
QUERY:  SELECT jsonb_build_object(
            'status', 200,
            'message', 'Pending appointments retrieved successfully',
            'data', jsonb_agg(
                jsonb_build_object(
                    'id', a.id,
                    'branch', a.branch,
                    'consultant', a.consultant,
                    'section', a.section,
                    'slot', a.slot,
                    'appointment_status', a.appointment_status,
                    'slots_time', s.slots_time,
                    'price', COALESCE(s.&quot;Price&quot;, '')::text,  -- Use &quot;Price&quot; with quotes for case-sensitivity
                    'branch_name', b.branch_name,
                    'consultant_name', r.name,
                    'section_name', sec.section_name,
                    'full_name', a.full_name,
                    'mobile_no', a.mobile_no,
                    'email_id', a.email_id,
                    'locations', a.locations,
                    'startdate', a.startdate,
                    'dates', a.dates,  -- Include 'dates' column
                    'created_at', a.created_at
                )
            )
    )
                         FROM tbl_appointment a
    LEFT JOIN tbl_slots s ON CAST(a.slot AS INTEGER) = s.id
    LEFT JOIN tbl_register r ON a.consultant = r.id
    LEFT JOIN tbl_branch b ON a.branch = b.id
    LEFT JOIN tbl_section sec ON a.section = sec.id
    WHERE a.is_deleted = 'N'
    AND a.appointment_status = 'PE'  -- Only pending appointments
    AND a.dates &lt;= CURRENT_DATE
CONTEXT:  PL/pgSQL function get_pending_appointments() line 4 at SQL statement
[Method: GET, Route: get_pending_appointments]
in SYSTEMPATH\Database\BaseConnection.php on line 676.
 1 APPPATH\Controllers\Home.php(1696): CodeIgniter\Database\BaseConnection->query('CALL get_pending_appointments(?)', [...])
 2 SYSTEMPATH\CodeIgniter.php(933): App\Controllers\Home->getPendingAppointments()
 3 SYSTEMPATH\CodeIgniter.php(509): CodeIgniter\CodeIgniter->runController(Object(App\Controllers\Home))
 4 SYSTEMPATH\CodeIgniter.php(355): CodeIgniter\CodeIgniter->handleRequest(null, Object(Config\Cache), false)
 5 SYSTEMPATH\Boot.php(312): CodeIgniter\CodeIgniter->run()
 6 SYSTEMPATH\Boot.php(67): CodeIgniter\Boot::runCodeIgniter(Object(CodeIgniter\CodeIgniter))
 7 FCPATH\index.php(56): CodeIgniter\Boot::bootWeb(Object(Config\Paths))
CRITICAL - 2025-03-24 07:07:13 --> [Caused by] CodeIgniter\Database\Exceptions\DatabaseException: pg_query(): Query failed: ERROR:  column s.Price does not exist
LINE 13:                     'price', COALESCE(s.&quot;Price&quot;, '')::text, ...
                                               ^
HINT:  Perhaps you meant to reference the column &quot;s.price&quot;.
QUERY:  SELECT jsonb_build_object(
            'status', 200,
            'message', 'Pending appointments retrieved successfully',
            'data', jsonb_agg(
                jsonb_build_object(
                    'id', a.id,
                    'branch', a.branch,
                    'consultant', a.consultant,
                    'section', a.section,
                    'slot', a.slot,
                    'appointment_status', a.appointment_status,
                    'slots_time', s.slots_time,
                    'price', COALESCE(s.&quot;Price&quot;, '')::text,  -- Use &quot;Price&quot; with quotes for case-sensitivity
                    'branch_name', b.branch_name,
                    'consultant_name', r.name,
                    'section_name', sec.section_name,
                    'full_name', a.full_name,
                    'mobile_no', a.mobile_no,
                    'email_id', a.email_id,
                    'locations', a.locations,
                    'startdate', a.startdate,
                    'dates', a.dates,  -- Include 'dates' column
                    'created_at', a.created_at
                )
            )
    )
                         FROM tbl_appointment a
    LEFT JOIN tbl_slots s ON CAST(a.slot AS INTEGER) = s.id
    LEFT JOIN tbl_register r ON a.consultant = r.id
    LEFT JOIN tbl_branch b ON a.branch = b.id
    LEFT JOIN tbl_section sec ON a.section = sec.id
    WHERE a.is_deleted = 'N'
    AND a.appointment_status = 'PE'  -- Only pending appointments
    AND a.dates &lt;= CURRENT_DATE
CONTEXT:  PL/pgSQL function get_pending_appointments() line 4 at SQL statement
in SYSTEMPATH\Database\Postgre\Connection.php on line 198.
 1 SYSTEMPATH\Database\BaseConnection.php(722): CodeIgniter\Database\Postgre\Connection->execute('CALL get_pending_appointments(NULL)')
 2 SYSTEMPATH\Database\BaseConnection.php(636): CodeIgniter\Database\BaseConnection->simpleQuery('CALL get_pending_appointments(NULL)')
 3 APPPATH\Controllers\Home.php(1696): CodeIgniter\Database\BaseConnection->query('CALL get_pending_appointments(?)', [...])
 4 SYSTEMPATH\CodeIgniter.php(933): App\Controllers\Home->getPendingAppointments()
 5 SYSTEMPATH\CodeIgniter.php(509): CodeIgniter\CodeIgniter->runController(Object(App\Controllers\Home))
 6 SYSTEMPATH\CodeIgniter.php(355): CodeIgniter\CodeIgniter->handleRequest(null, Object(Config\Cache), false)
 7 SYSTEMPATH\Boot.php(312): CodeIgniter\CodeIgniter->run()
 8 SYSTEMPATH\Boot.php(67): CodeIgniter\Boot::runCodeIgniter(Object(CodeIgniter\CodeIgniter))
 9 FCPATH\index.php(56): CodeIgniter\Boot::bootWeb(Object(Config\Paths))
CRITICAL - 2025-03-24 07:07:13 --> [Caused by] ErrorException: pg_query(): Query failed: ERROR:  column s.Price does not exist
LINE 13:                     'price', COALESCE(s.&quot;Price&quot;, '')::text, ...
                                               ^
HINT:  Perhaps you meant to reference the column &quot;s.price&quot;.
QUERY:  SELECT jsonb_build_object(
            'status', 200,
            'message', 'Pending appointments retrieved successfully',
            'data', jsonb_agg(
                jsonb_build_object(
                    'id', a.id,
                    'branch', a.branch,
                    'consultant', a.consultant,
                    'section', a.section,
                    'slot', a.slot,
                    'appointment_status', a.appointment_status,
                    'slots_time', s.slots_time,
                    'price', COALESCE(s.&quot;Price&quot;, '')::text,  -- Use &quot;Price&quot; with quotes for case-sensitivity
                    'branch_name', b.branch_name,
                    'consultant_name', r.name,
                    'section_name', sec.section_name,
                    'full_name', a.full_name,
                    'mobile_no', a.mobile_no,
                    'email_id', a.email_id,
                    'locations', a.locations,
                    'startdate', a.startdate,
                    'dates', a.dates,  -- Include 'dates' column
                    'created_at', a.created_at
                )
            )
    )
                         FROM tbl_appointment a
    LEFT JOIN tbl_slots s ON CAST(a.slot AS INTEGER) = s.id
    LEFT JOIN tbl_register r ON a.consultant = r.id
    LEFT JOIN tbl_branch b ON a.branch = b.id
    LEFT JOIN tbl_section sec ON a.section = sec.id
    WHERE a.is_deleted = 'N'
    AND a.appointment_status = 'PE'  -- Only pending appointments
    AND a.dates &lt;= CURRENT_DATE
CONTEXT:  PL/pgSQL function get_pending_appointments() line 4 at SQL statement
in SYSTEMPATH\Database\Postgre\Connection.php on line 193.
 1 [internal function]: CodeIgniter\Debug\Exceptions->errorHandler(2, 'pg_query(): Query failed: ERROR:  column s.Price does not exist
LINE 13:                     \'price\', COALESCE(s.&quot;Price&quot;, \'\')::text, ...
                                               ^
HINT:  Perhaps you meant to reference the column &quot;s.price&quot;.
QUERY:  SELECT jsonb_build_object(
            \'status\', 200,
            \'message\', \'Pending appointments retrieved successfully\',
            \'data\', jsonb_agg(
                jsonb_build_object(
                    \'id\', a.id,
                    \'branch\', a.branch,
                    \'consultant\', a.consultant,
                    \'section\', a.section,
                    \'slot\', a.slot,
                    \'appointment_status\', a.appointment_status,
                    \'slots_time\', s.slots_time,
                    \'price\', COALESCE(s.&quot;Price&quot;, \'\')::text,  -- Use &quot;Price&quot; with quotes for case-sensitivity
                    \'branch_name\', b.branch_name,
                    \'consultant_name\', r.name,
                    \'section_name\', sec.section_name,
                    \'full_name\', a.full_name,
                    \'mobile_no\', a.mobile_no,
                    \'email_id\', a.email_id,
                    \'locations\', a.locations,
                    \'startdate\', a.startdate,
                    \'dates\', a.dates,  -- Include \'dates\' column
                    \'created_at\', a.created_at
                )
            )
    )
                         FROM tbl_appointment a
    LEFT JOIN tbl_slots s ON CAST(a.slot AS INTEGER) = s.id
    LEFT JOIN tbl_register r ON a.consultant = r.id
    LEFT JOIN tbl_branch b ON a.branch = b.id
    LEFT JOIN tbl_section sec ON a.section = sec.id
    WHERE a.is_deleted = \'N\'
    AND a.appointment_status = \'PE\'  -- Only pending appointments
    AND a.dates &lt;= CURRENT_DATE
CONTEXT:  PL/pgSQL function get_pending_appointments() line 4 at SQL statement', 'C:\\xampp\\htdocs\\salonClinic\\system\\Database\\Postgre\\Connection.php', 193)
 2 SYSTEMPATH\Database\Postgre\Connection.php(193): pg_query(Object(PgSql\Connection), 'CALL get_pending_appointments(NULL)')
 3 SYSTEMPATH\Database\BaseConnection.php(722): CodeIgniter\Database\Postgre\Connection->execute('CALL get_pending_appointments(NULL)')
 4 SYSTEMPATH\Database\BaseConnection.php(636): CodeIgniter\Database\BaseConnection->simpleQuery('CALL get_pending_appointments(NULL)')
 5 APPPATH\Controllers\Home.php(1696): CodeIgniter\Database\BaseConnection->query('CALL get_pending_appointments(?)', [...])
 6 SYSTEMPATH\CodeIgniter.php(933): App\Controllers\Home->getPendingAppointments()
 7 SYSTEMPATH\CodeIgniter.php(509): CodeIgniter\CodeIgniter->runController(Object(App\Controllers\Home))
 8 SYSTEMPATH\CodeIgniter.php(355): CodeIgniter\CodeIgniter->handleRequest(null, Object(Config\Cache), false)
 9 SYSTEMPATH\Boot.php(312): CodeIgniter\CodeIgniter->run()
10 SYSTEMPATH\Boot.php(67): CodeIgniter\Boot::runCodeIgniter(Object(CodeIgniter\CodeIgniter))
11 FCPATH\index.php(56): CodeIgniter\Boot::bootWeb(Object(Config\Paths))
ERROR - 2025-03-24 07:13:57 --> ErrorException: pg_query(): Query failed: ERROR:  column s.Price does not exist
LINE 13:                     'price', COALESCE(s.&quot;Price&quot;, '')::text, ...
                                               ^
HINT:  Perhaps you meant to reference the column &quot;s.price&quot;.
QUERY:  SELECT jsonb_build_object(
            'status', 200,
            'message', 'Pending appointments retrieved successfully',
            'data', jsonb_agg(
                jsonb_build_object(
                    'id', a.id,
                    'branch', a.branch,
                    'consultant', a.consultant,
                    'section', a.section,
                    'slot', a.slot,
                    'appointment_status', a.appointment_status,
                    'slots_time', s.slots_time,
                    'price', COALESCE(s.&quot;Price&quot;, '')::text,  -- Use &quot;Price&quot; with quotes for case-sensitivity
                    'branch_name', b.branch_name,
                    'consultant_name', r.name,
                    'section_name', sec.section_name,
                    'full_name', a.full_name,
                    'mobile_no', a.mobile_no,
                    'email_id', a.email_id,
                    'locations', a.locations,
                    'startdate', a.startdate,
                    'dates', a.dates,  -- Include 'dates' column
                    'created_at', a.created_at
                )
            )
    )
                         FROM tbl_appointment a
    LEFT JOIN tbl_slots s ON CAST(a.slot AS INTEGER) = s.id
    LEFT JOIN tbl_register r ON a.consultant = r.id
    LEFT JOIN tbl_branch b ON a.branch = b.id
    LEFT JOIN tbl_section sec ON a.section = sec.id
    WHERE a.is_deleted = 'N'
    AND a.appointment_status = 'PE'  -- Only pending appointments
    AND a.dates &lt;= CURRENT_DATE
CONTEXT:  PL/pgSQL function get_pending_appointments() line 4 at SQL statement in C:\xampp\htdocs\salonClinic\system\Database\Postgre\Connection.php:193
Stack trace:
#0 [internal function]: CodeIgniter\Debug\Exceptions->errorHandler(2, 'pg_query(): Que...', 'C:\\xampp\\htdocs...', 193)
#1 C:\xampp\htdocs\salonClinic\system\Database\Postgre\Connection.php(193): pg_query(Object(PgSql\Connection), 'CALL get_pendin...')
#2 C:\xampp\htdocs\salonClinic\system\Database\BaseConnection.php(722): CodeIgniter\Database\Postgre\Connection->execute('CALL get_pendin...')
#3 C:\xampp\htdocs\salonClinic\system\Database\BaseConnection.php(636): CodeIgniter\Database\BaseConnection->simpleQuery('CALL get_pendin...')
#4 C:\xampp\htdocs\salonClinic\app\Controllers\Home.php(1696): CodeIgniter\Database\BaseConnection->query('CALL get_pendin...', Array)
#5 C:\xampp\htdocs\salonClinic\system\CodeIgniter.php(933): App\Controllers\Home->getPendingAppointments()
#6 C:\xampp\htdocs\salonClinic\system\CodeIgniter.php(509): CodeIgniter\CodeIgniter->runController(Object(App\Controllers\Home))
#7 C:\xampp\htdocs\salonClinic\system\CodeIgniter.php(355): CodeIgniter\CodeIgniter->handleRequest(NULL, Object(Config\Cache), false)
#8 C:\xampp\htdocs\salonClinic\system\Boot.php(312): CodeIgniter\CodeIgniter->run()
#9 C:\xampp\htdocs\salonClinic\system\Boot.php(67): CodeIgniter\Boot::runCodeIgniter(Object(CodeIgniter\CodeIgniter))
#10 C:\xampp\htdocs\salonClinic\index.php(56): CodeIgniter\Boot::bootWeb(Object(Config\Paths))
#11 {main}
CRITICAL - 2025-03-24 07:13:57 --> CodeIgniter\Database\Exceptions\DatabaseException: pg_query(): Query failed: ERROR:  column s.Price does not exist
LINE 13:                     'price', COALESCE(s.&quot;Price&quot;, '')::text, ...
                                               ^
HINT:  Perhaps you meant to reference the column &quot;s.price&quot;.
QUERY:  SELECT jsonb_build_object(
            'status', 200,
            'message', 'Pending appointments retrieved successfully',
            'data', jsonb_agg(
                jsonb_build_object(
                    'id', a.id,
                    'branch', a.branch,
                    'consultant', a.consultant,
                    'section', a.section,
                    'slot', a.slot,
                    'appointment_status', a.appointment_status,
                    'slots_time', s.slots_time,
                    'price', COALESCE(s.&quot;Price&quot;, '')::text,  -- Use &quot;Price&quot; with quotes for case-sensitivity
                    'branch_name', b.branch_name,
                    'consultant_name', r.name,
                    'section_name', sec.section_name,
                    'full_name', a.full_name,
                    'mobile_no', a.mobile_no,
                    'email_id', a.email_id,
                    'locations', a.locations,
                    'startdate', a.startdate,
                    'dates', a.dates,  -- Include 'dates' column
                    'created_at', a.created_at
                )
            )
    )
                         FROM tbl_appointment a
    LEFT JOIN tbl_slots s ON CAST(a.slot AS INTEGER) = s.id
    LEFT JOIN tbl_register r ON a.consultant = r.id
    LEFT JOIN tbl_branch b ON a.branch = b.id
    LEFT JOIN tbl_section sec ON a.section = sec.id
    WHERE a.is_deleted = 'N'
    AND a.appointment_status = 'PE'  -- Only pending appointments
    AND a.dates &lt;= CURRENT_DATE
CONTEXT:  PL/pgSQL function get_pending_appointments() line 4 at SQL statement
[Method: GET, Route: get_pending_appointments]
in SYSTEMPATH\Database\BaseConnection.php on line 676.
 1 APPPATH\Controllers\Home.php(1696): CodeIgniter\Database\BaseConnection->query('CALL get_pending_appointments(?)', [...])
 2 SYSTEMPATH\CodeIgniter.php(933): App\Controllers\Home->getPendingAppointments()
 3 SYSTEMPATH\CodeIgniter.php(509): CodeIgniter\CodeIgniter->runController(Object(App\Controllers\Home))
 4 SYSTEMPATH\CodeIgniter.php(355): CodeIgniter\CodeIgniter->handleRequest(null, Object(Config\Cache), false)
 5 SYSTEMPATH\Boot.php(312): CodeIgniter\CodeIgniter->run()
 6 SYSTEMPATH\Boot.php(67): CodeIgniter\Boot::runCodeIgniter(Object(CodeIgniter\CodeIgniter))
 7 FCPATH\index.php(56): CodeIgniter\Boot::bootWeb(Object(Config\Paths))
CRITICAL - 2025-03-24 07:13:57 --> [Caused by] CodeIgniter\Database\Exceptions\DatabaseException: pg_query(): Query failed: ERROR:  column s.Price does not exist
LINE 13:                     'price', COALESCE(s.&quot;Price&quot;, '')::text, ...
                                               ^
HINT:  Perhaps you meant to reference the column &quot;s.price&quot;.
QUERY:  SELECT jsonb_build_object(
            'status', 200,
            'message', 'Pending appointments retrieved successfully',
            'data', jsonb_agg(
                jsonb_build_object(
                    'id', a.id,
                    'branch', a.branch,
                    'consultant', a.consultant,
                    'section', a.section,
                    'slot', a.slot,
                    'appointment_status', a.appointment_status,
                    'slots_time', s.slots_time,
                    'price', COALESCE(s.&quot;Price&quot;, '')::text,  -- Use &quot;Price&quot; with quotes for case-sensitivity
                    'branch_name', b.branch_name,
                    'consultant_name', r.name,
                    'section_name', sec.section_name,
                    'full_name', a.full_name,
                    'mobile_no', a.mobile_no,
                    'email_id', a.email_id,
                    'locations', a.locations,
                    'startdate', a.startdate,
                    'dates', a.dates,  -- Include 'dates' column
                    'created_at', a.created_at
                )
            )
    )
                         FROM tbl_appointment a
    LEFT JOIN tbl_slots s ON CAST(a.slot AS INTEGER) = s.id
    LEFT JOIN tbl_register r ON a.consultant = r.id
    LEFT JOIN tbl_branch b ON a.branch = b.id
    LEFT JOIN tbl_section sec ON a.section = sec.id
    WHERE a.is_deleted = 'N'
    AND a.appointment_status = 'PE'  -- Only pending appointments
    AND a.dates &lt;= CURRENT_DATE
CONTEXT:  PL/pgSQL function get_pending_appointments() line 4 at SQL statement
in SYSTEMPATH\Database\Postgre\Connection.php on line 198.
 1 SYSTEMPATH\Database\BaseConnection.php(722): CodeIgniter\Database\Postgre\Connection->execute('CALL get_pending_appointments(NULL)')
 2 SYSTEMPATH\Database\BaseConnection.php(636): CodeIgniter\Database\BaseConnection->simpleQuery('CALL get_pending_appointments(NULL)')
 3 APPPATH\Controllers\Home.php(1696): CodeIgniter\Database\BaseConnection->query('CALL get_pending_appointments(?)', [...])
 4 SYSTEMPATH\CodeIgniter.php(933): App\Controllers\Home->getPendingAppointments()
 5 SYSTEMPATH\CodeIgniter.php(509): CodeIgniter\CodeIgniter->runController(Object(App\Controllers\Home))
 6 SYSTEMPATH\CodeIgniter.php(355): CodeIgniter\CodeIgniter->handleRequest(null, Object(Config\Cache), false)
 7 SYSTEMPATH\Boot.php(312): CodeIgniter\CodeIgniter->run()
 8 SYSTEMPATH\Boot.php(67): CodeIgniter\Boot::runCodeIgniter(Object(CodeIgniter\CodeIgniter))
 9 FCPATH\index.php(56): CodeIgniter\Boot::bootWeb(Object(Config\Paths))
CRITICAL - 2025-03-24 07:13:57 --> [Caused by] ErrorException: pg_query(): Query failed: ERROR:  column s.Price does not exist
LINE 13:                     'price', COALESCE(s.&quot;Price&quot;, '')::text, ...
                                               ^
HINT:  Perhaps you meant to reference the column &quot;s.price&quot;.
QUERY:  SELECT jsonb_build_object(
            'status', 200,
            'message', 'Pending appointments retrieved successfully',
            'data', jsonb_agg(
                jsonb_build_object(
                    'id', a.id,
                    'branch', a.branch,
                    'consultant', a.consultant,
                    'section', a.section,
                    'slot', a.slot,
                    'appointment_status', a.appointment_status,
                    'slots_time', s.slots_time,
                    'price', COALESCE(s.&quot;Price&quot;, '')::text,  -- Use &quot;Price&quot; with quotes for case-sensitivity
                    'branch_name', b.branch_name,
                    'consultant_name', r.name,
                    'section_name', sec.section_name,
                    'full_name', a.full_name,
                    'mobile_no', a.mobile_no,
                    'email_id', a.email_id,
                    'locations', a.locations,
                    'startdate', a.startdate,
                    'dates', a.dates,  -- Include 'dates' column
                    'created_at', a.created_at
                )
            )
    )
                         FROM tbl_appointment a
    LEFT JOIN tbl_slots s ON CAST(a.slot AS INTEGER) = s.id
    LEFT JOIN tbl_register r ON a.consultant = r.id
    LEFT JOIN tbl_branch b ON a.branch = b.id
    LEFT JOIN tbl_section sec ON a.section = sec.id
    WHERE a.is_deleted = 'N'
    AND a.appointment_status = 'PE'  -- Only pending appointments
    AND a.dates &lt;= CURRENT_DATE
CONTEXT:  PL/pgSQL function get_pending_appointments() line 4 at SQL statement
in SYSTEMPATH\Database\Postgre\Connection.php on line 193.
 1 [internal function]: CodeIgniter\Debug\Exceptions->errorHandler(2, 'pg_query(): Query failed: ERROR:  column s.Price does not exist
LINE 13:                     \'price\', COALESCE(s.&quot;Price&quot;, \'\')::text, ...
                                               ^
HINT:  Perhaps you meant to reference the column &quot;s.price&quot;.
QUERY:  SELECT jsonb_build_object(
            \'status\', 200,
            \'message\', \'Pending appointments retrieved successfully\',
            \'data\', jsonb_agg(
                jsonb_build_object(
                    \'id\', a.id,
                    \'branch\', a.branch,
                    \'consultant\', a.consultant,
                    \'section\', a.section,
                    \'slot\', a.slot,
                    \'appointment_status\', a.appointment_status,
                    \'slots_time\', s.slots_time,
                    \'price\', COALESCE(s.&quot;Price&quot;, \'\')::text,  -- Use &quot;Price&quot; with quotes for case-sensitivity
                    \'branch_name\', b.branch_name,
                    \'consultant_name\', r.name,
                    \'section_name\', sec.section_name,
                    \'full_name\', a.full_name,
                    \'mobile_no\', a.mobile_no,
                    \'email_id\', a.email_id,
                    \'locations\', a.locations,
                    \'startdate\', a.startdate,
                    \'dates\', a.dates,  -- Include \'dates\' column
                    \'created_at\', a.created_at
                )
            )
    )
                         FROM tbl_appointment a
    LEFT JOIN tbl_slots s ON CAST(a.slot AS INTEGER) = s.id
    LEFT JOIN tbl_register r ON a.consultant = r.id
    LEFT JOIN tbl_branch b ON a.branch = b.id
    LEFT JOIN tbl_section sec ON a.section = sec.id
    WHERE a.is_deleted = \'N\'
    AND a.appointment_status = \'PE\'  -- Only pending appointments
    AND a.dates &lt;= CURRENT_DATE
CONTEXT:  PL/pgSQL function get_pending_appointments() line 4 at SQL statement', 'C:\\xampp\\htdocs\\salonClinic\\system\\Database\\Postgre\\Connection.php', 193)
 2 SYSTEMPATH\Database\Postgre\Connection.php(193): pg_query(Object(PgSql\Connection), 'CALL get_pending_appointments(NULL)')
 3 SYSTEMPATH\Database\BaseConnection.php(722): CodeIgniter\Database\Postgre\Connection->execute('CALL get_pending_appointments(NULL)')
 4 SYSTEMPATH\Database\BaseConnection.php(636): CodeIgniter\Database\BaseConnection->simpleQuery('CALL get_pending_appointments(NULL)')
 5 APPPATH\Controllers\Home.php(1696): CodeIgniter\Database\BaseConnection->query('CALL get_pending_appointments(?)', [...])
 6 SYSTEMPATH\CodeIgniter.php(933): App\Controllers\Home->getPendingAppointments()
 7 SYSTEMPATH\CodeIgniter.php(509): CodeIgniter\CodeIgniter->runController(Object(App\Controllers\Home))
 8 SYSTEMPATH\CodeIgniter.php(355): CodeIgniter\CodeIgniter->handleRequest(null, Object(Config\Cache), false)
 9 SYSTEMPATH\Boot.php(312): CodeIgniter\CodeIgniter->run()
10 SYSTEMPATH\Boot.php(67): CodeIgniter\Boot::runCodeIgniter(Object(CodeIgniter\CodeIgniter))
11 FCPATH\index.php(56): CodeIgniter\Boot::bootWeb(Object(Config\Paths))
ERROR - 2025-03-24 10:34:21 --> ErrorException: pg_query(): Query failed: ERROR:  column s.Price does not exist
LINE 13:                     'price', COALESCE(s.&quot;Price&quot;, '')::text, ...
                                               ^
HINT:  Perhaps you meant to reference the column &quot;s.price&quot;.
QUERY:  SELECT jsonb_build_object(
            'status', 200,
            'message', 'Pending appointments retrieved successfully',
            'data', jsonb_agg(
                jsonb_build_object(
                    'id', a.id,
                    'branch', a.branch,
                    'consultant', a.consultant,
                    'section', a.section,
                    'slot', a.slot,
                    'appointment_status', a.appointment_status,
                    'slots_time', s.slots_time,
                    'price', COALESCE(s.&quot;Price&quot;, '')::text,  -- Use &quot;Price&quot; with quotes for case-sensitivity
                    'branch_name', b.branch_name,
                    'consultant_name', r.name,
                    'section_name', sec.section_name,
                    'full_name', a.full_name,
                    'mobile_no', a.mobile_no,
                    'email_id', a.email_id,
                    'locations', a.locations,
                    'startdate', a.startdate,
                    'dates', a.dates,  -- Include 'dates' column
                    'created_at', a.created_at
                )
            )
    )
                         FROM tbl_appointment a
    LEFT JOIN tbl_slots s ON CAST(a.slot AS INTEGER) = s.id
    LEFT JOIN tbl_register r ON a.consultant = r.id
    LEFT JOIN tbl_branch b ON a.branch = b.id
    LEFT JOIN tbl_section sec ON a.section = sec.id
    WHERE a.is_deleted = 'N'
    AND a.appointment_status = 'PE'  -- Only pending appointments
    AND a.dates &lt;= CURRENT_DATE
CONTEXT:  PL/pgSQL function get_pending_appointments() line 4 at SQL statement in C:\xampp\htdocs\salonClinic\system\Database\Postgre\Connection.php:193
Stack trace:
#0 [internal function]: CodeIgniter\Debug\Exceptions->errorHandler(2, 'pg_query(): Que...', 'C:\\xampp\\htdocs...', 193)
#1 C:\xampp\htdocs\salonClinic\system\Database\Postgre\Connection.php(193): pg_query(Object(PgSql\Connection), 'CALL get_pendin...')
#2 C:\xampp\htdocs\salonClinic\system\Database\BaseConnection.php(722): CodeIgniter\Database\Postgre\Connection->execute('CALL get_pendin...')
#3 C:\xampp\htdocs\salonClinic\system\Database\BaseConnection.php(636): CodeIgniter\Database\BaseConnection->simpleQuery('CALL get_pendin...')
#4 C:\xampp\htdocs\salonClinic\app\Controllers\Home.php(1696): CodeIgniter\Database\BaseConnection->query('CALL get_pendin...', Array)
#5 C:\xampp\htdocs\salonClinic\system\CodeIgniter.php(933): App\Controllers\Home->getPendingAppointments()
#6 C:\xampp\htdocs\salonClinic\system\CodeIgniter.php(509): CodeIgniter\CodeIgniter->runController(Object(App\Controllers\Home))
#7 C:\xampp\htdocs\salonClinic\system\CodeIgniter.php(355): CodeIgniter\CodeIgniter->handleRequest(NULL, Object(Config\Cache), false)
#8 C:\xampp\htdocs\salonClinic\system\Boot.php(312): CodeIgniter\CodeIgniter->run()
#9 C:\xampp\htdocs\salonClinic\system\Boot.php(67): CodeIgniter\Boot::runCodeIgniter(Object(CodeIgniter\CodeIgniter))
#10 C:\xampp\htdocs\salonClinic\index.php(56): CodeIgniter\Boot::bootWeb(Object(Config\Paths))
#11 {main}
CRITICAL - 2025-03-24 10:34:21 --> CodeIgniter\Database\Exceptions\DatabaseException: pg_query(): Query failed: ERROR:  column s.Price does not exist
LINE 13:                     'price', COALESCE(s.&quot;Price&quot;, '')::text, ...
                                               ^
HINT:  Perhaps you meant to reference the column &quot;s.price&quot;.
QUERY:  SELECT jsonb_build_object(
            'status', 200,
            'message', 'Pending appointments retrieved successfully',
            'data', jsonb_agg(
                jsonb_build_object(
                    'id', a.id,
                    'branch', a.branch,
                    'consultant', a.consultant,
                    'section', a.section,
                    'slot', a.slot,
                    'appointment_status', a.appointment_status,
                    'slots_time', s.slots_time,
                    'price', COALESCE(s.&quot;Price&quot;, '')::text,  -- Use &quot;Price&quot; with quotes for case-sensitivity
                    'branch_name', b.branch_name,
                    'consultant_name', r.name,
                    'section_name', sec.section_name,
                    'full_name', a.full_name,
                    'mobile_no', a.mobile_no,
                    'email_id', a.email_id,
                    'locations', a.locations,
                    'startdate', a.startdate,
                    'dates', a.dates,  -- Include 'dates' column
                    'created_at', a.created_at
                )
            )
    )
                         FROM tbl_appointment a
    LEFT JOIN tbl_slots s ON CAST(a.slot AS INTEGER) = s.id
    LEFT JOIN tbl_register r ON a.consultant = r.id
    LEFT JOIN tbl_branch b ON a.branch = b.id
    LEFT JOIN tbl_section sec ON a.section = sec.id
    WHERE a.is_deleted = 'N'
    AND a.appointment_status = 'PE'  -- Only pending appointments
    AND a.dates &lt;= CURRENT_DATE
CONTEXT:  PL/pgSQL function get_pending_appointments() line 4 at SQL statement
[Method: GET, Route: get_pending_appointments]
in SYSTEMPATH\Database\BaseConnection.php on line 676.
 1 APPPATH\Controllers\Home.php(1696): CodeIgniter\Database\BaseConnection->query('CALL get_pending_appointments(?)', [...])
 2 SYSTEMPATH\CodeIgniter.php(933): App\Controllers\Home->getPendingAppointments()
 3 SYSTEMPATH\CodeIgniter.php(509): CodeIgniter\CodeIgniter->runController(Object(App\Controllers\Home))
 4 SYSTEMPATH\CodeIgniter.php(355): CodeIgniter\CodeIgniter->handleRequest(null, Object(Config\Cache), false)
 5 SYSTEMPATH\Boot.php(312): CodeIgniter\CodeIgniter->run()
 6 SYSTEMPATH\Boot.php(67): CodeIgniter\Boot::runCodeIgniter(Object(CodeIgniter\CodeIgniter))
 7 FCPATH\index.php(56): CodeIgniter\Boot::bootWeb(Object(Config\Paths))
CRITICAL - 2025-03-24 10:34:21 --> [Caused by] CodeIgniter\Database\Exceptions\DatabaseException: pg_query(): Query failed: ERROR:  column s.Price does not exist
LINE 13:                     'price', COALESCE(s.&quot;Price&quot;, '')::text, ...
                                               ^
HINT:  Perhaps you meant to reference the column &quot;s.price&quot;.
QUERY:  SELECT jsonb_build_object(
            'status', 200,
            'message', 'Pending appointments retrieved successfully',
            'data', jsonb_agg(
                jsonb_build_object(
                    'id', a.id,
                    'branch', a.branch,
                    'consultant', a.consultant,
                    'section', a.section,
                    'slot', a.slot,
                    'appointment_status', a.appointment_status,
                    'slots_time', s.slots_time,
                    'price', COALESCE(s.&quot;Price&quot;, '')::text,  -- Use &quot;Price&quot; with quotes for case-sensitivity
                    'branch_name', b.branch_name,
                    'consultant_name', r.name,
                    'section_name', sec.section_name,
                    'full_name', a.full_name,
                    'mobile_no', a.mobile_no,
                    'email_id', a.email_id,
                    'locations', a.locations,
                    'startdate', a.startdate,
                    'dates', a.dates,  -- Include 'dates' column
                    'created_at', a.created_at
                )
            )
    )
                         FROM tbl_appointment a
    LEFT JOIN tbl_slots s ON CAST(a.slot AS INTEGER) = s.id
    LEFT JOIN tbl_register r ON a.consultant = r.id
    LEFT JOIN tbl_branch b ON a.branch = b.id
    LEFT JOIN tbl_section sec ON a.section = sec.id
    WHERE a.is_deleted = 'N'
    AND a.appointment_status = 'PE'  -- Only pending appointments
    AND a.dates &lt;= CURRENT_DATE
CONTEXT:  PL/pgSQL function get_pending_appointments() line 4 at SQL statement
in SYSTEMPATH\Database\Postgre\Connection.php on line 198.
 1 SYSTEMPATH\Database\BaseConnection.php(722): CodeIgniter\Database\Postgre\Connection->execute('CALL get_pending_appointments(NULL)')
 2 SYSTEMPATH\Database\BaseConnection.php(636): CodeIgniter\Database\BaseConnection->simpleQuery('CALL get_pending_appointments(NULL)')
 3 APPPATH\Controllers\Home.php(1696): CodeIgniter\Database\BaseConnection->query('CALL get_pending_appointments(?)', [...])
 4 SYSTEMPATH\CodeIgniter.php(933): App\Controllers\Home->getPendingAppointments()
 5 SYSTEMPATH\CodeIgniter.php(509): CodeIgniter\CodeIgniter->runController(Object(App\Controllers\Home))
 6 SYSTEMPATH\CodeIgniter.php(355): CodeIgniter\CodeIgniter->handleRequest(null, Object(Config\Cache), false)
 7 SYSTEMPATH\Boot.php(312): CodeIgniter\CodeIgniter->run()
 8 SYSTEMPATH\Boot.php(67): CodeIgniter\Boot::runCodeIgniter(Object(CodeIgniter\CodeIgniter))
 9 FCPATH\index.php(56): CodeIgniter\Boot::bootWeb(Object(Config\Paths))
CRITICAL - 2025-03-24 10:34:21 --> [Caused by] ErrorException: pg_query(): Query failed: ERROR:  column s.Price does not exist
LINE 13:                     'price', COALESCE(s.&quot;Price&quot;, '')::text, ...
                                               ^
HINT:  Perhaps you meant to reference the column &quot;s.price&quot;.
QUERY:  SELECT jsonb_build_object(
            'status', 200,
            'message', 'Pending appointments retrieved successfully',
            'data', jsonb_agg(
                jsonb_build_object(
                    'id', a.id,
                    'branch', a.branch,
                    'consultant', a.consultant,
                    'section', a.section,
                    'slot', a.slot,
                    'appointment_status', a.appointment_status,
                    'slots_time', s.slots_time,
                    'price', COALESCE(s.&quot;Price&quot;, '')::text,  -- Use &quot;Price&quot; with quotes for case-sensitivity
                    'branch_name', b.branch_name,
                    'consultant_name', r.name,
                    'section_name', sec.section_name,
                    'full_name', a.full_name,
                    'mobile_no', a.mobile_no,
                    'email_id', a.email_id,
                    'locations', a.locations,
                    'startdate', a.startdate,
                    'dates', a.dates,  -- Include 'dates' column
                    'created_at', a.created_at
                )
            )
    )
                         FROM tbl_appointment a
    LEFT JOIN tbl_slots s ON CAST(a.slot AS INTEGER) = s.id
    LEFT JOIN tbl_register r ON a.consultant = r.id
    LEFT JOIN tbl_branch b ON a.branch = b.id
    LEFT JOIN tbl_section sec ON a.section = sec.id
    WHERE a.is_deleted = 'N'
    AND a.appointment_status = 'PE'  -- Only pending appointments
    AND a.dates &lt;= CURRENT_DATE
CONTEXT:  PL/pgSQL function get_pending_appointments() line 4 at SQL statement
in SYSTEMPATH\Database\Postgre\Connection.php on line 193.
 1 [internal function]: CodeIgniter\Debug\Exceptions->errorHandler(2, 'pg_query(): Query failed: ERROR:  column s.Price does not exist
LINE 13:                     \'price\', COALESCE(s.&quot;Price&quot;, \'\')::text, ...
                                               ^
HINT:  Perhaps you meant to reference the column &quot;s.price&quot;.
QUERY:  SELECT jsonb_build_object(
            \'status\', 200,
            \'message\', \'Pending appointments retrieved successfully\',
            \'data\', jsonb_agg(
                jsonb_build_object(
                    \'id\', a.id,
                    \'branch\', a.branch,
                    \'consultant\', a.consultant,
                    \'section\', a.section,
                    \'slot\', a.slot,
                    \'appointment_status\', a.appointment_status,
                    \'slots_time\', s.slots_time,
                    \'price\', COALESCE(s.&quot;Price&quot;, \'\')::text,  -- Use &quot;Price&quot; with quotes for case-sensitivity
                    \'branch_name\', b.branch_name,
                    \'consultant_name\', r.name,
                    \'section_name\', sec.section_name,
                    \'full_name\', a.full_name,
                    \'mobile_no\', a.mobile_no,
                    \'email_id\', a.email_id,
                    \'locations\', a.locations,
                    \'startdate\', a.startdate,
                    \'dates\', a.dates,  -- Include \'dates\' column
                    \'created_at\', a.created_at
                )
            )
    )
                         FROM tbl_appointment a
    LEFT JOIN tbl_slots s ON CAST(a.slot AS INTEGER) = s.id
    LEFT JOIN tbl_register r ON a.consultant = r.id
    LEFT JOIN tbl_branch b ON a.branch = b.id
    LEFT JOIN tbl_section sec ON a.section = sec.id
    WHERE a.is_deleted = \'N\'
    AND a.appointment_status = \'PE\'  -- Only pending appointments
    AND a.dates &lt;= CURRENT_DATE
CONTEXT:  PL/pgSQL function get_pending_appointments() line 4 at SQL statement', 'C:\\xampp\\htdocs\\salonClinic\\system\\Database\\Postgre\\Connection.php', 193)
 2 SYSTEMPATH\Database\Postgre\Connection.php(193): pg_query(Object(PgSql\Connection), 'CALL get_pending_appointments(NULL)')
 3 SYSTEMPATH\Database\BaseConnection.php(722): CodeIgniter\Database\Postgre\Connection->execute('CALL get_pending_appointments(NULL)')
 4 SYSTEMPATH\Database\BaseConnection.php(636): CodeIgniter\Database\BaseConnection->simpleQuery('CALL get_pending_appointments(NULL)')
 5 APPPATH\Controllers\Home.php(1696): CodeIgniter\Database\BaseConnection->query('CALL get_pending_appointments(?)', [...])
 6 SYSTEMPATH\CodeIgniter.php(933): App\Controllers\Home->getPendingAppointments()
 7 SYSTEMPATH\CodeIgniter.php(509): CodeIgniter\CodeIgniter->runController(Object(App\Controllers\Home))
 8 SYSTEMPATH\CodeIgniter.php(355): CodeIgniter\CodeIgniter->handleRequest(null, Object(Config\Cache), false)
 9 SYSTEMPATH\Boot.php(312): CodeIgniter\CodeIgniter->run()
10 SYSTEMPATH\Boot.php(67): CodeIgniter\Boot::runCodeIgniter(Object(CodeIgniter\CodeIgniter))
11 FCPATH\index.php(56): CodeIgniter\Boot::bootWeb(Object(Config\Paths))
ERROR - 2025-03-24 10:34:56 --> ErrorException: pg_query(): Query failed: ERROR:  column s.Price does not exist
LINE 13:                     'price', COALESCE(s.&quot;Price&quot;, '')::text, ...
                                               ^
HINT:  Perhaps you meant to reference the column &quot;s.price&quot;.
QUERY:  SELECT jsonb_build_object(
            'status', 200,
            'message', 'Pending appointments retrieved successfully',
            'data', jsonb_agg(
                jsonb_build_object(
                    'id', a.id,
                    'branch', a.branch,
                    'consultant', a.consultant,
                    'section', a.section,
                    'slot', a.slot,
                    'appointment_status', a.appointment_status,
                    'slots_time', s.slots_time,
                    'price', COALESCE(s.&quot;Price&quot;, '')::text,  -- Use &quot;Price&quot; with quotes for case-sensitivity
                    'branch_name', b.branch_name,
                    'consultant_name', r.name,
                    'section_name', sec.section_name,
                    'full_name', a.full_name,
                    'mobile_no', a.mobile_no,
                    'email_id', a.email_id,
                    'locations', a.locations,
                    'startdate', a.startdate,
                    'dates', a.dates,  -- Include 'dates' column
                    'created_at', a.created_at
                )
            )
    )
                         FROM tbl_appointment a
    LEFT JOIN tbl_slots s ON CAST(a.slot AS INTEGER) = s.id
    LEFT JOIN tbl_register r ON a.consultant = r.id
    LEFT JOIN tbl_branch b ON a.branch = b.id
    LEFT JOIN tbl_section sec ON a.section = sec.id
    WHERE a.is_deleted = 'N'
    AND a.appointment_status = 'PE'  -- Only pending appointments
    AND a.dates &lt;= CURRENT_DATE
CONTEXT:  PL/pgSQL function get_pending_appointments() line 4 at SQL statement in C:\xampp\htdocs\salonClinic\system\Database\Postgre\Connection.php:193
Stack trace:
#0 [internal function]: CodeIgniter\Debug\Exceptions->errorHandler(2, 'pg_query(): Que...', 'C:\\xampp\\htdocs...', 193)
#1 C:\xampp\htdocs\salonClinic\system\Database\Postgre\Connection.php(193): pg_query(Object(PgSql\Connection), 'CALL get_pendin...')
#2 C:\xampp\htdocs\salonClinic\system\Database\BaseConnection.php(722): CodeIgniter\Database\Postgre\Connection->execute('CALL get_pendin...')
#3 C:\xampp\htdocs\salonClinic\system\Database\BaseConnection.php(636): CodeIgniter\Database\BaseConnection->simpleQuery('CALL get_pendin...')
#4 C:\xampp\htdocs\salonClinic\app\Controllers\Home.php(1696): CodeIgniter\Database\BaseConnection->query('CALL get_pendin...', Array)
#5 C:\xampp\htdocs\salonClinic\system\CodeIgniter.php(933): App\Controllers\Home->getPendingAppointments()
#6 C:\xampp\htdocs\salonClinic\system\CodeIgniter.php(509): CodeIgniter\CodeIgniter->runController(Object(App\Controllers\Home))
#7 C:\xampp\htdocs\salonClinic\system\CodeIgniter.php(355): CodeIgniter\CodeIgniter->handleRequest(NULL, Object(Config\Cache), false)
#8 C:\xampp\htdocs\salonClinic\system\Boot.php(312): CodeIgniter\CodeIgniter->run()
#9 C:\xampp\htdocs\salonClinic\system\Boot.php(67): CodeIgniter\Boot::runCodeIgniter(Object(CodeIgniter\CodeIgniter))
#10 C:\xampp\htdocs\salonClinic\index.php(56): CodeIgniter\Boot::bootWeb(Object(Config\Paths))
#11 {main}
CRITICAL - 2025-03-24 10:34:56 --> CodeIgniter\Database\Exceptions\DatabaseException: pg_query(): Query failed: ERROR:  column s.Price does not exist
LINE 13:                     'price', COALESCE(s.&quot;Price&quot;, '')::text, ...
                                               ^
HINT:  Perhaps you meant to reference the column &quot;s.price&quot;.
QUERY:  SELECT jsonb_build_object(
            'status', 200,
            'message', 'Pending appointments retrieved successfully',
            'data', jsonb_agg(
                jsonb_build_object(
                    'id', a.id,
                    'branch', a.branch,
                    'consultant', a.consultant,
                    'section', a.section,
                    'slot', a.slot,
                    'appointment_status', a.appointment_status,
                    'slots_time', s.slots_time,
                    'price', COALESCE(s.&quot;Price&quot;, '')::text,  -- Use &quot;Price&quot; with quotes for case-sensitivity
                    'branch_name', b.branch_name,
                    'consultant_name', r.name,
                    'section_name', sec.section_name,
                    'full_name', a.full_name,
                    'mobile_no', a.mobile_no,
                    'email_id', a.email_id,
                    'locations', a.locations,
                    'startdate', a.startdate,
                    'dates', a.dates,  -- Include 'dates' column
                    'created_at', a.created_at
                )
            )
    )
                         FROM tbl_appointment a
    LEFT JOIN tbl_slots s ON CAST(a.slot AS INTEGER) = s.id
    LEFT JOIN tbl_register r ON a.consultant = r.id
    LEFT JOIN tbl_branch b ON a.branch = b.id
    LEFT JOIN tbl_section sec ON a.section = sec.id
    WHERE a.is_deleted = 'N'
    AND a.appointment_status = 'PE'  -- Only pending appointments
    AND a.dates &lt;= CURRENT_DATE
CONTEXT:  PL/pgSQL function get_pending_appointments() line 4 at SQL statement
[Method: GET, Route: get_pending_appointments]
in SYSTEMPATH\Database\BaseConnection.php on line 676.
 1 APPPATH\Controllers\Home.php(1696): CodeIgniter\Database\BaseConnection->query('CALL get_pending_appointments(?)', [...])
 2 SYSTEMPATH\CodeIgniter.php(933): App\Controllers\Home->getPendingAppointments()
 3 SYSTEMPATH\CodeIgniter.php(509): CodeIgniter\CodeIgniter->runController(Object(App\Controllers\Home))
 4 SYSTEMPATH\CodeIgniter.php(355): CodeIgniter\CodeIgniter->handleRequest(null, Object(Config\Cache), false)
 5 SYSTEMPATH\Boot.php(312): CodeIgniter\CodeIgniter->run()
 6 SYSTEMPATH\Boot.php(67): CodeIgniter\Boot::runCodeIgniter(Object(CodeIgniter\CodeIgniter))
 7 FCPATH\index.php(56): CodeIgniter\Boot::bootWeb(Object(Config\Paths))
CRITICAL - 2025-03-24 10:34:56 --> [Caused by] CodeIgniter\Database\Exceptions\DatabaseException: pg_query(): Query failed: ERROR:  column s.Price does not exist
LINE 13:                     'price', COALESCE(s.&quot;Price&quot;, '')::text, ...
                                               ^
HINT:  Perhaps you meant to reference the column &quot;s.price&quot;.
QUERY:  SELECT jsonb_build_object(
            'status', 200,
            'message', 'Pending appointments retrieved successfully',
            'data', jsonb_agg(
                jsonb_build_object(
                    'id', a.id,
                    'branch', a.branch,
                    'consultant', a.consultant,
                    'section', a.section,
                    'slot', a.slot,
                    'appointment_status', a.appointment_status,
                    'slots_time', s.slots_time,
                    'price', COALESCE(s.&quot;Price&quot;, '')::text,  -- Use &quot;Price&quot; with quotes for case-sensitivity
                    'branch_name', b.branch_name,
                    'consultant_name', r.name,
                    'section_name', sec.section_name,
                    'full_name', a.full_name,
                    'mobile_no', a.mobile_no,
                    'email_id', a.email_id,
                    'locations', a.locations,
                    'startdate', a.startdate,
                    'dates', a.dates,  -- Include 'dates' column
                    'created_at', a.created_at
                )
            )
    )
                         FROM tbl_appointment a
    LEFT JOIN tbl_slots s ON CAST(a.slot AS INTEGER) = s.id
    LEFT JOIN tbl_register r ON a.consultant = r.id
    LEFT JOIN tbl_branch b ON a.branch = b.id
    LEFT JOIN tbl_section sec ON a.section = sec.id
    WHERE a.is_deleted = 'N'
    AND a.appointment_status = 'PE'  -- Only pending appointments
    AND a.dates &lt;= CURRENT_DATE
CONTEXT:  PL/pgSQL function get_pending_appointments() line 4 at SQL statement
in SYSTEMPATH\Database\Postgre\Connection.php on line 198.
 1 SYSTEMPATH\Database\BaseConnection.php(722): CodeIgniter\Database\Postgre\Connection->execute('CALL get_pending_appointments(NULL)')
 2 SYSTEMPATH\Database\BaseConnection.php(636): CodeIgniter\Database\BaseConnection->simpleQuery('CALL get_pending_appointments(NULL)')
 3 APPPATH\Controllers\Home.php(1696): CodeIgniter\Database\BaseConnection->query('CALL get_pending_appointments(?)', [...])
 4 SYSTEMPATH\CodeIgniter.php(933): App\Controllers\Home->getPendingAppointments()
 5 SYSTEMPATH\CodeIgniter.php(509): CodeIgniter\CodeIgniter->runController(Object(App\Controllers\Home))
 6 SYSTEMPATH\CodeIgniter.php(355): CodeIgniter\CodeIgniter->handleRequest(null, Object(Config\Cache), false)
 7 SYSTEMPATH\Boot.php(312): CodeIgniter\CodeIgniter->run()
 8 SYSTEMPATH\Boot.php(67): CodeIgniter\Boot::runCodeIgniter(Object(CodeIgniter\CodeIgniter))
 9 FCPATH\index.php(56): CodeIgniter\Boot::bootWeb(Object(Config\Paths))
CRITICAL - 2025-03-24 10:34:56 --> [Caused by] ErrorException: pg_query(): Query failed: ERROR:  column s.Price does not exist
LINE 13:                     'price', COALESCE(s.&quot;Price&quot;, '')::text, ...
                                               ^
HINT:  Perhaps you meant to reference the column &quot;s.price&quot;.
QUERY:  SELECT jsonb_build_object(
            'status', 200,
            'message', 'Pending appointments retrieved successfully',
            'data', jsonb_agg(
                jsonb_build_object(
                    'id', a.id,
                    'branch', a.branch,
                    'consultant', a.consultant,
                    'section', a.section,
                    'slot', a.slot,
                    'appointment_status', a.appointment_status,
                    'slots_time', s.slots_time,
                    'price', COALESCE(s.&quot;Price&quot;, '')::text,  -- Use &quot;Price&quot; with quotes for case-sensitivity
                    'branch_name', b.branch_name,
                    'consultant_name', r.name,
                    'section_name', sec.section_name,
                    'full_name', a.full_name,
                    'mobile_no', a.mobile_no,
                    'email_id', a.email_id,
                    'locations', a.locations,
                    'startdate', a.startdate,
                    'dates', a.dates,  -- Include 'dates' column
                    'created_at', a.created_at
                )
            )
    )
                         FROM tbl_appointment a
    LEFT JOIN tbl_slots s ON CAST(a.slot AS INTEGER) = s.id
    LEFT JOIN tbl_register r ON a.consultant = r.id
    LEFT JOIN tbl_branch b ON a.branch = b.id
    LEFT JOIN tbl_section sec ON a.section = sec.id
    WHERE a.is_deleted = 'N'
    AND a.appointment_status = 'PE'  -- Only pending appointments
    AND a.dates &lt;= CURRENT_DATE
CONTEXT:  PL/pgSQL function get_pending_appointments() line 4 at SQL statement
in SYSTEMPATH\Database\Postgre\Connection.php on line 193.
 1 [internal function]: CodeIgniter\Debug\Exceptions->errorHandler(2, 'pg_query(): Query failed: ERROR:  column s.Price does not exist
LINE 13:                     \'price\', COALESCE(s.&quot;Price&quot;, \'\')::text, ...
                                               ^
HINT:  Perhaps you meant to reference the column &quot;s.price&quot;.
QUERY:  SELECT jsonb_build_object(
            \'status\', 200,
            \'message\', \'Pending appointments retrieved successfully\',
            \'data\', jsonb_agg(
                jsonb_build_object(
                    \'id\', a.id,
                    \'branch\', a.branch,
                    \'consultant\', a.consultant,
                    \'section\', a.section,
                    \'slot\', a.slot,
                    \'appointment_status\', a.appointment_status,
                    \'slots_time\', s.slots_time,
                    \'price\', COALESCE(s.&quot;Price&quot;, \'\')::text,  -- Use &quot;Price&quot; with quotes for case-sensitivity
                    \'branch_name\', b.branch_name,
                    \'consultant_name\', r.name,
                    \'section_name\', sec.section_name,
                    \'full_name\', a.full_name,
                    \'mobile_no\', a.mobile_no,
                    \'email_id\', a.email_id,
                    \'locations\', a.locations,
                    \'startdate\', a.startdate,
                    \'dates\', a.dates,  -- Include \'dates\' column
                    \'created_at\', a.created_at
                )
            )
    )
                         FROM tbl_appointment a
    LEFT JOIN tbl_slots s ON CAST(a.slot AS INTEGER) = s.id
    LEFT JOIN tbl_register r ON a.consultant = r.id
    LEFT JOIN tbl_branch b ON a.branch = b.id
    LEFT JOIN tbl_section sec ON a.section = sec.id
    WHERE a.is_deleted = \'N\'
    AND a.appointment_status = \'PE\'  -- Only pending appointments
    AND a.dates &lt;= CURRENT_DATE
CONTEXT:  PL/pgSQL function get_pending_appointments() line 4 at SQL statement', 'C:\\xampp\\htdocs\\salonClinic\\system\\Database\\Postgre\\Connection.php', 193)
 2 SYSTEMPATH\Database\Postgre\Connection.php(193): pg_query(Object(PgSql\Connection), 'CALL get_pending_appointments(NULL)')
 3 SYSTEMPATH\Database\BaseConnection.php(722): CodeIgniter\Database\Postgre\Connection->execute('CALL get_pending_appointments(NULL)')
 4 SYSTEMPATH\Database\BaseConnection.php(636): CodeIgniter\Database\BaseConnection->simpleQuery('CALL get_pending_appointments(NULL)')
 5 APPPATH\Controllers\Home.php(1696): CodeIgniter\Database\BaseConnection->query('CALL get_pending_appointments(?)', [...])
 6 SYSTEMPATH\CodeIgniter.php(933): App\Controllers\Home->getPendingAppointments()
 7 SYSTEMPATH\CodeIgniter.php(509): CodeIgniter\CodeIgniter->runController(Object(App\Controllers\Home))
 8 SYSTEMPATH\CodeIgniter.php(355): CodeIgniter\CodeIgniter->handleRequest(null, Object(Config\Cache), false)
 9 SYSTEMPATH\Boot.php(312): CodeIgniter\CodeIgniter->run()
10 SYSTEMPATH\Boot.php(67): CodeIgniter\Boot::runCodeIgniter(Object(CodeIgniter\CodeIgniter))
11 FCPATH\index.php(56): CodeIgniter\Boot::bootWeb(Object(Config\Paths))
ERROR - 2025-03-24 11:57:06 --> ErrorException: pg_query(): Query failed: ERROR:  column s.Price does not exist
LINE 13:                     'price', COALESCE(s.&quot;Price&quot;, '')::text, ...
                                               ^
HINT:  Perhaps you meant to reference the column &quot;s.price&quot;.
QUERY:  SELECT jsonb_build_object(
            'status', 200,
            'message', 'Pending appointments retrieved successfully',
            'data', jsonb_agg(
                jsonb_build_object(
                    'id', a.id,
                    'branch', a.branch,
                    'consultant', a.consultant,
                    'section', a.section,
                    'slot', a.slot,
                    'appointment_status', a.appointment_status,
                    'slots_time', s.slots_time,
                    'price', COALESCE(s.&quot;Price&quot;, '')::text,  -- Use &quot;Price&quot; with quotes for case-sensitivity
                    'branch_name', b.branch_name,
                    'consultant_name', r.name,
                    'section_name', sec.section_name,
                    'full_name', a.full_name,
                    'mobile_no', a.mobile_no,
                    'email_id', a.email_id,
                    'locations', a.locations,
                    'startdate', a.startdate,
                    'dates', a.dates,  -- Include 'dates' column
                    'created_at', a.created_at
                )
            )
    )
                         FROM tbl_appointment a
    LEFT JOIN tbl_slots s ON CAST(a.slot AS INTEGER) = s.id
    LEFT JOIN tbl_register r ON a.consultant = r.id
    LEFT JOIN tbl_branch b ON a.branch = b.id
    LEFT JOIN tbl_section sec ON a.section = sec.id
    WHERE a.is_deleted = 'N'
    AND a.appointment_status = 'PE'  -- Only pending appointments
    AND a.dates &lt;= CURRENT_DATE
CONTEXT:  PL/pgSQL function get_pending_appointments() line 4 at SQL statement in C:\xampp\htdocs\salonClinic\system\Database\Postgre\Connection.php:193
Stack trace:
#0 [internal function]: CodeIgniter\Debug\Exceptions->errorHandler(2, 'pg_query(): Que...', 'C:\\xampp\\htdocs...', 193)
#1 C:\xampp\htdocs\salonClinic\system\Database\Postgre\Connection.php(193): pg_query(Object(PgSql\Connection), 'CALL get_pendin...')
#2 C:\xampp\htdocs\salonClinic\system\Database\BaseConnection.php(722): CodeIgniter\Database\Postgre\Connection->execute('CALL get_pendin...')
#3 C:\xampp\htdocs\salonClinic\system\Database\BaseConnection.php(636): CodeIgniter\Database\BaseConnection->simpleQuery('CALL get_pendin...')
#4 C:\xampp\htdocs\salonClinic\app\Controllers\Home.php(1696): CodeIgniter\Database\BaseConnection->query('CALL get_pendin...', Array)
#5 C:\xampp\htdocs\salonClinic\system\CodeIgniter.php(933): App\Controllers\Home->getPendingAppointments()
#6 C:\xampp\htdocs\salonClinic\system\CodeIgniter.php(509): CodeIgniter\CodeIgniter->runController(Object(App\Controllers\Home))
#7 C:\xampp\htdocs\salonClinic\system\CodeIgniter.php(355): CodeIgniter\CodeIgniter->handleRequest(NULL, Object(Config\Cache), false)
#8 C:\xampp\htdocs\salonClinic\system\Boot.php(312): CodeIgniter\CodeIgniter->run()
#9 C:\xampp\htdocs\salonClinic\system\Boot.php(67): CodeIgniter\Boot::runCodeIgniter(Object(CodeIgniter\CodeIgniter))
#10 C:\xampp\htdocs\salonClinic\index.php(56): CodeIgniter\Boot::bootWeb(Object(Config\Paths))
#11 {main}
CRITICAL - 2025-03-24 11:57:06 --> CodeIgniter\Database\Exceptions\DatabaseException: pg_query(): Query failed: ERROR:  column s.Price does not exist
LINE 13:                     'price', COALESCE(s.&quot;Price&quot;, '')::text, ...
                                               ^
HINT:  Perhaps you meant to reference the column &quot;s.price&quot;.
QUERY:  SELECT jsonb_build_object(
            'status', 200,
            'message', 'Pending appointments retrieved successfully',
            'data', jsonb_agg(
                jsonb_build_object(
                    'id', a.id,
                    'branch', a.branch,
                    'consultant', a.consultant,
                    'section', a.section,
                    'slot', a.slot,
                    'appointment_status', a.appointment_status,
                    'slots_time', s.slots_time,
                    'price', COALESCE(s.&quot;Price&quot;, '')::text,  -- Use &quot;Price&quot; with quotes for case-sensitivity
                    'branch_name', b.branch_name,
                    'consultant_name', r.name,
                    'section_name', sec.section_name,
                    'full_name', a.full_name,
                    'mobile_no', a.mobile_no,
                    'email_id', a.email_id,
                    'locations', a.locations,
                    'startdate', a.startdate,
                    'dates', a.dates,  -- Include 'dates' column
                    'created_at', a.created_at
                )
            )
    )
                         FROM tbl_appointment a
    LEFT JOIN tbl_slots s ON CAST(a.slot AS INTEGER) = s.id
    LEFT JOIN tbl_register r ON a.consultant = r.id
    LEFT JOIN tbl_branch b ON a.branch = b.id
    LEFT JOIN tbl_section sec ON a.section = sec.id
    WHERE a.is_deleted = 'N'
    AND a.appointment_status = 'PE'  -- Only pending appointments
    AND a.dates &lt;= CURRENT_DATE
CONTEXT:  PL/pgSQL function get_pending_appointments() line 4 at SQL statement
[Method: GET, Route: get_pending_appointments]
in SYSTEMPATH\Database\BaseConnection.php on line 676.
 1 APPPATH\Controllers\Home.php(1696): CodeIgniter\Database\BaseConnection->query('CALL get_pending_appointments(?)', [...])
 2 SYSTEMPATH\CodeIgniter.php(933): App\Controllers\Home->getPendingAppointments()
 3 SYSTEMPATH\CodeIgniter.php(509): CodeIgniter\CodeIgniter->runController(Object(App\Controllers\Home))
 4 SYSTEMPATH\CodeIgniter.php(355): CodeIgniter\CodeIgniter->handleRequest(null, Object(Config\Cache), false)
 5 SYSTEMPATH\Boot.php(312): CodeIgniter\CodeIgniter->run()
 6 SYSTEMPATH\Boot.php(67): CodeIgniter\Boot::runCodeIgniter(Object(CodeIgniter\CodeIgniter))
 7 FCPATH\index.php(56): CodeIgniter\Boot::bootWeb(Object(Config\Paths))
CRITICAL - 2025-03-24 11:57:06 --> [Caused by] CodeIgniter\Database\Exceptions\DatabaseException: pg_query(): Query failed: ERROR:  column s.Price does not exist
LINE 13:                     'price', COALESCE(s.&quot;Price&quot;, '')::text, ...
                                               ^
HINT:  Perhaps you meant to reference the column &quot;s.price&quot;.
QUERY:  SELECT jsonb_build_object(
            'status', 200,
            'message', 'Pending appointments retrieved successfully',
            'data', jsonb_agg(
                jsonb_build_object(
                    'id', a.id,
                    'branch', a.branch,
                    'consultant', a.consultant,
                    'section', a.section,
                    'slot', a.slot,
                    'appointment_status', a.appointment_status,
                    'slots_time', s.slots_time,
                    'price', COALESCE(s.&quot;Price&quot;, '')::text,  -- Use &quot;Price&quot; with quotes for case-sensitivity
                    'branch_name', b.branch_name,
                    'consultant_name', r.name,
                    'section_name', sec.section_name,
                    'full_name', a.full_name,
                    'mobile_no', a.mobile_no,
                    'email_id', a.email_id,
                    'locations', a.locations,
                    'startdate', a.startdate,
                    'dates', a.dates,  -- Include 'dates' column
                    'created_at', a.created_at
                )
            )
    )
                         FROM tbl_appointment a
    LEFT JOIN tbl_slots s ON CAST(a.slot AS INTEGER) = s.id
    LEFT JOIN tbl_register r ON a.consultant = r.id
    LEFT JOIN tbl_branch b ON a.branch = b.id
    LEFT JOIN tbl_section sec ON a.section = sec.id
    WHERE a.is_deleted = 'N'
    AND a.appointment_status = 'PE'  -- Only pending appointments
    AND a.dates &lt;= CURRENT_DATE
CONTEXT:  PL/pgSQL function get_pending_appointments() line 4 at SQL statement
in SYSTEMPATH\Database\Postgre\Connection.php on line 198.
 1 SYSTEMPATH\Database\BaseConnection.php(722): CodeIgniter\Database\Postgre\Connection->execute('CALL get_pending_appointments(NULL)')
 2 SYSTEMPATH\Database\BaseConnection.php(636): CodeIgniter\Database\BaseConnection->simpleQuery('CALL get_pending_appointments(NULL)')
 3 APPPATH\Controllers\Home.php(1696): CodeIgniter\Database\BaseConnection->query('CALL get_pending_appointments(?)', [...])
 4 SYSTEMPATH\CodeIgniter.php(933): App\Controllers\Home->getPendingAppointments()
 5 SYSTEMPATH\CodeIgniter.php(509): CodeIgniter\CodeIgniter->runController(Object(App\Controllers\Home))
 6 SYSTEMPATH\CodeIgniter.php(355): CodeIgniter\CodeIgniter->handleRequest(null, Object(Config\Cache), false)
 7 SYSTEMPATH\Boot.php(312): CodeIgniter\CodeIgniter->run()
 8 SYSTEMPATH\Boot.php(67): CodeIgniter\Boot::runCodeIgniter(Object(CodeIgniter\CodeIgniter))
 9 FCPATH\index.php(56): CodeIgniter\Boot::bootWeb(Object(Config\Paths))
CRITICAL - 2025-03-24 11:57:06 --> [Caused by] ErrorException: pg_query(): Query failed: ERROR:  column s.Price does not exist
LINE 13:                     'price', COALESCE(s.&quot;Price&quot;, '')::text, ...
                                               ^
HINT:  Perhaps you meant to reference the column &quot;s.price&quot;.
QUERY:  SELECT jsonb_build_object(
            'status', 200,
            'message', 'Pending appointments retrieved successfully',
            'data', jsonb_agg(
                jsonb_build_object(
                    'id', a.id,
                    'branch', a.branch,
                    'consultant', a.consultant,
                    'section', a.section,
                    'slot', a.slot,
                    'appointment_status', a.appointment_status,
                    'slots_time', s.slots_time,
                    'price', COALESCE(s.&quot;Price&quot;, '')::text,  -- Use &quot;Price&quot; with quotes for case-sensitivity
                    'branch_name', b.branch_name,
                    'consultant_name', r.name,
                    'section_name', sec.section_name,
                    'full_name', a.full_name,
                    'mobile_no', a.mobile_no,
                    'email_id', a.email_id,
                    'locations', a.locations,
                    'startdate', a.startdate,
                    'dates', a.dates,  -- Include 'dates' column
                    'created_at', a.created_at
                )
            )
    )
                         FROM tbl_appointment a
    LEFT JOIN tbl_slots s ON CAST(a.slot AS INTEGER) = s.id
    LEFT JOIN tbl_register r ON a.consultant = r.id
    LEFT JOIN tbl_branch b ON a.branch = b.id
    LEFT JOIN tbl_section sec ON a.section = sec.id
    WHERE a.is_deleted = 'N'
    AND a.appointment_status = 'PE'  -- Only pending appointments
    AND a.dates &lt;= CURRENT_DATE
CONTEXT:  PL/pgSQL function get_pending_appointments() line 4 at SQL statement
in SYSTEMPATH\Database\Postgre\Connection.php on line 193.
 1 [internal function]: CodeIgniter\Debug\Exceptions->errorHandler(2, 'pg_query(): Query failed: ERROR:  column s.Price does not exist
LINE 13:                     \'price\', COALESCE(s.&quot;Price&quot;, \'\')::text, ...
                                               ^
HINT:  Perhaps you meant to reference the column &quot;s.price&quot;.
QUERY:  SELECT jsonb_build_object(
            \'status\', 200,
            \'message\', \'Pending appointments retrieved successfully\',
            \'data\', jsonb_agg(
                jsonb_build_object(
                    \'id\', a.id,
                    \'branch\', a.branch,
                    \'consultant\', a.consultant,
                    \'section\', a.section,
                    \'slot\', a.slot,
                    \'appointment_status\', a.appointment_status,
                    \'slots_time\', s.slots_time,
                    \'price\', COALESCE(s.&quot;Price&quot;, \'\')::text,  -- Use &quot;Price&quot; with quotes for case-sensitivity
                    \'branch_name\', b.branch_name,
                    \'consultant_name\', r.name,
                    \'section_name\', sec.section_name,
                    \'full_name\', a.full_name,
                    \'mobile_no\', a.mobile_no,
                    \'email_id\', a.email_id,
                    \'locations\', a.locations,
                    \'startdate\', a.startdate,
                    \'dates\', a.dates,  -- Include \'dates\' column
                    \'created_at\', a.created_at
                )
            )
    )
                         FROM tbl_appointment a
    LEFT JOIN tbl_slots s ON CAST(a.slot AS INTEGER) = s.id
    LEFT JOIN tbl_register r ON a.consultant = r.id
    LEFT JOIN tbl_branch b ON a.branch = b.id
    LEFT JOIN tbl_section sec ON a.section = sec.id
    WHERE a.is_deleted = \'N\'
    AND a.appointment_status = \'PE\'  -- Only pending appointments
    AND a.dates &lt;= CURRENT_DATE
CONTEXT:  PL/pgSQL function get_pending_appointments() line 4 at SQL statement', 'C:\\xampp\\htdocs\\salonClinic\\system\\Database\\Postgre\\Connection.php', 193)
 2 SYSTEMPATH\Database\Postgre\Connection.php(193): pg_query(Object(PgSql\Connection), 'CALL get_pending_appointments(NULL)')
 3 SYSTEMPATH\Database\BaseConnection.php(722): CodeIgniter\Database\Postgre\Connection->execute('CALL get_pending_appointments(NULL)')
 4 SYSTEMPATH\Database\BaseConnection.php(636): CodeIgniter\Database\BaseConnection->simpleQuery('CALL get_pending_appointments(NULL)')
 5 APPPATH\Controllers\Home.php(1696): CodeIgniter\Database\BaseConnection->query('CALL get_pending_appointments(?)', [...])
 6 SYSTEMPATH\CodeIgniter.php(933): App\Controllers\Home->getPendingAppointments()
 7 SYSTEMPATH\CodeIgniter.php(509): CodeIgniter\CodeIgniter->runController(Object(App\Controllers\Home))
 8 SYSTEMPATH\CodeIgniter.php(355): CodeIgniter\CodeIgniter->handleRequest(null, Object(Config\Cache), false)
 9 SYSTEMPATH\Boot.php(312): CodeIgniter\CodeIgniter->run()
10 SYSTEMPATH\Boot.php(67): CodeIgniter\Boot::runCodeIgniter(Object(CodeIgniter\CodeIgniter))
11 FCPATH\index.php(56): CodeIgniter\Boot::bootWeb(Object(Config\Paths))
ERROR - 2025-03-24 12:08:35 --> ErrorException: pg_query(): Query failed: ERROR:  column s.Price does not exist
LINE 13:                     'price', COALESCE(s.&quot;Price&quot;, '')::text, ...
                                               ^
HINT:  Perhaps you meant to reference the column &quot;s.price&quot;.
QUERY:  SELECT jsonb_build_object(
            'status', 200,
            'message', 'Pending appointments retrieved successfully',
            'data', jsonb_agg(
                jsonb_build_object(
                    'id', a.id,
                    'branch', a.branch,
                    'consultant', a.consultant,
                    'section', a.section,
                    'slot', a.slot,
                    'appointment_status', a.appointment_status,
                    'slots_time', s.slots_time,
                    'price', COALESCE(s.&quot;Price&quot;, '')::text,  -- Use &quot;Price&quot; with quotes for case-sensitivity
                    'branch_name', b.branch_name,
                    'consultant_name', r.name,
                    'section_name', sec.section_name,
                    'full_name', a.full_name,
                    'mobile_no', a.mobile_no,
                    'email_id', a.email_id,
                    'locations', a.locations,
                    'startdate', a.startdate,
                    'dates', a.dates,  -- Include 'dates' column
                    'created_at', a.created_at
                )
            )
    )
                         FROM tbl_appointment a
    LEFT JOIN tbl_slots s ON CAST(a.slot AS INTEGER) = s.id
    LEFT JOIN tbl_register r ON a.consultant = r.id
    LEFT JOIN tbl_branch b ON a.branch = b.id
    LEFT JOIN tbl_section sec ON a.section = sec.id
    WHERE a.is_deleted = 'N'
    AND a.appointment_status = 'PE'  -- Only pending appointments
    AND a.dates &lt;= CURRENT_DATE
CONTEXT:  PL/pgSQL function get_pending_appointments() line 4 at SQL statement in C:\xampp\htdocs\salonClinic\system\Database\Postgre\Connection.php:193
Stack trace:
#0 [internal function]: CodeIgniter\Debug\Exceptions->errorHandler(2, 'pg_query(): Que...', 'C:\\xampp\\htdocs...', 193)
#1 C:\xampp\htdocs\salonClinic\system\Database\Postgre\Connection.php(193): pg_query(Object(PgSql\Connection), 'CALL get_pendin...')
#2 C:\xampp\htdocs\salonClinic\system\Database\BaseConnection.php(722): CodeIgniter\Database\Postgre\Connection->execute('CALL get_pendin...')
#3 C:\xampp\htdocs\salonClinic\system\Database\BaseConnection.php(636): CodeIgniter\Database\BaseConnection->simpleQuery('CALL get_pendin...')
#4 C:\xampp\htdocs\salonClinic\app\Controllers\Home.php(1696): CodeIgniter\Database\BaseConnection->query('CALL get_pendin...', Array)
#5 C:\xampp\htdocs\salonClinic\system\CodeIgniter.php(933): App\Controllers\Home->getPendingAppointments()
#6 C:\xampp\htdocs\salonClinic\system\CodeIgniter.php(509): CodeIgniter\CodeIgniter->runController(Object(App\Controllers\Home))
#7 C:\xampp\htdocs\salonClinic\system\CodeIgniter.php(355): CodeIgniter\CodeIgniter->handleRequest(NULL, Object(Config\Cache), false)
#8 C:\xampp\htdocs\salonClinic\system\Boot.php(312): CodeIgniter\CodeIgniter->run()
#9 C:\xampp\htdocs\salonClinic\system\Boot.php(67): CodeIgniter\Boot::runCodeIgniter(Object(CodeIgniter\CodeIgniter))
#10 C:\xampp\htdocs\salonClinic\index.php(56): CodeIgniter\Boot::bootWeb(Object(Config\Paths))
#11 {main}
CRITICAL - 2025-03-24 12:08:35 --> CodeIgniter\Database\Exceptions\DatabaseException: pg_query(): Query failed: ERROR:  column s.Price does not exist
LINE 13:                     'price', COALESCE(s.&quot;Price&quot;, '')::text, ...
                                               ^
HINT:  Perhaps you meant to reference the column &quot;s.price&quot;.
QUERY:  SELECT jsonb_build_object(
            'status', 200,
            'message', 'Pending appointments retrieved successfully',
            'data', jsonb_agg(
                jsonb_build_object(
                    'id', a.id,
                    'branch', a.branch,
                    'consultant', a.consultant,
                    'section', a.section,
                    'slot', a.slot,
                    'appointment_status', a.appointment_status,
                    'slots_time', s.slots_time,
                    'price', COALESCE(s.&quot;Price&quot;, '')::text,  -- Use &quot;Price&quot; with quotes for case-sensitivity
                    'branch_name', b.branch_name,
                    'consultant_name', r.name,
                    'section_name', sec.section_name,
                    'full_name', a.full_name,
                    'mobile_no', a.mobile_no,
                    'email_id', a.email_id,
                    'locations', a.locations,
                    'startdate', a.startdate,
                    'dates', a.dates,  -- Include 'dates' column
                    'created_at', a.created_at
                )
            )
    )
                         FROM tbl_appointment a
    LEFT JOIN tbl_slots s ON CAST(a.slot AS INTEGER) = s.id
    LEFT JOIN tbl_register r ON a.consultant = r.id
    LEFT JOIN tbl_branch b ON a.branch = b.id
    LEFT JOIN tbl_section sec ON a.section = sec.id
    WHERE a.is_deleted = 'N'
    AND a.appointment_status = 'PE'  -- Only pending appointments
    AND a.dates &lt;= CURRENT_DATE
CONTEXT:  PL/pgSQL function get_pending_appointments() line 4 at SQL statement
[Method: GET, Route: get_pending_appointments]
in SYSTEMPATH\Database\BaseConnection.php on line 676.
 1 APPPATH\Controllers\Home.php(1696): CodeIgniter\Database\BaseConnection->query('CALL get_pending_appointments(?)', [...])
 2 SYSTEMPATH\CodeIgniter.php(933): App\Controllers\Home->getPendingAppointments()
 3 SYSTEMPATH\CodeIgniter.php(509): CodeIgniter\CodeIgniter->runController(Object(App\Controllers\Home))
 4 SYSTEMPATH\CodeIgniter.php(355): CodeIgniter\CodeIgniter->handleRequest(null, Object(Config\Cache), false)
 5 SYSTEMPATH\Boot.php(312): CodeIgniter\CodeIgniter->run()
 6 SYSTEMPATH\Boot.php(67): CodeIgniter\Boot::runCodeIgniter(Object(CodeIgniter\CodeIgniter))
 7 FCPATH\index.php(56): CodeIgniter\Boot::bootWeb(Object(Config\Paths))
CRITICAL - 2025-03-24 12:08:35 --> [Caused by] CodeIgniter\Database\Exceptions\DatabaseException: pg_query(): Query failed: ERROR:  column s.Price does not exist
LINE 13:                     'price', COALESCE(s.&quot;Price&quot;, '')::text, ...
                                               ^
HINT:  Perhaps you meant to reference the column &quot;s.price&quot;.
QUERY:  SELECT jsonb_build_object(
            'status', 200,
            'message', 'Pending appointments retrieved successfully',
            'data', jsonb_agg(
                jsonb_build_object(
                    'id', a.id,
                    'branch', a.branch,
                    'consultant', a.consultant,
                    'section', a.section,
                    'slot', a.slot,
                    'appointment_status', a.appointment_status,
                    'slots_time', s.slots_time,
                    'price', COALESCE(s.&quot;Price&quot;, '')::text,  -- Use &quot;Price&quot; with quotes for case-sensitivity
                    'branch_name', b.branch_name,
                    'consultant_name', r.name,
                    'section_name', sec.section_name,
                    'full_name', a.full_name,
                    'mobile_no', a.mobile_no,
                    'email_id', a.email_id,
                    'locations', a.locations,
                    'startdate', a.startdate,
                    'dates', a.dates,  -- Include 'dates' column
                    'created_at', a.created_at
                )
            )
    )
                         FROM tbl_appointment a
    LEFT JOIN tbl_slots s ON CAST(a.slot AS INTEGER) = s.id
    LEFT JOIN tbl_register r ON a.consultant = r.id
    LEFT JOIN tbl_branch b ON a.branch = b.id
    LEFT JOIN tbl_section sec ON a.section = sec.id
    WHERE a.is_deleted = 'N'
    AND a.appointment_status = 'PE'  -- Only pending appointments
    AND a.dates &lt;= CURRENT_DATE
CONTEXT:  PL/pgSQL function get_pending_appointments() line 4 at SQL statement
in SYSTEMPATH\Database\Postgre\Connection.php on line 198.
 1 SYSTEMPATH\Database\BaseConnection.php(722): CodeIgniter\Database\Postgre\Connection->execute('CALL get_pending_appointments(NULL)')
 2 SYSTEMPATH\Database\BaseConnection.php(636): CodeIgniter\Database\BaseConnection->simpleQuery('CALL get_pending_appointments(NULL)')
 3 APPPATH\Controllers\Home.php(1696): CodeIgniter\Database\BaseConnection->query('CALL get_pending_appointments(?)', [...])
 4 SYSTEMPATH\CodeIgniter.php(933): App\Controllers\Home->getPendingAppointments()
 5 SYSTEMPATH\CodeIgniter.php(509): CodeIgniter\CodeIgniter->runController(Object(App\Controllers\Home))
 6 SYSTEMPATH\CodeIgniter.php(355): CodeIgniter\CodeIgniter->handleRequest(null, Object(Config\Cache), false)
 7 SYSTEMPATH\Boot.php(312): CodeIgniter\CodeIgniter->run()
 8 SYSTEMPATH\Boot.php(67): CodeIgniter\Boot::runCodeIgniter(Object(CodeIgniter\CodeIgniter))
 9 FCPATH\index.php(56): CodeIgniter\Boot::bootWeb(Object(Config\Paths))
CRITICAL - 2025-03-24 12:08:35 --> [Caused by] ErrorException: pg_query(): Query failed: ERROR:  column s.Price does not exist
LINE 13:                     'price', COALESCE(s.&quot;Price&quot;, '')::text, ...
                                               ^
HINT:  Perhaps you meant to reference the column &quot;s.price&quot;.
QUERY:  SELECT jsonb_build_object(
            'status', 200,
            'message', 'Pending appointments retrieved successfully',
            'data', jsonb_agg(
                jsonb_build_object(
                    'id', a.id,
                    'branch', a.branch,
                    'consultant', a.consultant,
                    'section', a.section,
                    'slot', a.slot,
                    'appointment_status', a.appointment_status,
                    'slots_time', s.slots_time,
                    'price', COALESCE(s.&quot;Price&quot;, '')::text,  -- Use &quot;Price&quot; with quotes for case-sensitivity
                    'branch_name', b.branch_name,
                    'consultant_name', r.name,
                    'section_name', sec.section_name,
                    'full_name', a.full_name,
                    'mobile_no', a.mobile_no,
                    'email_id', a.email_id,
                    'locations', a.locations,
                    'startdate', a.startdate,
                    'dates', a.dates,  -- Include 'dates' column
                    'created_at', a.created_at
                )
            )
    )
                         FROM tbl_appointment a
    LEFT JOIN tbl_slots s ON CAST(a.slot AS INTEGER) = s.id
    LEFT JOIN tbl_register r ON a.consultant = r.id
    LEFT JOIN tbl_branch b ON a.branch = b.id
    LEFT JOIN tbl_section sec ON a.section = sec.id
    WHERE a.is_deleted = 'N'
    AND a.appointment_status = 'PE'  -- Only pending appointments
    AND a.dates &lt;= CURRENT_DATE
CONTEXT:  PL/pgSQL function get_pending_appointments() line 4 at SQL statement
in SYSTEMPATH\Database\Postgre\Connection.php on line 193.
 1 [internal function]: CodeIgniter\Debug\Exceptions->errorHandler(2, 'pg_query(): Query failed: ERROR:  column s.Price does not exist
LINE 13:                     \'price\', COALESCE(s.&quot;Price&quot;, \'\')::text, ...
                                               ^
HINT:  Perhaps you meant to reference the column &quot;s.price&quot;.
QUERY:  SELECT jsonb_build_object(
            \'status\', 200,
            \'message\', \'Pending appointments retrieved successfully\',
            \'data\', jsonb_agg(
                jsonb_build_object(
                    \'id\', a.id,
                    \'branch\', a.branch,
                    \'consultant\', a.consultant,
                    \'section\', a.section,
                    \'slot\', a.slot,
                    \'appointment_status\', a.appointment_status,
                    \'slots_time\', s.slots_time,
                    \'price\', COALESCE(s.&quot;Price&quot;, \'\')::text,  -- Use &quot;Price&quot; with quotes for case-sensitivity
                    \'branch_name\', b.branch_name,
                    \'consultant_name\', r.name,
                    \'section_name\', sec.section_name,
                    \'full_name\', a.full_name,
                    \'mobile_no\', a.mobile_no,
                    \'email_id\', a.email_id,
                    \'locations\', a.locations,
                    \'startdate\', a.startdate,
                    \'dates\', a.dates,  -- Include \'dates\' column
                    \'created_at\', a.created_at
                )
            )
    )
                         FROM tbl_appointment a
    LEFT JOIN tbl_slots s ON CAST(a.slot AS INTEGER) = s.id
    LEFT JOIN tbl_register r ON a.consultant = r.id
    LEFT JOIN tbl_branch b ON a.branch = b.id
    LEFT JOIN tbl_section sec ON a.section = sec.id
    WHERE a.is_deleted = \'N\'
    AND a.appointment_status = \'PE\'  -- Only pending appointments
    AND a.dates &lt;= CURRENT_DATE
CONTEXT:  PL/pgSQL function get_pending_appointments() line 4 at SQL statement', 'C:\\xampp\\htdocs\\salonClinic\\system\\Database\\Postgre\\Connection.php', 193)
 2 SYSTEMPATH\Database\Postgre\Connection.php(193): pg_query(Object(PgSql\Connection), 'CALL get_pending_appointments(NULL)')
 3 SYSTEMPATH\Database\BaseConnection.php(722): CodeIgniter\Database\Postgre\Connection->execute('CALL get_pending_appointments(NULL)')
 4 SYSTEMPATH\Database\BaseConnection.php(636): CodeIgniter\Database\BaseConnection->simpleQuery('CALL get_pending_appointments(NULL)')
 5 APPPATH\Controllers\Home.php(1696): CodeIgniter\Database\BaseConnection->query('CALL get_pending_appointments(?)', [...])
 6 SYSTEMPATH\CodeIgniter.php(933): App\Controllers\Home->getPendingAppointments()
 7 SYSTEMPATH\CodeIgniter.php(509): CodeIgniter\CodeIgniter->runController(Object(App\Controllers\Home))
 8 SYSTEMPATH\CodeIgniter.php(355): CodeIgniter\CodeIgniter->handleRequest(null, Object(Config\Cache), false)
 9 SYSTEMPATH\Boot.php(312): CodeIgniter\CodeIgniter->run()
10 SYSTEMPATH\Boot.php(67): CodeIgniter\Boot::runCodeIgniter(Object(CodeIgniter\CodeIgniter))
11 FCPATH\index.php(56): CodeIgniter\Boot::bootWeb(Object(Config\Paths))
ERROR - 2025-03-24 12:33:01 --> ErrorException: pg_query(): Query failed: ERROR:  column s.Price does not exist
LINE 13:                     'price', COALESCE(s.&quot;Price&quot;, '')::text, ...
                                               ^
HINT:  Perhaps you meant to reference the column &quot;s.price&quot;.
QUERY:  SELECT jsonb_build_object(
            'status', 200,
            'message', 'Pending appointments retrieved successfully',
            'data', jsonb_agg(
                jsonb_build_object(
                    'id', a.id,
                    'branch', a.branch,
                    'consultant', a.consultant,
                    'section', a.section,
                    'slot', a.slot,
                    'appointment_status', a.appointment_status,
                    'slots_time', s.slots_time,
                    'price', COALESCE(s.&quot;Price&quot;, '')::text,  -- Use &quot;Price&quot; with quotes for case-sensitivity
                    'branch_name', b.branch_name,
                    'consultant_name', r.name,
                    'section_name', sec.section_name,
                    'full_name', a.full_name,
                    'mobile_no', a.mobile_no,
                    'email_id', a.email_id,
                    'locations', a.locations,
                    'startdate', a.startdate,
                    'dates', a.dates,  -- Include 'dates' column
                    'created_at', a.created_at
                )
            )
    )
                         FROM tbl_appointment a
    LEFT JOIN tbl_slots s ON CAST(a.slot AS INTEGER) = s.id
    LEFT JOIN tbl_register r ON a.consultant = r.id
    LEFT JOIN tbl_branch b ON a.branch = b.id
    LEFT JOIN tbl_section sec ON a.section = sec.id
    WHERE a.is_deleted = 'N'
    AND a.appointment_status = 'PE'  -- Only pending appointments
    AND a.dates &lt;= CURRENT_DATE
CONTEXT:  PL/pgSQL function get_pending_appointments() line 4 at SQL statement in C:\xampp\htdocs\salonClinic\system\Database\Postgre\Connection.php:193
Stack trace:
#0 [internal function]: CodeIgniter\Debug\Exceptions->errorHandler(2, 'pg_query(): Que...', 'C:\\xampp\\htdocs...', 193)
#1 C:\xampp\htdocs\salonClinic\system\Database\Postgre\Connection.php(193): pg_query(Object(PgSql\Connection), 'CALL get_pendin...')
#2 C:\xampp\htdocs\salonClinic\system\Database\BaseConnection.php(722): CodeIgniter\Database\Postgre\Connection->execute('CALL get_pendin...')
#3 C:\xampp\htdocs\salonClinic\system\Database\BaseConnection.php(636): CodeIgniter\Database\BaseConnection->simpleQuery('CALL get_pendin...')
#4 C:\xampp\htdocs\salonClinic\app\Controllers\Home.php(1696): CodeIgniter\Database\BaseConnection->query('CALL get_pendin...', Array)
#5 C:\xampp\htdocs\salonClinic\system\CodeIgniter.php(933): App\Controllers\Home->getPendingAppointments()
#6 C:\xampp\htdocs\salonClinic\system\CodeIgniter.php(509): CodeIgniter\CodeIgniter->runController(Object(App\Controllers\Home))
#7 C:\xampp\htdocs\salonClinic\system\CodeIgniter.php(355): CodeIgniter\CodeIgniter->handleRequest(NULL, Object(Config\Cache), false)
#8 C:\xampp\htdocs\salonClinic\system\Boot.php(312): CodeIgniter\CodeIgniter->run()
#9 C:\xampp\htdocs\salonClinic\system\Boot.php(67): CodeIgniter\Boot::runCodeIgniter(Object(CodeIgniter\CodeIgniter))
#10 C:\xampp\htdocs\salonClinic\index.php(56): CodeIgniter\Boot::bootWeb(Object(Config\Paths))
#11 {main}
CRITICAL - 2025-03-24 12:33:01 --> CodeIgniter\Database\Exceptions\DatabaseException: pg_query(): Query failed: ERROR:  column s.Price does not exist
LINE 13:                     'price', COALESCE(s.&quot;Price&quot;, '')::text, ...
                                               ^
HINT:  Perhaps you meant to reference the column &quot;s.price&quot;.
QUERY:  SELECT jsonb_build_object(
            'status', 200,
            'message', 'Pending appointments retrieved successfully',
            'data', jsonb_agg(
                jsonb_build_object(
                    'id', a.id,
                    'branch', a.branch,
                    'consultant', a.consultant,
                    'section', a.section,
                    'slot', a.slot,
                    'appointment_status', a.appointment_status,
                    'slots_time', s.slots_time,
                    'price', COALESCE(s.&quot;Price&quot;, '')::text,  -- Use &quot;Price&quot; with quotes for case-sensitivity
                    'branch_name', b.branch_name,
                    'consultant_name', r.name,
                    'section_name', sec.section_name,
                    'full_name', a.full_name,
                    'mobile_no', a.mobile_no,
                    'email_id', a.email_id,
                    'locations', a.locations,
                    'startdate', a.startdate,
                    'dates', a.dates,  -- Include 'dates' column
                    'created_at', a.created_at
                )
            )
    )
                         FROM tbl_appointment a
    LEFT JOIN tbl_slots s ON CAST(a.slot AS INTEGER) = s.id
    LEFT JOIN tbl_register r ON a.consultant = r.id
    LEFT JOIN tbl_branch b ON a.branch = b.id
    LEFT JOIN tbl_section sec ON a.section = sec.id
    WHERE a.is_deleted = 'N'
    AND a.appointment_status = 'PE'  -- Only pending appointments
    AND a.dates &lt;= CURRENT_DATE
CONTEXT:  PL/pgSQL function get_pending_appointments() line 4 at SQL statement
[Method: GET, Route: get_pending_appointments]
in SYSTEMPATH\Database\BaseConnection.php on line 676.
 1 APPPATH\Controllers\Home.php(1696): CodeIgniter\Database\BaseConnection->query('CALL get_pending_appointments(?)', [...])
 2 SYSTEMPATH\CodeIgniter.php(933): App\Controllers\Home->getPendingAppointments()
 3 SYSTEMPATH\CodeIgniter.php(509): CodeIgniter\CodeIgniter->runController(Object(App\Controllers\Home))
 4 SYSTEMPATH\CodeIgniter.php(355): CodeIgniter\CodeIgniter->handleRequest(null, Object(Config\Cache), false)
 5 SYSTEMPATH\Boot.php(312): CodeIgniter\CodeIgniter->run()
 6 SYSTEMPATH\Boot.php(67): CodeIgniter\Boot::runCodeIgniter(Object(CodeIgniter\CodeIgniter))
 7 FCPATH\index.php(56): CodeIgniter\Boot::bootWeb(Object(Config\Paths))
CRITICAL - 2025-03-24 12:33:01 --> [Caused by] CodeIgniter\Database\Exceptions\DatabaseException: pg_query(): Query failed: ERROR:  column s.Price does not exist
LINE 13:                     'price', COALESCE(s.&quot;Price&quot;, '')::text, ...
                                               ^
HINT:  Perhaps you meant to reference the column &quot;s.price&quot;.
QUERY:  SELECT jsonb_build_object(
            'status', 200,
            'message', 'Pending appointments retrieved successfully',
            'data', jsonb_agg(
                jsonb_build_object(
                    'id', a.id,
                    'branch', a.branch,
                    'consultant', a.consultant,
                    'section', a.section,
                    'slot', a.slot,
                    'appointment_status', a.appointment_status,
                    'slots_time', s.slots_time,
                    'price', COALESCE(s.&quot;Price&quot;, '')::text,  -- Use &quot;Price&quot; with quotes for case-sensitivity
                    'branch_name', b.branch_name,
                    'consultant_name', r.name,
                    'section_name', sec.section_name,
                    'full_name', a.full_name,
                    'mobile_no', a.mobile_no,
                    'email_id', a.email_id,
                    'locations', a.locations,
                    'startdate', a.startdate,
                    'dates', a.dates,  -- Include 'dates' column
                    'created_at', a.created_at
                )
            )
    )
                         FROM tbl_appointment a
    LEFT JOIN tbl_slots s ON CAST(a.slot AS INTEGER) = s.id
    LEFT JOIN tbl_register r ON a.consultant = r.id
    LEFT JOIN tbl_branch b ON a.branch = b.id
    LEFT JOIN tbl_section sec ON a.section = sec.id
    WHERE a.is_deleted = 'N'
    AND a.appointment_status = 'PE'  -- Only pending appointments
    AND a.dates &lt;= CURRENT_DATE
CONTEXT:  PL/pgSQL function get_pending_appointments() line 4 at SQL statement
in SYSTEMPATH\Database\Postgre\Connection.php on line 198.
 1 SYSTEMPATH\Database\BaseConnection.php(722): CodeIgniter\Database\Postgre\Connection->execute('CALL get_pending_appointments(NULL)')
 2 SYSTEMPATH\Database\BaseConnection.php(636): CodeIgniter\Database\BaseConnection->simpleQuery('CALL get_pending_appointments(NULL)')
 3 APPPATH\Controllers\Home.php(1696): CodeIgniter\Database\BaseConnection->query('CALL get_pending_appointments(?)', [...])
 4 SYSTEMPATH\CodeIgniter.php(933): App\Controllers\Home->getPendingAppointments()
 5 SYSTEMPATH\CodeIgniter.php(509): CodeIgniter\CodeIgniter->runController(Object(App\Controllers\Home))
 6 SYSTEMPATH\CodeIgniter.php(355): CodeIgniter\CodeIgniter->handleRequest(null, Object(Config\Cache), false)
 7 SYSTEMPATH\Boot.php(312): CodeIgniter\CodeIgniter->run()
 8 SYSTEMPATH\Boot.php(67): CodeIgniter\Boot::runCodeIgniter(Object(CodeIgniter\CodeIgniter))
 9 FCPATH\index.php(56): CodeIgniter\Boot::bootWeb(Object(Config\Paths))
CRITICAL - 2025-03-24 12:33:01 --> [Caused by] ErrorException: pg_query(): Query failed: ERROR:  column s.Price does not exist
LINE 13:                     'price', COALESCE(s.&quot;Price&quot;, '')::text, ...
                                               ^
HINT:  Perhaps you meant to reference the column &quot;s.price&quot;.
QUERY:  SELECT jsonb_build_object(
            'status', 200,
            'message', 'Pending appointments retrieved successfully',
            'data', jsonb_agg(
                jsonb_build_object(
                    'id', a.id,
                    'branch', a.branch,
                    'consultant', a.consultant,
                    'section', a.section,
                    'slot', a.slot,
                    'appointment_status', a.appointment_status,
                    'slots_time', s.slots_time,
                    'price', COALESCE(s.&quot;Price&quot;, '')::text,  -- Use &quot;Price&quot; with quotes for case-sensitivity
                    'branch_name', b.branch_name,
                    'consultant_name', r.name,
                    'section_name', sec.section_name,
                    'full_name', a.full_name,
                    'mobile_no', a.mobile_no,
                    'email_id', a.email_id,
                    'locations', a.locations,
                    'startdate', a.startdate,
                    'dates', a.dates,  -- Include 'dates' column
                    'created_at', a.created_at
                )
            )
    )
                         FROM tbl_appointment a
    LEFT JOIN tbl_slots s ON CAST(a.slot AS INTEGER) = s.id
    LEFT JOIN tbl_register r ON a.consultant = r.id
    LEFT JOIN tbl_branch b ON a.branch = b.id
    LEFT JOIN tbl_section sec ON a.section = sec.id
    WHERE a.is_deleted = 'N'
    AND a.appointment_status = 'PE'  -- Only pending appointments
    AND a.dates &lt;= CURRENT_DATE
CONTEXT:  PL/pgSQL function get_pending_appointments() line 4 at SQL statement
in SYSTEMPATH\Database\Postgre\Connection.php on line 193.
 1 [internal function]: CodeIgniter\Debug\Exceptions->errorHandler(2, 'pg_query(): Query failed: ERROR:  column s.Price does not exist
LINE 13:                     \'price\', COALESCE(s.&quot;Price&quot;, \'\')::text, ...
                                               ^
HINT:  Perhaps you meant to reference the column &quot;s.price&quot;.
QUERY:  SELECT jsonb_build_object(
            \'status\', 200,
            \'message\', \'Pending appointments retrieved successfully\',
            \'data\', jsonb_agg(
                jsonb_build_object(
                    \'id\', a.id,
                    \'branch\', a.branch,
                    \'consultant\', a.consultant,
                    \'section\', a.section,
                    \'slot\', a.slot,
                    \'appointment_status\', a.appointment_status,
                    \'slots_time\', s.slots_time,
                    \'price\', COALESCE(s.&quot;Price&quot;, \'\')::text,  -- Use &quot;Price&quot; with quotes for case-sensitivity
                    \'branch_name\', b.branch_name,
                    \'consultant_name\', r.name,
                    \'section_name\', sec.section_name,
                    \'full_name\', a.full_name,
                    \'mobile_no\', a.mobile_no,
                    \'email_id\', a.email_id,
                    \'locations\', a.locations,
                    \'startdate\', a.startdate,
                    \'dates\', a.dates,  -- Include \'dates\' column
                    \'created_at\', a.created_at
                )
            )
    )
                         FROM tbl_appointment a
    LEFT JOIN tbl_slots s ON CAST(a.slot AS INTEGER) = s.id
    LEFT JOIN tbl_register r ON a.consultant = r.id
    LEFT JOIN tbl_branch b ON a.branch = b.id
    LEFT JOIN tbl_section sec ON a.section = sec.id
    WHERE a.is_deleted = \'N\'
    AND a.appointment_status = \'PE\'  -- Only pending appointments
    AND a.dates &lt;= CURRENT_DATE
CONTEXT:  PL/pgSQL function get_pending_appointments() line 4 at SQL statement', 'C:\\xampp\\htdocs\\salonClinic\\system\\Database\\Postgre\\Connection.php', 193)
 2 SYSTEMPATH\Database\Postgre\Connection.php(193): pg_query(Object(PgSql\Connection), 'CALL get_pending_appointments(NULL)')
 3 SYSTEMPATH\Database\BaseConnection.php(722): CodeIgniter\Database\Postgre\Connection->execute('CALL get_pending_appointments(NULL)')
 4 SYSTEMPATH\Database\BaseConnection.php(636): CodeIgniter\Database\BaseConnection->simpleQuery('CALL get_pending_appointments(NULL)')
 5 APPPATH\Controllers\Home.php(1696): CodeIgniter\Database\BaseConnection->query('CALL get_pending_appointments(?)', [...])
 6 SYSTEMPATH\CodeIgniter.php(933): App\Controllers\Home->getPendingAppointments()
 7 SYSTEMPATH\CodeIgniter.php(509): CodeIgniter\CodeIgniter->runController(Object(App\Controllers\Home))
 8 SYSTEMPATH\CodeIgniter.php(355): CodeIgniter\CodeIgniter->handleRequest(null, Object(Config\Cache), false)
 9 SYSTEMPATH\Boot.php(312): CodeIgniter\CodeIgniter->run()
10 SYSTEMPATH\Boot.php(67): CodeIgniter\Boot::runCodeIgniter(Object(CodeIgniter\CodeIgniter))
11 FCPATH\index.php(56): CodeIgniter\Boot::bootWeb(Object(Config\Paths))
ERROR - 2025-03-24 12:36:46 --> ErrorException: pg_query(): Query failed: ERROR:  column s.Price does not exist
LINE 13:                     'price', COALESCE(s.&quot;Price&quot;, '')::text, ...
                                               ^
HINT:  Perhaps you meant to reference the column &quot;s.price&quot;.
QUERY:  SELECT jsonb_build_object(
            'status', 200,
            'message', 'Pending appointments retrieved successfully',
            'data', jsonb_agg(
                jsonb_build_object(
                    'id', a.id,
                    'branch', a.branch,
                    'consultant', a.consultant,
                    'section', a.section,
                    'slot', a.slot,
                    'appointment_status', a.appointment_status,
                    'slots_time', s.slots_time,
                    'price', COALESCE(s.&quot;Price&quot;, '')::text,  -- Use &quot;Price&quot; with quotes for case-sensitivity
                    'branch_name', b.branch_name,
                    'consultant_name', r.name,
                    'section_name', sec.section_name,
                    'full_name', a.full_name,
                    'mobile_no', a.mobile_no,
                    'email_id', a.email_id,
                    'locations', a.locations,
                    'startdate', a.startdate,
                    'dates', a.dates,  -- Include 'dates' column
                    'created_at', a.created_at
                )
            )
    )
                         FROM tbl_appointment a
    LEFT JOIN tbl_slots s ON CAST(a.slot AS INTEGER) = s.id
    LEFT JOIN tbl_register r ON a.consultant = r.id
    LEFT JOIN tbl_branch b ON a.branch = b.id
    LEFT JOIN tbl_section sec ON a.section = sec.id
    WHERE a.is_deleted = 'N'
    AND a.appointment_status = 'PE'  -- Only pending appointments
    AND a.dates &lt;= CURRENT_DATE
CONTEXT:  PL/pgSQL function get_pending_appointments() line 4 at SQL statement in C:\xampp\htdocs\salonClinic\system\Database\Postgre\Connection.php:193
Stack trace:
#0 [internal function]: CodeIgniter\Debug\Exceptions->errorHandler(2, 'pg_query(): Que...', 'C:\\xampp\\htdocs...', 193)
#1 C:\xampp\htdocs\salonClinic\system\Database\Postgre\Connection.php(193): pg_query(Object(PgSql\Connection), 'CALL get_pendin...')
#2 C:\xampp\htdocs\salonClinic\system\Database\BaseConnection.php(722): CodeIgniter\Database\Postgre\Connection->execute('CALL get_pendin...')
#3 C:\xampp\htdocs\salonClinic\system\Database\BaseConnection.php(636): CodeIgniter\Database\BaseConnection->simpleQuery('CALL get_pendin...')
#4 C:\xampp\htdocs\salonClinic\app\Controllers\Home.php(1696): CodeIgniter\Database\BaseConnection->query('CALL get_pendin...', Array)
#5 C:\xampp\htdocs\salonClinic\system\CodeIgniter.php(933): App\Controllers\Home->getPendingAppointments()
#6 C:\xampp\htdocs\salonClinic\system\CodeIgniter.php(509): CodeIgniter\CodeIgniter->runController(Object(App\Controllers\Home))
#7 C:\xampp\htdocs\salonClinic\system\CodeIgniter.php(355): CodeIgniter\CodeIgniter->handleRequest(NULL, Object(Config\Cache), false)
#8 C:\xampp\htdocs\salonClinic\system\Boot.php(312): CodeIgniter\CodeIgniter->run()
#9 C:\xampp\htdocs\salonClinic\system\Boot.php(67): CodeIgniter\Boot::runCodeIgniter(Object(CodeIgniter\CodeIgniter))
#10 C:\xampp\htdocs\salonClinic\index.php(56): CodeIgniter\Boot::bootWeb(Object(Config\Paths))
#11 {main}
CRITICAL - 2025-03-24 12:36:46 --> CodeIgniter\Database\Exceptions\DatabaseException: pg_query(): Query failed: ERROR:  column s.Price does not exist
LINE 13:                     'price', COALESCE(s.&quot;Price&quot;, '')::text, ...
                                               ^
HINT:  Perhaps you meant to reference the column &quot;s.price&quot;.
QUERY:  SELECT jsonb_build_object(
            'status', 200,
            'message', 'Pending appointments retrieved successfully',
            'data', jsonb_agg(
                jsonb_build_object(
                    'id', a.id,
                    'branch', a.branch,
                    'consultant', a.consultant,
                    'section', a.section,
                    'slot', a.slot,
                    'appointment_status', a.appointment_status,
                    'slots_time', s.slots_time,
                    'price', COALESCE(s.&quot;Price&quot;, '')::text,  -- Use &quot;Price&quot; with quotes for case-sensitivity
                    'branch_name', b.branch_name,
                    'consultant_name', r.name,
                    'section_name', sec.section_name,
                    'full_name', a.full_name,
                    'mobile_no', a.mobile_no,
                    'email_id', a.email_id,
                    'locations', a.locations,
                    'startdate', a.startdate,
                    'dates', a.dates,  -- Include 'dates' column
                    'created_at', a.created_at
                )
            )
    )
                         FROM tbl_appointment a
    LEFT JOIN tbl_slots s ON CAST(a.slot AS INTEGER) = s.id
    LEFT JOIN tbl_register r ON a.consultant = r.id
    LEFT JOIN tbl_branch b ON a.branch = b.id
    LEFT JOIN tbl_section sec ON a.section = sec.id
    WHERE a.is_deleted = 'N'
    AND a.appointment_status = 'PE'  -- Only pending appointments
    AND a.dates &lt;= CURRENT_DATE
CONTEXT:  PL/pgSQL function get_pending_appointments() line 4 at SQL statement
[Method: GET, Route: get_pending_appointments]
in SYSTEMPATH\Database\BaseConnection.php on line 676.
 1 APPPATH\Controllers\Home.php(1696): CodeIgniter\Database\BaseConnection->query('CALL get_pending_appointments(?)', [...])
 2 SYSTEMPATH\CodeIgniter.php(933): App\Controllers\Home->getPendingAppointments()
 3 SYSTEMPATH\CodeIgniter.php(509): CodeIgniter\CodeIgniter->runController(Object(App\Controllers\Home))
 4 SYSTEMPATH\CodeIgniter.php(355): CodeIgniter\CodeIgniter->handleRequest(null, Object(Config\Cache), false)
 5 SYSTEMPATH\Boot.php(312): CodeIgniter\CodeIgniter->run()
 6 SYSTEMPATH\Boot.php(67): CodeIgniter\Boot::runCodeIgniter(Object(CodeIgniter\CodeIgniter))
 7 FCPATH\index.php(56): CodeIgniter\Boot::bootWeb(Object(Config\Paths))
CRITICAL - 2025-03-24 12:36:46 --> [Caused by] CodeIgniter\Database\Exceptions\DatabaseException: pg_query(): Query failed: ERROR:  column s.Price does not exist
LINE 13:                     'price', COALESCE(s.&quot;Price&quot;, '')::text, ...
                                               ^
HINT:  Perhaps you meant to reference the column &quot;s.price&quot;.
QUERY:  SELECT jsonb_build_object(
            'status', 200,
            'message', 'Pending appointments retrieved successfully',
            'data', jsonb_agg(
                jsonb_build_object(
                    'id', a.id,
                    'branch', a.branch,
                    'consultant', a.consultant,
                    'section', a.section,
                    'slot', a.slot,
                    'appointment_status', a.appointment_status,
                    'slots_time', s.slots_time,
                    'price', COALESCE(s.&quot;Price&quot;, '')::text,  -- Use &quot;Price&quot; with quotes for case-sensitivity
                    'branch_name', b.branch_name,
                    'consultant_name', r.name,
                    'section_name', sec.section_name,
                    'full_name', a.full_name,
                    'mobile_no', a.mobile_no,
                    'email_id', a.email_id,
                    'locations', a.locations,
                    'startdate', a.startdate,
                    'dates', a.dates,  -- Include 'dates' column
                    'created_at', a.created_at
                )
            )
    )
                         FROM tbl_appointment a
    LEFT JOIN tbl_slots s ON CAST(a.slot AS INTEGER) = s.id
    LEFT JOIN tbl_register r ON a.consultant = r.id
    LEFT JOIN tbl_branch b ON a.branch = b.id
    LEFT JOIN tbl_section sec ON a.section = sec.id
    WHERE a.is_deleted = 'N'
    AND a.appointment_status = 'PE'  -- Only pending appointments
    AND a.dates &lt;= CURRENT_DATE
CONTEXT:  PL/pgSQL function get_pending_appointments() line 4 at SQL statement
in SYSTEMPATH\Database\Postgre\Connection.php on line 198.
 1 SYSTEMPATH\Database\BaseConnection.php(722): CodeIgniter\Database\Postgre\Connection->execute('CALL get_pending_appointments(NULL)')
 2 SYSTEMPATH\Database\BaseConnection.php(636): CodeIgniter\Database\BaseConnection->simpleQuery('CALL get_pending_appointments(NULL)')
 3 APPPATH\Controllers\Home.php(1696): CodeIgniter\Database\BaseConnection->query('CALL get_pending_appointments(?)', [...])
 4 SYSTEMPATH\CodeIgniter.php(933): App\Controllers\Home->getPendingAppointments()
 5 SYSTEMPATH\CodeIgniter.php(509): CodeIgniter\CodeIgniter->runController(Object(App\Controllers\Home))
 6 SYSTEMPATH\CodeIgniter.php(355): CodeIgniter\CodeIgniter->handleRequest(null, Object(Config\Cache), false)
 7 SYSTEMPATH\Boot.php(312): CodeIgniter\CodeIgniter->run()
 8 SYSTEMPATH\Boot.php(67): CodeIgniter\Boot::runCodeIgniter(Object(CodeIgniter\CodeIgniter))
 9 FCPATH\index.php(56): CodeIgniter\Boot::bootWeb(Object(Config\Paths))
CRITICAL - 2025-03-24 12:36:46 --> [Caused by] ErrorException: pg_query(): Query failed: ERROR:  column s.Price does not exist
LINE 13:                     'price', COALESCE(s.&quot;Price&quot;, '')::text, ...
                                               ^
HINT:  Perhaps you meant to reference the column &quot;s.price&quot;.
QUERY:  SELECT jsonb_build_object(
            'status', 200,
            'message', 'Pending appointments retrieved successfully',
            'data', jsonb_agg(
                jsonb_build_object(
                    'id', a.id,
                    'branch', a.branch,
                    'consultant', a.consultant,
                    'section', a.section,
                    'slot', a.slot,
                    'appointment_status', a.appointment_status,
                    'slots_time', s.slots_time,
                    'price', COALESCE(s.&quot;Price&quot;, '')::text,  -- Use &quot;Price&quot; with quotes for case-sensitivity
                    'branch_name', b.branch_name,
                    'consultant_name', r.name,
                    'section_name', sec.section_name,
                    'full_name', a.full_name,
                    'mobile_no', a.mobile_no,
                    'email_id', a.email_id,
                    'locations', a.locations,
                    'startdate', a.startdate,
                    'dates', a.dates,  -- Include 'dates' column
                    'created_at', a.created_at
                )
            )
    )
                         FROM tbl_appointment a
    LEFT JOIN tbl_slots s ON CAST(a.slot AS INTEGER) = s.id
    LEFT JOIN tbl_register r ON a.consultant = r.id
    LEFT JOIN tbl_branch b ON a.branch = b.id
    LEFT JOIN tbl_section sec ON a.section = sec.id
    WHERE a.is_deleted = 'N'
    AND a.appointment_status = 'PE'  -- Only pending appointments
    AND a.dates &lt;= CURRENT_DATE
CONTEXT:  PL/pgSQL function get_pending_appointments() line 4 at SQL statement
in SYSTEMPATH\Database\Postgre\Connection.php on line 193.
 1 [internal function]: CodeIgniter\Debug\Exceptions->errorHandler(2, 'pg_query(): Query failed: ERROR:  column s.Price does not exist
LINE 13:                     \'price\', COALESCE(s.&quot;Price&quot;, \'\')::text, ...
                                               ^
HINT:  Perhaps you meant to reference the column &quot;s.price&quot;.
QUERY:  SELECT jsonb_build_object(
            \'status\', 200,
            \'message\', \'Pending appointments retrieved successfully\',
            \'data\', jsonb_agg(
                jsonb_build_object(
                    \'id\', a.id,
                    \'branch\', a.branch,
                    \'consultant\', a.consultant,
                    \'section\', a.section,
                    \'slot\', a.slot,
                    \'appointment_status\', a.appointment_status,
                    \'slots_time\', s.slots_time,
                    \'price\', COALESCE(s.&quot;Price&quot;, \'\')::text,  -- Use &quot;Price&quot; with quotes for case-sensitivity
                    \'branch_name\', b.branch_name,
                    \'consultant_name\', r.name,
                    \'section_name\', sec.section_name,
                    \'full_name\', a.full_name,
                    \'mobile_no\', a.mobile_no,
                    \'email_id\', a.email_id,
                    \'locations\', a.locations,
                    \'startdate\', a.startdate,
                    \'dates\', a.dates,  -- Include \'dates\' column
                    \'created_at\', a.created_at
                )
            )
    )
                         FROM tbl_appointment a
    LEFT JOIN tbl_slots s ON CAST(a.slot AS INTEGER) = s.id
    LEFT JOIN tbl_register r ON a.consultant = r.id
    LEFT JOIN tbl_branch b ON a.branch = b.id
    LEFT JOIN tbl_section sec ON a.section = sec.id
    WHERE a.is_deleted = \'N\'
    AND a.appointment_status = \'PE\'  -- Only pending appointments
    AND a.dates &lt;= CURRENT_DATE
CONTEXT:  PL/pgSQL function get_pending_appointments() line 4 at SQL statement', 'C:\\xampp\\htdocs\\salonClinic\\system\\Database\\Postgre\\Connection.php', 193)
 2 SYSTEMPATH\Database\Postgre\Connection.php(193): pg_query(Object(PgSql\Connection), 'CALL get_pending_appointments(NULL)')
 3 SYSTEMPATH\Database\BaseConnection.php(722): CodeIgniter\Database\Postgre\Connection->execute('CALL get_pending_appointments(NULL)')
 4 SYSTEMPATH\Database\BaseConnection.php(636): CodeIgniter\Database\BaseConnection->simpleQuery('CALL get_pending_appointments(NULL)')
 5 APPPATH\Controllers\Home.php(1696): CodeIgniter\Database\BaseConnection->query('CALL get_pending_appointments(?)', [...])
 6 SYSTEMPATH\CodeIgniter.php(933): App\Controllers\Home->getPendingAppointments()
 7 SYSTEMPATH\CodeIgniter.php(509): CodeIgniter\CodeIgniter->runController(Object(App\Controllers\Home))
 8 SYSTEMPATH\CodeIgniter.php(355): CodeIgniter\CodeIgniter->handleRequest(null, Object(Config\Cache), false)
 9 SYSTEMPATH\Boot.php(312): CodeIgniter\CodeIgniter->run()
10 SYSTEMPATH\Boot.php(67): CodeIgniter\Boot::runCodeIgniter(Object(CodeIgniter\CodeIgniter))
11 FCPATH\index.php(56): CodeIgniter\Boot::bootWeb(Object(Config\Paths))
ERROR - 2025-03-24 12:39:44 --> ErrorException: pg_query(): Query failed: ERROR:  column s.Price does not exist
LINE 13:                     'price', COALESCE(s.&quot;Price&quot;, '')::text, ...
                                               ^
HINT:  Perhaps you meant to reference the column &quot;s.price&quot;.
QUERY:  SELECT jsonb_build_object(
            'status', 200,
            'message', 'Pending appointments retrieved successfully',
            'data', jsonb_agg(
                jsonb_build_object(
                    'id', a.id,
                    'branch', a.branch,
                    'consultant', a.consultant,
                    'section', a.section,
                    'slot', a.slot,
                    'appointment_status', a.appointment_status,
                    'slots_time', s.slots_time,
                    'price', COALESCE(s.&quot;Price&quot;, '')::text,  -- Use &quot;Price&quot; with quotes for case-sensitivity
                    'branch_name', b.branch_name,
                    'consultant_name', r.name,
                    'section_name', sec.section_name,
                    'full_name', a.full_name,
                    'mobile_no', a.mobile_no,
                    'email_id', a.email_id,
                    'locations', a.locations,
                    'startdate', a.startdate,
                    'dates', a.dates,  -- Include 'dates' column
                    'created_at', a.created_at
                )
            )
    )
                         FROM tbl_appointment a
    LEFT JOIN tbl_slots s ON CAST(a.slot AS INTEGER) = s.id
    LEFT JOIN tbl_register r ON a.consultant = r.id
    LEFT JOIN tbl_branch b ON a.branch = b.id
    LEFT JOIN tbl_section sec ON a.section = sec.id
    WHERE a.is_deleted = 'N'
    AND a.appointment_status = 'PE'  -- Only pending appointments
    AND a.dates &lt;= CURRENT_DATE
CONTEXT:  PL/pgSQL function get_pending_appointments() line 4 at SQL statement in C:\xampp\htdocs\salonClinic\system\Database\Postgre\Connection.php:193
Stack trace:
#0 [internal function]: CodeIgniter\Debug\Exceptions->errorHandler(2, 'pg_query(): Que...', 'C:\\xampp\\htdocs...', 193)
#1 C:\xampp\htdocs\salonClinic\system\Database\Postgre\Connection.php(193): pg_query(Object(PgSql\Connection), 'CALL get_pendin...')
#2 C:\xampp\htdocs\salonClinic\system\Database\BaseConnection.php(722): CodeIgniter\Database\Postgre\Connection->execute('CALL get_pendin...')
#3 C:\xampp\htdocs\salonClinic\system\Database\BaseConnection.php(636): CodeIgniter\Database\BaseConnection->simpleQuery('CALL get_pendin...')
#4 C:\xampp\htdocs\salonClinic\app\Controllers\Home.php(1696): CodeIgniter\Database\BaseConnection->query('CALL get_pendin...', Array)
#5 C:\xampp\htdocs\salonClinic\system\CodeIgniter.php(933): App\Controllers\Home->getPendingAppointments()
#6 C:\xampp\htdocs\salonClinic\system\CodeIgniter.php(509): CodeIgniter\CodeIgniter->runController(Object(App\Controllers\Home))
#7 C:\xampp\htdocs\salonClinic\system\CodeIgniter.php(355): CodeIgniter\CodeIgniter->handleRequest(NULL, Object(Config\Cache), false)
#8 C:\xampp\htdocs\salonClinic\system\Boot.php(312): CodeIgniter\CodeIgniter->run()
#9 C:\xampp\htdocs\salonClinic\system\Boot.php(67): CodeIgniter\Boot::runCodeIgniter(Object(CodeIgniter\CodeIgniter))
#10 C:\xampp\htdocs\salonClinic\index.php(56): CodeIgniter\Boot::bootWeb(Object(Config\Paths))
#11 {main}
CRITICAL - 2025-03-24 12:39:44 --> CodeIgniter\Database\Exceptions\DatabaseException: pg_query(): Query failed: ERROR:  column s.Price does not exist
LINE 13:                     'price', COALESCE(s.&quot;Price&quot;, '')::text, ...
                                               ^
HINT:  Perhaps you meant to reference the column &quot;s.price&quot;.
QUERY:  SELECT jsonb_build_object(
            'status', 200,
            'message', 'Pending appointments retrieved successfully',
            'data', jsonb_agg(
                jsonb_build_object(
                    'id', a.id,
                    'branch', a.branch,
                    'consultant', a.consultant,
                    'section', a.section,
                    'slot', a.slot,
                    'appointment_status', a.appointment_status,
                    'slots_time', s.slots_time,
                    'price', COALESCE(s.&quot;Price&quot;, '')::text,  -- Use &quot;Price&quot; with quotes for case-sensitivity
                    'branch_name', b.branch_name,
                    'consultant_name', r.name,
                    'section_name', sec.section_name,
                    'full_name', a.full_name,
                    'mobile_no', a.mobile_no,
                    'email_id', a.email_id,
                    'locations', a.locations,
                    'startdate', a.startdate,
                    'dates', a.dates,  -- Include 'dates' column
                    'created_at', a.created_at
                )
            )
    )
                         FROM tbl_appointment a
    LEFT JOIN tbl_slots s ON CAST(a.slot AS INTEGER) = s.id
    LEFT JOIN tbl_register r ON a.consultant = r.id
    LEFT JOIN tbl_branch b ON a.branch = b.id
    LEFT JOIN tbl_section sec ON a.section = sec.id
    WHERE a.is_deleted = 'N'
    AND a.appointment_status = 'PE'  -- Only pending appointments
    AND a.dates &lt;= CURRENT_DATE
CONTEXT:  PL/pgSQL function get_pending_appointments() line 4 at SQL statement
[Method: GET, Route: get_pending_appointments]
in SYSTEMPATH\Database\BaseConnection.php on line 676.
 1 APPPATH\Controllers\Home.php(1696): CodeIgniter\Database\BaseConnection->query('CALL get_pending_appointments(?)', [...])
 2 SYSTEMPATH\CodeIgniter.php(933): App\Controllers\Home->getPendingAppointments()
 3 SYSTEMPATH\CodeIgniter.php(509): CodeIgniter\CodeIgniter->runController(Object(App\Controllers\Home))
 4 SYSTEMPATH\CodeIgniter.php(355): CodeIgniter\CodeIgniter->handleRequest(null, Object(Config\Cache), false)
 5 SYSTEMPATH\Boot.php(312): CodeIgniter\CodeIgniter->run()
 6 SYSTEMPATH\Boot.php(67): CodeIgniter\Boot::runCodeIgniter(Object(CodeIgniter\CodeIgniter))
 7 FCPATH\index.php(56): CodeIgniter\Boot::bootWeb(Object(Config\Paths))
CRITICAL - 2025-03-24 12:39:44 --> [Caused by] CodeIgniter\Database\Exceptions\DatabaseException: pg_query(): Query failed: ERROR:  column s.Price does not exist
LINE 13:                     'price', COALESCE(s.&quot;Price&quot;, '')::text, ...
                                               ^
HINT:  Perhaps you meant to reference the column &quot;s.price&quot;.
QUERY:  SELECT jsonb_build_object(
            'status', 200,
            'message', 'Pending appointments retrieved successfully',
            'data', jsonb_agg(
                jsonb_build_object(
                    'id', a.id,
                    'branch', a.branch,
                    'consultant', a.consultant,
                    'section', a.section,
                    'slot', a.slot,
                    'appointment_status', a.appointment_status,
                    'slots_time', s.slots_time,
                    'price', COALESCE(s.&quot;Price&quot;, '')::text,  -- Use &quot;Price&quot; with quotes for case-sensitivity
                    'branch_name', b.branch_name,
                    'consultant_name', r.name,
                    'section_name', sec.section_name,
                    'full_name', a.full_name,
                    'mobile_no', a.mobile_no,
                    'email_id', a.email_id,
                    'locations', a.locations,
                    'startdate', a.startdate,
                    'dates', a.dates,  -- Include 'dates' column
                    'created_at', a.created_at
                )
            )
    )
                         FROM tbl_appointment a
    LEFT JOIN tbl_slots s ON CAST(a.slot AS INTEGER) = s.id
    LEFT JOIN tbl_register r ON a.consultant = r.id
    LEFT JOIN tbl_branch b ON a.branch = b.id
    LEFT JOIN tbl_section sec ON a.section = sec.id
    WHERE a.is_deleted = 'N'
    AND a.appointment_status = 'PE'  -- Only pending appointments
    AND a.dates &lt;= CURRENT_DATE
CONTEXT:  PL/pgSQL function get_pending_appointments() line 4 at SQL statement
in SYSTEMPATH\Database\Postgre\Connection.php on line 198.
 1 SYSTEMPATH\Database\BaseConnection.php(722): CodeIgniter\Database\Postgre\Connection->execute('CALL get_pending_appointments(NULL)')
 2 SYSTEMPATH\Database\BaseConnection.php(636): CodeIgniter\Database\BaseConnection->simpleQuery('CALL get_pending_appointments(NULL)')
 3 APPPATH\Controllers\Home.php(1696): CodeIgniter\Database\BaseConnection->query('CALL get_pending_appointments(?)', [...])
 4 SYSTEMPATH\CodeIgniter.php(933): App\Controllers\Home->getPendingAppointments()
 5 SYSTEMPATH\CodeIgniter.php(509): CodeIgniter\CodeIgniter->runController(Object(App\Controllers\Home))
 6 SYSTEMPATH\CodeIgniter.php(355): CodeIgniter\CodeIgniter->handleRequest(null, Object(Config\Cache), false)
 7 SYSTEMPATH\Boot.php(312): CodeIgniter\CodeIgniter->run()
 8 SYSTEMPATH\Boot.php(67): CodeIgniter\Boot::runCodeIgniter(Object(CodeIgniter\CodeIgniter))
 9 FCPATH\index.php(56): CodeIgniter\Boot::bootWeb(Object(Config\Paths))
CRITICAL - 2025-03-24 12:39:44 --> [Caused by] ErrorException: pg_query(): Query failed: ERROR:  column s.Price does not exist
LINE 13:                     'price', COALESCE(s.&quot;Price&quot;, '')::text, ...
                                               ^
HINT:  Perhaps you meant to reference the column &quot;s.price&quot;.
QUERY:  SELECT jsonb_build_object(
            'status', 200,
            'message', 'Pending appointments retrieved successfully',
            'data', jsonb_agg(
                jsonb_build_object(
                    'id', a.id,
                    'branch', a.branch,
                    'consultant', a.consultant,
                    'section', a.section,
                    'slot', a.slot,
                    'appointment_status', a.appointment_status,
                    'slots_time', s.slots_time,
                    'price', COALESCE(s.&quot;Price&quot;, '')::text,  -- Use &quot;Price&quot; with quotes for case-sensitivity
                    'branch_name', b.branch_name,
                    'consultant_name', r.name,
                    'section_name', sec.section_name,
                    'full_name', a.full_name,
                    'mobile_no', a.mobile_no,
                    'email_id', a.email_id,
                    'locations', a.locations,
                    'startdate', a.startdate,
                    'dates', a.dates,  -- Include 'dates' column
                    'created_at', a.created_at
                )
            )
    )
                         FROM tbl_appointment a
    LEFT JOIN tbl_slots s ON CAST(a.slot AS INTEGER) = s.id
    LEFT JOIN tbl_register r ON a.consultant = r.id
    LEFT JOIN tbl_branch b ON a.branch = b.id
    LEFT JOIN tbl_section sec ON a.section = sec.id
    WHERE a.is_deleted = 'N'
    AND a.appointment_status = 'PE'  -- Only pending appointments
    AND a.dates &lt;= CURRENT_DATE
CONTEXT:  PL/pgSQL function get_pending_appointments() line 4 at SQL statement
in SYSTEMPATH\Database\Postgre\Connection.php on line 193.
 1 [internal function]: CodeIgniter\Debug\Exceptions->errorHandler(2, 'pg_query(): Query failed: ERROR:  column s.Price does not exist
LINE 13:                     \'price\', COALESCE(s.&quot;Price&quot;, \'\')::text, ...
                                               ^
HINT:  Perhaps you meant to reference the column &quot;s.price&quot;.
QUERY:  SELECT jsonb_build_object(
            \'status\', 200,
            \'message\', \'Pending appointments retrieved successfully\',
            \'data\', jsonb_agg(
                jsonb_build_object(
                    \'id\', a.id,
                    \'branch\', a.branch,
                    \'consultant\', a.consultant,
                    \'section\', a.section,
                    \'slot\', a.slot,
                    \'appointment_status\', a.appointment_status,
                    \'slots_time\', s.slots_time,
                    \'price\', COALESCE(s.&quot;Price&quot;, \'\')::text,  -- Use &quot;Price&quot; with quotes for case-sensitivity
                    \'branch_name\', b.branch_name,
                    \'consultant_name\', r.name,
                    \'section_name\', sec.section_name,
                    \'full_name\', a.full_name,
                    \'mobile_no\', a.mobile_no,
                    \'email_id\', a.email_id,
                    \'locations\', a.locations,
                    \'startdate\', a.startdate,
                    \'dates\', a.dates,  -- Include \'dates\' column
                    \'created_at\', a.created_at
                )
            )
    )
                         FROM tbl_appointment a
    LEFT JOIN tbl_slots s ON CAST(a.slot AS INTEGER) = s.id
    LEFT JOIN tbl_register r ON a.consultant = r.id
    LEFT JOIN tbl_branch b ON a.branch = b.id
    LEFT JOIN tbl_section sec ON a.section = sec.id
    WHERE a.is_deleted = \'N\'
    AND a.appointment_status = \'PE\'  -- Only pending appointments
    AND a.dates &lt;= CURRENT_DATE
CONTEXT:  PL/pgSQL function get_pending_appointments() line 4 at SQL statement', 'C:\\xampp\\htdocs\\salonClinic\\system\\Database\\Postgre\\Connection.php', 193)
 2 SYSTEMPATH\Database\Postgre\Connection.php(193): pg_query(Object(PgSql\Connection), 'CALL get_pending_appointments(NULL)')
 3 SYSTEMPATH\Database\BaseConnection.php(722): CodeIgniter\Database\Postgre\Connection->execute('CALL get_pending_appointments(NULL)')
 4 SYSTEMPATH\Database\BaseConnection.php(636): CodeIgniter\Database\BaseConnection->simpleQuery('CALL get_pending_appointments(NULL)')
 5 APPPATH\Controllers\Home.php(1696): CodeIgniter\Database\BaseConnection->query('CALL get_pending_appointments(?)', [...])
 6 SYSTEMPATH\CodeIgniter.php(933): App\Controllers\Home->getPendingAppointments()
 7 SYSTEMPATH\CodeIgniter.php(509): CodeIgniter\CodeIgniter->runController(Object(App\Controllers\Home))
 8 SYSTEMPATH\CodeIgniter.php(355): CodeIgniter\CodeIgniter->handleRequest(null, Object(Config\Cache), false)
 9 SYSTEMPATH\Boot.php(312): CodeIgniter\CodeIgniter->run()
10 SYSTEMPATH\Boot.php(67): CodeIgniter\Boot::runCodeIgniter(Object(CodeIgniter\CodeIgniter))
11 FCPATH\index.php(56): CodeIgniter\Boot::bootWeb(Object(Config\Paths))
ERROR - 2025-03-24 12:40:06 --> ErrorException: pg_query(): Query failed: ERROR:  column s.Price does not exist
LINE 13:                     'price', COALESCE(s.&quot;Price&quot;, '')::text, ...
                                               ^
HINT:  Perhaps you meant to reference the column &quot;s.price&quot;.
QUERY:  SELECT jsonb_build_object(
            'status', 200,
            'message', 'Pending appointments retrieved successfully',
            'data', jsonb_agg(
                jsonb_build_object(
                    'id', a.id,
                    'branch', a.branch,
                    'consultant', a.consultant,
                    'section', a.section,
                    'slot', a.slot,
                    'appointment_status', a.appointment_status,
                    'slots_time', s.slots_time,
                    'price', COALESCE(s.&quot;Price&quot;, '')::text,  -- Use &quot;Price&quot; with quotes for case-sensitivity
                    'branch_name', b.branch_name,
                    'consultant_name', r.name,
                    'section_name', sec.section_name,
                    'full_name', a.full_name,
                    'mobile_no', a.mobile_no,
                    'email_id', a.email_id,
                    'locations', a.locations,
                    'startdate', a.startdate,
                    'dates', a.dates,  -- Include 'dates' column
                    'created_at', a.created_at
                )
            )
    )
                         FROM tbl_appointment a
    LEFT JOIN tbl_slots s ON CAST(a.slot AS INTEGER) = s.id
    LEFT JOIN tbl_register r ON a.consultant = r.id
    LEFT JOIN tbl_branch b ON a.branch = b.id
    LEFT JOIN tbl_section sec ON a.section = sec.id
    WHERE a.is_deleted = 'N'
    AND a.appointment_status = 'PE'  -- Only pending appointments
    AND a.dates &lt;= CURRENT_DATE
CONTEXT:  PL/pgSQL function get_pending_appointments() line 4 at SQL statement in C:\xampp\htdocs\salonClinic\system\Database\Postgre\Connection.php:193
Stack trace:
#0 [internal function]: CodeIgniter\Debug\Exceptions->errorHandler(2, 'pg_query(): Que...', 'C:\\xampp\\htdocs...', 193)
#1 C:\xampp\htdocs\salonClinic\system\Database\Postgre\Connection.php(193): pg_query(Object(PgSql\Connection), 'CALL get_pendin...')
#2 C:\xampp\htdocs\salonClinic\system\Database\BaseConnection.php(722): CodeIgniter\Database\Postgre\Connection->execute('CALL get_pendin...')
#3 C:\xampp\htdocs\salonClinic\system\Database\BaseConnection.php(636): CodeIgniter\Database\BaseConnection->simpleQuery('CALL get_pendin...')
#4 C:\xampp\htdocs\salonClinic\app\Controllers\Home.php(1696): CodeIgniter\Database\BaseConnection->query('CALL get_pendin...', Array)
#5 C:\xampp\htdocs\salonClinic\system\CodeIgniter.php(933): App\Controllers\Home->getPendingAppointments()
#6 C:\xampp\htdocs\salonClinic\system\CodeIgniter.php(509): CodeIgniter\CodeIgniter->runController(Object(App\Controllers\Home))
#7 C:\xampp\htdocs\salonClinic\system\CodeIgniter.php(355): CodeIgniter\CodeIgniter->handleRequest(NULL, Object(Config\Cache), false)
#8 C:\xampp\htdocs\salonClinic\system\Boot.php(312): CodeIgniter\CodeIgniter->run()
#9 C:\xampp\htdocs\salonClinic\system\Boot.php(67): CodeIgniter\Boot::runCodeIgniter(Object(CodeIgniter\CodeIgniter))
#10 C:\xampp\htdocs\salonClinic\index.php(56): CodeIgniter\Boot::bootWeb(Object(Config\Paths))
#11 {main}
CRITICAL - 2025-03-24 12:40:06 --> CodeIgniter\Database\Exceptions\DatabaseException: pg_query(): Query failed: ERROR:  column s.Price does not exist
LINE 13:                     'price', COALESCE(s.&quot;Price&quot;, '')::text, ...
                                               ^
HINT:  Perhaps you meant to reference the column &quot;s.price&quot;.
QUERY:  SELECT jsonb_build_object(
            'status', 200,
            'message', 'Pending appointments retrieved successfully',
            'data', jsonb_agg(
                jsonb_build_object(
                    'id', a.id,
                    'branch', a.branch,
                    'consultant', a.consultant,
                    'section', a.section,
                    'slot', a.slot,
                    'appointment_status', a.appointment_status,
                    'slots_time', s.slots_time,
                    'price', COALESCE(s.&quot;Price&quot;, '')::text,  -- Use &quot;Price&quot; with quotes for case-sensitivity
                    'branch_name', b.branch_name,
                    'consultant_name', r.name,
                    'section_name', sec.section_name,
                    'full_name', a.full_name,
                    'mobile_no', a.mobile_no,
                    'email_id', a.email_id,
                    'locations', a.locations,
                    'startdate', a.startdate,
                    'dates', a.dates,  -- Include 'dates' column
                    'created_at', a.created_at
                )
            )
    )
                         FROM tbl_appointment a
    LEFT JOIN tbl_slots s ON CAST(a.slot AS INTEGER) = s.id
    LEFT JOIN tbl_register r ON a.consultant = r.id
    LEFT JOIN tbl_branch b ON a.branch = b.id
    LEFT JOIN tbl_section sec ON a.section = sec.id
    WHERE a.is_deleted = 'N'
    AND a.appointment_status = 'PE'  -- Only pending appointments
    AND a.dates &lt;= CURRENT_DATE
CONTEXT:  PL/pgSQL function get_pending_appointments() line 4 at SQL statement
[Method: GET, Route: get_pending_appointments]
in SYSTEMPATH\Database\BaseConnection.php on line 676.
 1 APPPATH\Controllers\Home.php(1696): CodeIgniter\Database\BaseConnection->query('CALL get_pending_appointments(?)', [...])
 2 SYSTEMPATH\CodeIgniter.php(933): App\Controllers\Home->getPendingAppointments()
 3 SYSTEMPATH\CodeIgniter.php(509): CodeIgniter\CodeIgniter->runController(Object(App\Controllers\Home))
 4 SYSTEMPATH\CodeIgniter.php(355): CodeIgniter\CodeIgniter->handleRequest(null, Object(Config\Cache), false)
 5 SYSTEMPATH\Boot.php(312): CodeIgniter\CodeIgniter->run()
 6 SYSTEMPATH\Boot.php(67): CodeIgniter\Boot::runCodeIgniter(Object(CodeIgniter\CodeIgniter))
 7 FCPATH\index.php(56): CodeIgniter\Boot::bootWeb(Object(Config\Paths))
CRITICAL - 2025-03-24 12:40:06 --> [Caused by] CodeIgniter\Database\Exceptions\DatabaseException: pg_query(): Query failed: ERROR:  column s.Price does not exist
LINE 13:                     'price', COALESCE(s.&quot;Price&quot;, '')::text, ...
                                               ^
HINT:  Perhaps you meant to reference the column &quot;s.price&quot;.
QUERY:  SELECT jsonb_build_object(
            'status', 200,
            'message', 'Pending appointments retrieved successfully',
            'data', jsonb_agg(
                jsonb_build_object(
                    'id', a.id,
                    'branch', a.branch,
                    'consultant', a.consultant,
                    'section', a.section,
                    'slot', a.slot,
                    'appointment_status', a.appointment_status,
                    'slots_time', s.slots_time,
                    'price', COALESCE(s.&quot;Price&quot;, '')::text,  -- Use &quot;Price&quot; with quotes for case-sensitivity
                    'branch_name', b.branch_name,
                    'consultant_name', r.name,
                    'section_name', sec.section_name,
                    'full_name', a.full_name,
                    'mobile_no', a.mobile_no,
                    'email_id', a.email_id,
                    'locations', a.locations,
                    'startdate', a.startdate,
                    'dates', a.dates,  -- Include 'dates' column
                    'created_at', a.created_at
                )
            )
    )
                         FROM tbl_appointment a
    LEFT JOIN tbl_slots s ON CAST(a.slot AS INTEGER) = s.id
    LEFT JOIN tbl_register r ON a.consultant = r.id
    LEFT JOIN tbl_branch b ON a.branch = b.id
    LEFT JOIN tbl_section sec ON a.section = sec.id
    WHERE a.is_deleted = 'N'
    AND a.appointment_status = 'PE'  -- Only pending appointments
    AND a.dates &lt;= CURRENT_DATE
CONTEXT:  PL/pgSQL function get_pending_appointments() line 4 at SQL statement
in SYSTEMPATH\Database\Postgre\Connection.php on line 198.
 1 SYSTEMPATH\Database\BaseConnection.php(722): CodeIgniter\Database\Postgre\Connection->execute('CALL get_pending_appointments(NULL)')
 2 SYSTEMPATH\Database\BaseConnection.php(636): CodeIgniter\Database\BaseConnection->simpleQuery('CALL get_pending_appointments(NULL)')
 3 APPPATH\Controllers\Home.php(1696): CodeIgniter\Database\BaseConnection->query('CALL get_pending_appointments(?)', [...])
 4 SYSTEMPATH\CodeIgniter.php(933): App\Controllers\Home->getPendingAppointments()
 5 SYSTEMPATH\CodeIgniter.php(509): CodeIgniter\CodeIgniter->runController(Object(App\Controllers\Home))
 6 SYSTEMPATH\CodeIgniter.php(355): CodeIgniter\CodeIgniter->handleRequest(null, Object(Config\Cache), false)
 7 SYSTEMPATH\Boot.php(312): CodeIgniter\CodeIgniter->run()
 8 SYSTEMPATH\Boot.php(67): CodeIgniter\Boot::runCodeIgniter(Object(CodeIgniter\CodeIgniter))
 9 FCPATH\index.php(56): CodeIgniter\Boot::bootWeb(Object(Config\Paths))
CRITICAL - 2025-03-24 12:40:06 --> [Caused by] ErrorException: pg_query(): Query failed: ERROR:  column s.Price does not exist
LINE 13:                     'price', COALESCE(s.&quot;Price&quot;, '')::text, ...
                                               ^
HINT:  Perhaps you meant to reference the column &quot;s.price&quot;.
QUERY:  SELECT jsonb_build_object(
            'status', 200,
            'message', 'Pending appointments retrieved successfully',
            'data', jsonb_agg(
                jsonb_build_object(
                    'id', a.id,
                    'branch', a.branch,
                    'consultant', a.consultant,
                    'section', a.section,
                    'slot', a.slot,
                    'appointment_status', a.appointment_status,
                    'slots_time', s.slots_time,
                    'price', COALESCE(s.&quot;Price&quot;, '')::text,  -- Use &quot;Price&quot; with quotes for case-sensitivity
                    'branch_name', b.branch_name,
                    'consultant_name', r.name,
                    'section_name', sec.section_name,
                    'full_name', a.full_name,
                    'mobile_no', a.mobile_no,
                    'email_id', a.email_id,
                    'locations', a.locations,
                    'startdate', a.startdate,
                    'dates', a.dates,  -- Include 'dates' column
                    'created_at', a.created_at
                )
            )
    )
                         FROM tbl_appointment a
    LEFT JOIN tbl_slots s ON CAST(a.slot AS INTEGER) = s.id
    LEFT JOIN tbl_register r ON a.consultant = r.id
    LEFT JOIN tbl_branch b ON a.branch = b.id
    LEFT JOIN tbl_section sec ON a.section = sec.id
    WHERE a.is_deleted = 'N'
    AND a.appointment_status = 'PE'  -- Only pending appointments
    AND a.dates &lt;= CURRENT_DATE
CONTEXT:  PL/pgSQL function get_pending_appointments() line 4 at SQL statement
in SYSTEMPATH\Database\Postgre\Connection.php on line 193.
 1 [internal function]: CodeIgniter\Debug\Exceptions->errorHandler(2, 'pg_query(): Query failed: ERROR:  column s.Price does not exist
LINE 13:                     \'price\', COALESCE(s.&quot;Price&quot;, \'\')::text, ...
                                               ^
HINT:  Perhaps you meant to reference the column &quot;s.price&quot;.
QUERY:  SELECT jsonb_build_object(
            \'status\', 200,
            \'message\', \'Pending appointments retrieved successfully\',
            \'data\', jsonb_agg(
                jsonb_build_object(
                    \'id\', a.id,
                    \'branch\', a.branch,
                    \'consultant\', a.consultant,
                    \'section\', a.section,
                    \'slot\', a.slot,
                    \'appointment_status\', a.appointment_status,
                    \'slots_time\', s.slots_time,
                    \'price\', COALESCE(s.&quot;Price&quot;, \'\')::text,  -- Use &quot;Price&quot; with quotes for case-sensitivity
                    \'branch_name\', b.branch_name,
                    \'consultant_name\', r.name,
                    \'section_name\', sec.section_name,
                    \'full_name\', a.full_name,
                    \'mobile_no\', a.mobile_no,
                    \'email_id\', a.email_id,
                    \'locations\', a.locations,
                    \'startdate\', a.startdate,
                    \'dates\', a.dates,  -- Include \'dates\' column
                    \'created_at\', a.created_at
                )
            )
    )
                         FROM tbl_appointment a
    LEFT JOIN tbl_slots s ON CAST(a.slot AS INTEGER) = s.id
    LEFT JOIN tbl_register r ON a.consultant = r.id
    LEFT JOIN tbl_branch b ON a.branch = b.id
    LEFT JOIN tbl_section sec ON a.section = sec.id
    WHERE a.is_deleted = \'N\'
    AND a.appointment_status = \'PE\'  -- Only pending appointments
    AND a.dates &lt;= CURRENT_DATE
CONTEXT:  PL/pgSQL function get_pending_appointments() line 4 at SQL statement', 'C:\\xampp\\htdocs\\salonClinic\\system\\Database\\Postgre\\Connection.php', 193)
 2 SYSTEMPATH\Database\Postgre\Connection.php(193): pg_query(Object(PgSql\Connection), 'CALL get_pending_appointments(NULL)')
 3 SYSTEMPATH\Database\BaseConnection.php(722): CodeIgniter\Database\Postgre\Connection->execute('CALL get_pending_appointments(NULL)')
 4 SYSTEMPATH\Database\BaseConnection.php(636): CodeIgniter\Database\BaseConnection->simpleQuery('CALL get_pending_appointments(NULL)')
 5 APPPATH\Controllers\Home.php(1696): CodeIgniter\Database\BaseConnection->query('CALL get_pending_appointments(?)', [...])
 6 SYSTEMPATH\CodeIgniter.php(933): App\Controllers\Home->getPendingAppointments()
 7 SYSTEMPATH\CodeIgniter.php(509): CodeIgniter\CodeIgniter->runController(Object(App\Controllers\Home))
 8 SYSTEMPATH\CodeIgniter.php(355): CodeIgniter\CodeIgniter->handleRequest(null, Object(Config\Cache), false)
 9 SYSTEMPATH\Boot.php(312): CodeIgniter\CodeIgniter->run()
10 SYSTEMPATH\Boot.php(67): CodeIgniter\Boot::runCodeIgniter(Object(CodeIgniter\CodeIgniter))
11 FCPATH\index.php(56): CodeIgniter\Boot::bootWeb(Object(Config\Paths))
ERROR - 2025-03-24 12:43:14 --> Error connecting to the database: ErrorException: pg_connect(): Unable to connect to PostgreSQL server: could not translate host name &quot;db-postgresql-nyc3-77473-do-user-18019081-0.g.db.ondigitalocean.com&quot; to address: Unknown host in C:\xampp\htdocs\salonClinic\system\Database\Postgre\Connection.php:78
Stack trace:
#0 [internal function]: CodeIgniter\Debug\Exceptions->errorHandler(2, 'pg_connect(): U...', 'C:\\xampp\\htdocs...', 78)
#1 C:\xampp\htdocs\salonClinic\system\Database\Postgre\Connection.php(78): pg_connect('host=db-postgre...')
#2 C:\xampp\htdocs\salonClinic\system\Database\BaseConnection.php(421): CodeIgniter\Database\Postgre\Connection->connect(false)
#3 C:\xampp\htdocs\salonClinic\system\Database\BaseConnection.php(604): CodeIgniter\Database\BaseConnection->initialize()
#4 C:\xampp\htdocs\salonClinic\app\Controllers\Home.php(1513): CodeIgniter\Database\BaseConnection->query('CALL getall_con...', Array)
#5 C:\xampp\htdocs\salonClinic\system\CodeIgniter.php(933): App\Controllers\Home->getConductedAppointments()
#6 C:\xampp\htdocs\salonClinic\system\CodeIgniter.php(509): CodeIgniter\CodeIgniter->runController(Object(App\Controllers\Home))
#7 C:\xampp\htdocs\salonClinic\system\CodeIgniter.php(355): CodeIgniter\CodeIgniter->handleRequest(NULL, Object(Config\Cache), false)
#8 C:\xampp\htdocs\salonClinic\system\Boot.php(312): CodeIgniter\CodeIgniter->run()
#9 C:\xampp\htdocs\salonClinic\system\Boot.php(67): CodeIgniter\Boot::runCodeIgniter(Object(CodeIgniter\CodeIgniter))
#10 C:\xampp\htdocs\salonClinic\index.php(56): CodeIgniter\Boot::bootWeb(Object(Config\Paths))
#11 {main}
ERROR - 2025-03-24 12:43:14 --> Error connecting to the database: ErrorException: pg_connect(): Unable to connect to PostgreSQL server: could not translate host name &quot;db-postgresql-nyc3-77473-do-user-18019081-0.g.db.ondigitalocean.com&quot; to address: Unknown host in C:\xampp\htdocs\salonClinic\system\Database\Postgre\Connection.php:78
Stack trace:
#0 [internal function]: CodeIgniter\Debug\Exceptions->errorHandler(2, 'pg_connect(): U...', 'C:\\xampp\\htdocs...', 78)
#1 C:\xampp\htdocs\salonClinic\system\Database\Postgre\Connection.php(78): pg_connect('host=db-postgre...')
#2 C:\xampp\htdocs\salonClinic\system\Database\BaseConnection.php(421): CodeIgniter\Database\Postgre\Connection->connect(false)
#3 C:\xampp\htdocs\salonClinic\system\Database\BaseConnection.php(604): CodeIgniter\Database\BaseConnection->initialize()
#4 C:\xampp\htdocs\salonClinic\app\Controllers\Home.php(1696): CodeIgniter\Database\BaseConnection->query('CALL get_pendin...', Array)
#5 C:\xampp\htdocs\salonClinic\system\CodeIgniter.php(933): App\Controllers\Home->getPendingAppointments()
#6 C:\xampp\htdocs\salonClinic\system\CodeIgniter.php(509): CodeIgniter\CodeIgniter->runController(Object(App\Controllers\Home))
#7 C:\xampp\htdocs\salonClinic\system\CodeIgniter.php(355): CodeIgniter\CodeIgniter->handleRequest(NULL, Object(Config\Cache), false)
#8 C:\xampp\htdocs\salonClinic\system\Boot.php(312): CodeIgniter\CodeIgniter->run()
#9 C:\xampp\htdocs\salonClinic\system\Boot.php(67): CodeIgniter\Boot::runCodeIgniter(Object(CodeIgniter\CodeIgniter))
#10 C:\xampp\htdocs\salonClinic\index.php(56): CodeIgniter\Boot::bootWeb(Object(Config\Paths))
#11 {main}
ERROR - 2025-03-24 12:43:14 --> Error connecting to the database: ErrorException: pg_connect(): Unable to connect to PostgreSQL server: could not translate host name &quot;db-postgresql-nyc3-77473-do-user-18019081-0.g.db.ondigitalocean.com&quot; to address: Unknown host in C:\xampp\htdocs\salonClinic\system\Database\Postgre\Connection.php:78
Stack trace:
#0 [internal function]: CodeIgniter\Debug\Exceptions->errorHandler(2, 'pg_connect(): U...', 'C:\\xampp\\htdocs...', 78)
#1 C:\xampp\htdocs\salonClinic\system\Database\Postgre\Connection.php(78): pg_connect('host=db-postgre...')
#2 C:\xampp\htdocs\salonClinic\system\Database\BaseConnection.php(421): CodeIgniter\Database\Postgre\Connection->connect(false)
#3 C:\xampp\htdocs\salonClinic\system\Database\BaseConnection.php(604): CodeIgniter\Database\BaseConnection->initialize()
#4 C:\xampp\htdocs\salonClinic\app\Controllers\Home.php(1635): CodeIgniter\Database\BaseConnection->query('CALL get_cancel...', Array)
#5 C:\xampp\htdocs\salonClinic\system\CodeIgniter.php(933): App\Controllers\Home->getCancelledAppointments()
#6 C:\xampp\htdocs\salonClinic\system\CodeIgniter.php(509): CodeIgniter\CodeIgniter->runController(Object(App\Controllers\Home))
#7 C:\xampp\htdocs\salonClinic\system\CodeIgniter.php(355): CodeIgniter\CodeIgniter->handleRequest(NULL, Object(Config\Cache), false)
#8 C:\xampp\htdocs\salonClinic\system\Boot.php(312): CodeIgniter\CodeIgniter->run()
#9 C:\xampp\htdocs\salonClinic\system\Boot.php(67): CodeIgniter\Boot::runCodeIgniter(Object(CodeIgniter\CodeIgniter))
#10 C:\xampp\htdocs\salonClinic\index.php(56): CodeIgniter\Boot::bootWeb(Object(Config\Paths))
#11 {main}
ERROR - 2025-03-24 12:43:14 --> Error connecting to the database: ErrorException: pg_connect(): Unable to connect to PostgreSQL server: could not translate host name &quot;db-postgresql-nyc3-77473-do-user-18019081-0.g.db.ondigitalocean.com&quot; to address: Unknown host in C:\xampp\htdocs\salonClinic\system\Database\Postgre\Connection.php:78
Stack trace:
#0 [internal function]: CodeIgniter\Debug\Exceptions->errorHandler(2, 'pg_connect(): U...', 'C:\\xampp\\htdocs...', 78)
#1 C:\xampp\htdocs\salonClinic\system\Database\Postgre\Connection.php(78): pg_connect('host=db-postgre...')
#2 C:\xampp\htdocs\salonClinic\system\Database\BaseConnection.php(421): CodeIgniter\Database\Postgre\Connection->connect(false)
#3 C:\xampp\htdocs\salonClinic\system\Database\BaseConnection.php(604): CodeIgniter\Database\BaseConnection->initialize()
#4 C:\xampp\htdocs\salonClinic\app\Controllers\Home.php(1331): CodeIgniter\Database\BaseConnection->query('CALL get_todays...', Array)
#5 C:\xampp\htdocs\salonClinic\system\CodeIgniter.php(933): App\Controllers\Home->get_todays_appointment_data('tbl_appointment')
#6 C:\xampp\htdocs\salonClinic\system\CodeIgniter.php(509): CodeIgniter\CodeIgniter->runController(Object(App\Controllers\Home))
#7 C:\xampp\htdocs\salonClinic\system\CodeIgniter.php(355): CodeIgniter\CodeIgniter->handleRequest(NULL, Object(Config\Cache), false)
#8 C:\xampp\htdocs\salonClinic\system\Boot.php(312): CodeIgniter\CodeIgniter->run()
#9 C:\xampp\htdocs\salonClinic\system\Boot.php(67): CodeIgniter\Boot::runCodeIgniter(Object(CodeIgniter\CodeIgniter))
#10 C:\xampp\htdocs\salonClinic\index.php(56): CodeIgniter\Boot::bootWeb(Object(Config\Paths))
#11 {main}
CRITICAL - 2025-03-24 12:43:14 --> CodeIgniter\Database\Exceptions\DatabaseException: Unable to connect to the database.
Main connection [Postgre]: pg_connect(): Unable to connect to PostgreSQL server: could not translate host name &quot;db-postgresql-nyc3-77473-do-user-18019081-0.g.db.ondigitalocean.com&quot; to address: Unknown host
[Method: GET, Route: get_pending_appointments]
in SYSTEMPATH\Database\BaseConnection.php on line 457.
 1 SYSTEMPATH\Database\BaseConnection.php(604): CodeIgniter\Database\BaseConnection->initialize()
 2 APPPATH\Controllers\Home.php(1696): CodeIgniter\Database\BaseConnection->query('CALL get_pending_appointments(?)', [...])
 3 SYSTEMPATH\CodeIgniter.php(933): App\Controllers\Home->getPendingAppointments()
 4 SYSTEMPATH\CodeIgniter.php(509): CodeIgniter\CodeIgniter->runController(Object(App\Controllers\Home))
 5 SYSTEMPATH\CodeIgniter.php(355): CodeIgniter\CodeIgniter->handleRequest(null, Object(Config\Cache), false)
 6 SYSTEMPATH\Boot.php(312): CodeIgniter\CodeIgniter->run()
 7 SYSTEMPATH\Boot.php(67): CodeIgniter\Boot::runCodeIgniter(Object(CodeIgniter\CodeIgniter))
 8 FCPATH\index.php(56): CodeIgniter\Boot::bootWeb(Object(Config\Paths))
CRITICAL - 2025-03-24 12:43:14 --> CodeIgniter\Database\Exceptions\DatabaseException: Unable to connect to the database.
Main connection [Postgre]: pg_connect(): Unable to connect to PostgreSQL server: could not translate host name &quot;db-postgresql-nyc3-77473-do-user-18019081-0.g.db.ondigitalocean.com&quot; to address: Unknown host
[Method: GET, Route: get_conducted_appointments]
in SYSTEMPATH\Database\BaseConnection.php on line 457.
 1 SYSTEMPATH\Database\BaseConnection.php(604): CodeIgniter\Database\BaseConnection->initialize()
 2 APPPATH\Controllers\Home.php(1513): CodeIgniter\Database\BaseConnection->query('CALL getall_conducted_appointments(?)', [...])
 3 SYSTEMPATH\CodeIgniter.php(933): App\Controllers\Home->getConductedAppointments()
 4 SYSTEMPATH\CodeIgniter.php(509): CodeIgniter\CodeIgniter->runController(Object(App\Controllers\Home))
 5 SYSTEMPATH\CodeIgniter.php(355): CodeIgniter\CodeIgniter->handleRequest(null, Object(Config\Cache), false)
 6 SYSTEMPATH\Boot.php(312): CodeIgniter\CodeIgniter->run()
 7 SYSTEMPATH\Boot.php(67): CodeIgniter\Boot::runCodeIgniter(Object(CodeIgniter\CodeIgniter))
 8 FCPATH\index.php(56): CodeIgniter\Boot::bootWeb(Object(Config\Paths))
CRITICAL - 2025-03-24 12:43:14 --> CodeIgniter\Database\Exceptions\DatabaseException: Unable to connect to the database.
Main connection [Postgre]: pg_connect(): Unable to connect to PostgreSQL server: could not translate host name &quot;db-postgresql-nyc3-77473-do-user-18019081-0.g.db.ondigitalocean.com&quot; to address: Unknown host
[Method: GET, Route: get_todays_appointment_data/tbl_appointment]
in SYSTEMPATH\Database\BaseConnection.php on line 457.
 1 SYSTEMPATH\Database\BaseConnection.php(604): CodeIgniter\Database\BaseConnection->initialize()
 2 APPPATH\Controllers\Home.php(1331): CodeIgniter\Database\BaseConnection->query('CALL get_todays_appointment_data(?, NULL, ?)', [...])
 3 SYSTEMPATH\CodeIgniter.php(933): App\Controllers\Home->get_todays_appointment_data('tbl_appointment')
 4 SYSTEMPATH\CodeIgniter.php(509): CodeIgniter\CodeIgniter->runController(Object(App\Controllers\Home))
 5 SYSTEMPATH\CodeIgniter.php(355): CodeIgniter\CodeIgniter->handleRequest(null, Object(Config\Cache), false)
 6 SYSTEMPATH\Boot.php(312): CodeIgniter\CodeIgniter->run()
 7 SYSTEMPATH\Boot.php(67): CodeIgniter\Boot::runCodeIgniter(Object(CodeIgniter\CodeIgniter))
 8 FCPATH\index.php(56): CodeIgniter\Boot::bootWeb(Object(Config\Paths))
ERROR - 2025-03-24 12:43:14 --> Error connecting to the database: ErrorException: pg_connect(): Unable to connect to PostgreSQL server: could not translate host name &quot;db-postgresql-nyc3-77473-do-user-18019081-0.g.db.ondigitalocean.com&quot; to address: Unknown host in C:\xampp\htdocs\salonClinic\system\Database\Postgre\Connection.php:78
Stack trace:
#0 [internal function]: CodeIgniter\Debug\Exceptions->errorHandler(2, 'pg_connect(): U...', 'C:\\xampp\\htdocs...', 78)
#1 C:\xampp\htdocs\salonClinic\system\Database\Postgre\Connection.php(78): pg_connect('host=db-postgre...')
#2 C:\xampp\htdocs\salonClinic\system\Database\BaseConnection.php(421): CodeIgniter\Database\Postgre\Connection->connect(false)
#3 C:\xampp\htdocs\salonClinic\system\Database\BaseConnection.php(604): CodeIgniter\Database\BaseConnection->initialize()
#4 C:\xampp\htdocs\salonClinic\app\Controllers\Home.php(1576): CodeIgniter\Database\BaseConnection->query('CALL get_upcomi...', Array)
#5 C:\xampp\htdocs\salonClinic\system\CodeIgniter.php(933): App\Controllers\Home->getUpcomingAppointments()
#6 C:\xampp\htdocs\salonClinic\system\CodeIgniter.php(509): CodeIgniter\CodeIgniter->runController(Object(App\Controllers\Home))
#7 C:\xampp\htdocs\salonClinic\system\CodeIgniter.php(355): CodeIgniter\CodeIgniter->handleRequest(NULL, Object(Config\Cache), false)
#8 C:\xampp\htdocs\salonClinic\system\Boot.php(312): CodeIgniter\CodeIgniter->run()
#9 C:\xampp\htdocs\salonClinic\system\Boot.php(67): CodeIgniter\Boot::runCodeIgniter(Object(CodeIgniter\CodeIgniter))
#10 C:\xampp\htdocs\salonClinic\index.php(56): CodeIgniter\Boot::bootWeb(Object(Config\Paths))
#11 {main}
ERROR - 2025-03-24 12:43:14 --> Error connecting to the database: ErrorException: pg_connect(): Unable to connect to PostgreSQL server: could not translate host name &quot;db-postgresql-nyc3-77473-do-user-18019081-0.g.db.ondigitalocean.com&quot; to address: Unknown host in C:\xampp\htdocs\salonClinic\system\Database\Postgre\Connection.php:78
Stack trace:
#0 [internal function]: CodeIgniter\Debug\Exceptions->errorHandler(2, 'pg_connect(): U...', 'C:\\xampp\\htdocs...', 78)
#1 C:\xampp\htdocs\salonClinic\system\Database\Postgre\Connection.php(78): pg_connect('host=db-postgre...')
#2 C:\xampp\htdocs\salonClinic\system\Database\BaseConnection.php(421): CodeIgniter\Database\Postgre\Connection->connect(false)
#3 C:\xampp\htdocs\salonClinic\system\Database\BaseConnection.php(604): CodeIgniter\Database\BaseConnection->initialize()
#4 C:\xampp\htdocs\salonClinic\system\Database\BaseBuilder.php(1629): CodeIgniter\Database\BaseConnection->query('SELECT *\nFROM "...', Array, false)
#5 C:\xampp\htdocs\salonClinic\app\Controllers\Home.php(1827): CodeIgniter\Database\BaseBuilder->get()
#6 C:\xampp\htdocs\salonClinic\system\CodeIgniter.php(933): App\Controllers\Home->get_where_condition_data('tbl_register', 'Consultant')
#7 C:\xampp\htdocs\salonClinic\system\CodeIgniter.php(509): CodeIgniter\CodeIgniter->runController(Object(App\Controllers\Home))
#8 C:\xampp\htdocs\salonClinic\system\CodeIgniter.php(355): CodeIgniter\CodeIgniter->handleRequest(NULL, Object(Config\Cache), false)
#9 C:\xampp\htdocs\salonClinic\system\Boot.php(312): CodeIgniter\CodeIgniter->run()
#10 C:\xampp\htdocs\salonClinic\system\Boot.php(67): CodeIgniter\Boot::runCodeIgniter(Object(CodeIgniter\CodeIgniter))
#11 C:\xampp\htdocs\salonClinic\index.php(56): CodeIgniter\Boot::bootWeb(Object(Config\Paths))
#12 {main}
CRITICAL - 2025-03-24 12:43:14 --> CodeIgniter\Database\Exceptions\DatabaseException: Unable to connect to the database.
Main connection [Postgre]: pg_connect(): Unable to connect to PostgreSQL server: could not translate host name &quot;db-postgresql-nyc3-77473-do-user-18019081-0.g.db.ondigitalocean.com&quot; to address: Unknown host
[Method: GET, Route: get_where_condition_data/tbl_register/Consultant]
in SYSTEMPATH\Database\BaseConnection.php on line 457.
 1 SYSTEMPATH\Database\BaseConnection.php(604): CodeIgniter\Database\BaseConnection->initialize()
 2 SYSTEMPATH\Database\BaseBuilder.php(1629): CodeIgniter\Database\BaseConnection->query('SELECT *
FROM "tbl_register"
WHERE "role" = :role:
AND "is_deleted" = :is_deleted:', [...], false)
 3 APPPATH\Controllers\Home.php(1827): CodeIgniter\Database\BaseBuilder->get()
 4 SYSTEMPATH\CodeIgniter.php(933): App\Controllers\Home->get_where_condition_data('tbl_register', 'Consultant')
 5 SYSTEMPATH\CodeIgniter.php(509): CodeIgniter\CodeIgniter->runController(Object(App\Controllers\Home))
 6 SYSTEMPATH\CodeIgniter.php(355): CodeIgniter\CodeIgniter->handleRequest(null, Object(Config\Cache), false)
 7 SYSTEMPATH\Boot.php(312): CodeIgniter\CodeIgniter->run()
 8 SYSTEMPATH\Boot.php(67): CodeIgniter\Boot::runCodeIgniter(Object(CodeIgniter\CodeIgniter))
 9 FCPATH\index.php(56): CodeIgniter\Boot::bootWeb(Object(Config\Paths))
CRITICAL - 2025-03-24 12:43:14 --> CodeIgniter\Database\Exceptions\DatabaseException: Unable to connect to the database.
Main connection [Postgre]: pg_connect(): Unable to connect to PostgreSQL server: could not translate host name &quot;db-postgresql-nyc3-77473-do-user-18019081-0.g.db.ondigitalocean.com&quot; to address: Unknown host
[Method: GET, Route: get_upcoming_appointments]
in SYSTEMPATH\Database\BaseConnection.php on line 457.
 1 SYSTEMPATH\Database\BaseConnection.php(604): CodeIgniter\Database\BaseConnection->initialize()
 2 APPPATH\Controllers\Home.php(1576): CodeIgniter\Database\BaseConnection->query('CALL get_upcoming_appointments(?)', [...])
 3 SYSTEMPATH\CodeIgniter.php(933): App\Controllers\Home->getUpcomingAppointments()
 4 SYSTEMPATH\CodeIgniter.php(509): CodeIgniter\CodeIgniter->runController(Object(App\Controllers\Home))
 5 SYSTEMPATH\CodeIgniter.php(355): CodeIgniter\CodeIgniter->handleRequest(null, Object(Config\Cache), false)
 6 SYSTEMPATH\Boot.php(312): CodeIgniter\CodeIgniter->run()
 7 SYSTEMPATH\Boot.php(67): CodeIgniter\Boot::runCodeIgniter(Object(CodeIgniter\CodeIgniter))
 8 FCPATH\index.php(56): CodeIgniter\Boot::bootWeb(Object(Config\Paths))
CRITICAL - 2025-03-24 12:43:14 --> CodeIgniter\Database\Exceptions\DatabaseException: Unable to connect to the database.
Main connection [Postgre]: pg_connect(): Unable to connect to PostgreSQL server: could not translate host name &quot;db-postgresql-nyc3-77473-do-user-18019081-0.g.db.ondigitalocean.com&quot; to address: Unknown host
[Method: GET, Route: get_cancelled_appointments]
in SYSTEMPATH\Database\BaseConnection.php on line 457.
 1 SYSTEMPATH\Database\BaseConnection.php(604): CodeIgniter\Database\BaseConnection->initialize()
 2 APPPATH\Controllers\Home.php(1635): CodeIgniter\Database\BaseConnection->query('CALL get_cancelled_appointments(?)', [...])
 3 SYSTEMPATH\CodeIgniter.php(933): App\Controllers\Home->getCancelledAppointments()
 4 SYSTEMPATH\CodeIgniter.php(509): CodeIgniter\CodeIgniter->runController(Object(App\Controllers\Home))
 5 SYSTEMPATH\CodeIgniter.php(355): CodeIgniter\CodeIgniter->handleRequest(null, Object(Config\Cache), false)
 6 SYSTEMPATH\Boot.php(312): CodeIgniter\CodeIgniter->run()
 7 SYSTEMPATH\Boot.php(67): CodeIgniter\Boot::runCodeIgniter(Object(CodeIgniter\CodeIgniter))
 8 FCPATH\index.php(56): CodeIgniter\Boot::bootWeb(Object(Config\Paths))
ERROR - 2025-03-24 12:43:15 --> Error connecting to the database: ErrorException: pg_connect(): Unable to connect to PostgreSQL server: could not translate host name &quot;db-postgresql-nyc3-77473-do-user-18019081-0.g.db.ondigitalocean.com&quot; to address: Unknown host in C:\xampp\htdocs\salonClinic\system\Database\Postgre\Connection.php:78
Stack trace:
#0 [internal function]: CodeIgniter\Debug\Exceptions->errorHandler(2, 'pg_connect(): U...', 'C:\\xampp\\htdocs...', 78)
#1 C:\xampp\htdocs\salonClinic\system\Database\Postgre\Connection.php(78): pg_connect('host=db-postgre...')
#2 C:\xampp\htdocs\salonClinic\system\Database\BaseConnection.php(421): CodeIgniter\Database\Postgre\Connection->connect(false)
#3 C:\xampp\htdocs\salonClinic\system\Database\BaseConnection.php(604): CodeIgniter\Database\BaseConnection->initialize()
#4 C:\xampp\htdocs\salonClinic\app\Controllers\Home.php(367): CodeIgniter\Database\BaseConnection->query('CALL spReadData...', Array)
#5 C:\xampp\htdocs\salonClinic\system\CodeIgniter.php(933): App\Controllers\Home->read('tbl_section')
#6 C:\xampp\htdocs\salonClinic\system\CodeIgniter.php(509): CodeIgniter\CodeIgniter->runController(Object(App\Controllers\Home))
#7 C:\xampp\htdocs\salonClinic\system\CodeIgniter.php(355): CodeIgniter\CodeIgniter->handleRequest(NULL, Object(Config\Cache), false)
#8 C:\xampp\htdocs\salonClinic\system\Boot.php(312): CodeIgniter\CodeIgniter->run()
#9 C:\xampp\htdocs\salonClinic\system\Boot.php(67): CodeIgniter\Boot::runCodeIgniter(Object(CodeIgniter\CodeIgniter))
#10 C:\xampp\htdocs\salonClinic\index.php(56): CodeIgniter\Boot::bootWeb(Object(Config\Paths))
#11 {main}
ERROR - 2025-03-24 12:43:15 --> Error connecting to the database: ErrorException: pg_connect(): Unable to connect to PostgreSQL server: could not translate host name &quot;db-postgresql-nyc3-77473-do-user-18019081-0.g.db.ondigitalocean.com&quot; to address: Unknown host in C:\xampp\htdocs\salonClinic\system\Database\Postgre\Connection.php:78
Stack trace:
#0 [internal function]: CodeIgniter\Debug\Exceptions->errorHandler(2, 'pg_connect(): U...', 'C:\\xampp\\htdocs...', 78)
#1 C:\xampp\htdocs\salonClinic\system\Database\Postgre\Connection.php(78): pg_connect('host=db-postgre...')
#2 C:\xampp\htdocs\salonClinic\system\Database\BaseConnection.php(421): CodeIgniter\Database\Postgre\Connection->connect(false)
#3 C:\xampp\htdocs\salonClinic\system\Database\BaseConnection.php(604): CodeIgniter\Database\BaseConnection->initialize()
#4 C:\xampp\htdocs\salonClinic\app\Controllers\Home.php(367): CodeIgniter\Database\BaseConnection->query('CALL spReadData...', Array)
#5 C:\xampp\htdocs\salonClinic\system\CodeIgniter.php(933): App\Controllers\Home->read('tbl_branch')
#6 C:\xampp\htdocs\salonClinic\system\CodeIgniter.php(509): CodeIgniter\CodeIgniter->runController(Object(App\Controllers\Home))
#7 C:\xampp\htdocs\salonClinic\system\CodeIgniter.php(355): CodeIgniter\CodeIgniter->handleRequest(NULL, Object(Config\Cache), false)
#8 C:\xampp\htdocs\salonClinic\system\Boot.php(312): CodeIgniter\CodeIgniter->run()
#9 C:\xampp\htdocs\salonClinic\system\Boot.php(67): CodeIgniter\Boot::runCodeIgniter(Object(CodeIgniter\CodeIgniter))
#10 C:\xampp\htdocs\salonClinic\index.php(56): CodeIgniter\Boot::bootWeb(Object(Config\Paths))
#11 {main}
CRITICAL - 2025-03-24 12:43:15 --> CodeIgniter\Database\Exceptions\DatabaseException: Unable to connect to the database.
Main connection [Postgre]: pg_connect(): Unable to connect to PostgreSQL server: could not translate host name &quot;db-postgresql-nyc3-77473-do-user-18019081-0.g.db.ondigitalocean.com&quot; to address: Unknown host
[Method: GET, Route: read/tbl_branch]
in SYSTEMPATH\Database\BaseConnection.php on line 457.
 1 SYSTEMPATH\Database\BaseConnection.php(604): CodeIgniter\Database\BaseConnection->initialize()
 2 APPPATH\Controllers\Home.php(367): CodeIgniter\Database\BaseConnection->query('CALL spReadData(NULL, ?, ?)', [...])
 3 SYSTEMPATH\CodeIgniter.php(933): App\Controllers\Home->read('tbl_branch')
 4 SYSTEMPATH\CodeIgniter.php(509): CodeIgniter\CodeIgniter->runController(Object(App\Controllers\Home))
 5 SYSTEMPATH\CodeIgniter.php(355): CodeIgniter\CodeIgniter->handleRequest(null, Object(Config\Cache), false)
 6 SYSTEMPATH\Boot.php(312): CodeIgniter\CodeIgniter->run()
 7 SYSTEMPATH\Boot.php(67): CodeIgniter\Boot::runCodeIgniter(Object(CodeIgniter\CodeIgniter))
 8 FCPATH\index.php(56): CodeIgniter\Boot::bootWeb(Object(Config\Paths))
CRITICAL - 2025-03-24 12:43:15 --> CodeIgniter\Database\Exceptions\DatabaseException: Unable to connect to the database.
Main connection [Postgre]: pg_connect(): Unable to connect to PostgreSQL server: could not translate host name &quot;db-postgresql-nyc3-77473-do-user-18019081-0.g.db.ondigitalocean.com&quot; to address: Unknown host
[Method: GET, Route: read/tbl_section]
in SYSTEMPATH\Database\BaseConnection.php on line 457.
 1 SYSTEMPATH\Database\BaseConnection.php(604): CodeIgniter\Database\BaseConnection->initialize()
 2 APPPATH\Controllers\Home.php(367): CodeIgniter\Database\BaseConnection->query('CALL spReadData(NULL, ?, ?)', [...])
 3 SYSTEMPATH\CodeIgniter.php(933): App\Controllers\Home->read('tbl_section')
 4 SYSTEMPATH\CodeIgniter.php(509): CodeIgniter\CodeIgniter->runController(Object(App\Controllers\Home))
 5 SYSTEMPATH\CodeIgniter.php(355): CodeIgniter\CodeIgniter->handleRequest(null, Object(Config\Cache), false)
 6 SYSTEMPATH\Boot.php(312): CodeIgniter\CodeIgniter->run()
 7 SYSTEMPATH\Boot.php(67): CodeIgniter\Boot::runCodeIgniter(Object(CodeIgniter\CodeIgniter))
 8 FCPATH\index.php(56): CodeIgniter\Boot::bootWeb(Object(Config\Paths))
ERROR - 2025-03-24 12:43:15 --> Error connecting to the database: ErrorException: pg_connect(): Unable to connect to PostgreSQL server: could not translate host name &quot;db-postgresql-nyc3-77473-do-user-18019081-0.g.db.ondigitalocean.com&quot; to address: Unknown host in C:\xampp\htdocs\salonClinic\system\Database\Postgre\Connection.php:78
Stack trace:
#0 [internal function]: CodeIgniter\Debug\Exceptions->errorHandler(2, 'pg_connect(): U...', 'C:\\xampp\\htdocs...', 78)
#1 C:\xampp\htdocs\salonClinic\system\Database\Postgre\Connection.php(78): pg_connect('host=db-postgre...')
#2 C:\xampp\htdocs\salonClinic\system\Database\BaseConnection.php(421): CodeIgniter\Database\Postgre\Connection->connect(false)
#3 C:\xampp\htdocs\salonClinic\system\Database\BaseConnection.php(604): CodeIgniter\Database\BaseConnection->initialize()
#4 C:\xampp\htdocs\salonClinic\system\Database\BaseBuilder.php(1629): CodeIgniter\Database\BaseConnection->query('SELECT *\nFROM "...', Array, false)
#5 C:\xampp\htdocs\salonClinic\app\Controllers\Home.php(1827): CodeIgniter\Database\BaseBuilder->get()
#6 C:\xampp\htdocs\salonClinic\system\CodeIgniter.php(933): App\Controllers\Home->get_where_condition_data('tbl_register', 'Consultant')
#7 C:\xampp\htdocs\salonClinic\system\CodeIgniter.php(509): CodeIgniter\CodeIgniter->runController(Object(App\Controllers\Home))
#8 C:\xampp\htdocs\salonClinic\system\CodeIgniter.php(355): CodeIgniter\CodeIgniter->handleRequest(NULL, Object(Config\Cache), false)
#9 C:\xampp\htdocs\salonClinic\system\Boot.php(312): CodeIgniter\CodeIgniter->run()
#10 C:\xampp\htdocs\salonClinic\system\Boot.php(67): CodeIgniter\Boot::runCodeIgniter(Object(CodeIgniter\CodeIgniter))
#11 C:\xampp\htdocs\salonClinic\index.php(56): CodeIgniter\Boot::bootWeb(Object(Config\Paths))
#12 {main}
CRITICAL - 2025-03-24 12:43:15 --> CodeIgniter\Database\Exceptions\DatabaseException: Unable to connect to the database.
Main connection [Postgre]: pg_connect(): Unable to connect to PostgreSQL server: could not translate host name &quot;db-postgresql-nyc3-77473-do-user-18019081-0.g.db.ondigitalocean.com&quot; to address: Unknown host
[Method: GET, Route: get_where_condition_data/tbl_register/Consultant]
in SYSTEMPATH\Database\BaseConnection.php on line 457.
 1 SYSTEMPATH\Database\BaseConnection.php(604): CodeIgniter\Database\BaseConnection->initialize()
 2 SYSTEMPATH\Database\BaseBuilder.php(1629): CodeIgniter\Database\BaseConnection->query('SELECT *
FROM "tbl_register"
WHERE "role" = :role:
AND "is_deleted" = :is_deleted:', [...], false)
 3 APPPATH\Controllers\Home.php(1827): CodeIgniter\Database\BaseBuilder->get()
 4 SYSTEMPATH\CodeIgniter.php(933): App\Controllers\Home->get_where_condition_data('tbl_register', 'Consultant')
 5 SYSTEMPATH\CodeIgniter.php(509): CodeIgniter\CodeIgniter->runController(Object(App\Controllers\Home))
 6 SYSTEMPATH\CodeIgniter.php(355): CodeIgniter\CodeIgniter->handleRequest(null, Object(Config\Cache), false)
 7 SYSTEMPATH\Boot.php(312): CodeIgniter\CodeIgniter->run()
 8 SYSTEMPATH\Boot.php(67): CodeIgniter\Boot::runCodeIgniter(Object(CodeIgniter\CodeIgniter))
 9 FCPATH\index.php(56): CodeIgniter\Boot::bootWeb(Object(Config\Paths))
ERROR - 2025-03-24 12:43:15 --> Error connecting to the database: ErrorException: pg_connect(): Unable to connect to PostgreSQL server: could not translate host name &quot;db-postgresql-nyc3-77473-do-user-18019081-0.g.db.ondigitalocean.com&quot; to address: Unknown host in C:\xampp\htdocs\salonClinic\system\Database\Postgre\Connection.php:78
Stack trace:
#0 [internal function]: CodeIgniter\Debug\Exceptions->errorHandler(2, 'pg_connect(): U...', 'C:\\xampp\\htdocs...', 78)
#1 C:\xampp\htdocs\salonClinic\system\Database\Postgre\Connection.php(78): pg_connect('host=db-postgre...')
#2 C:\xampp\htdocs\salonClinic\system\Database\BaseConnection.php(421): CodeIgniter\Database\Postgre\Connection->connect(false)
#3 C:\xampp\htdocs\salonClinic\system\Database\BaseConnection.php(604): CodeIgniter\Database\BaseConnection->initialize()
#4 C:\xampp\htdocs\salonClinic\app\Controllers\Home.php(367): CodeIgniter\Database\BaseConnection->query('CALL spReadData...', Array)
#5 C:\xampp\htdocs\salonClinic\system\CodeIgniter.php(933): App\Controllers\Home->read('tbl_section')
#6 C:\xampp\htdocs\salonClinic\system\CodeIgniter.php(509): CodeIgniter\CodeIgniter->runController(Object(App\Controllers\Home))
#7 C:\xampp\htdocs\salonClinic\system\CodeIgniter.php(355): CodeIgniter\CodeIgniter->handleRequest(NULL, Object(Config\Cache), false)
#8 C:\xampp\htdocs\salonClinic\system\Boot.php(312): CodeIgniter\CodeIgniter->run()
#9 C:\xampp\htdocs\salonClinic\system\Boot.php(67): CodeIgniter\Boot::runCodeIgniter(Object(CodeIgniter\CodeIgniter))
#10 C:\xampp\htdocs\salonClinic\index.php(56): CodeIgniter\Boot::bootWeb(Object(Config\Paths))
#11 {main}
CRITICAL - 2025-03-24 12:43:15 --> CodeIgniter\Database\Exceptions\DatabaseException: Unable to connect to the database.
Main connection [Postgre]: pg_connect(): Unable to connect to PostgreSQL server: could not translate host name &quot;db-postgresql-nyc3-77473-do-user-18019081-0.g.db.ondigitalocean.com&quot; to address: Unknown host
[Method: GET, Route: read/tbl_section]
in SYSTEMPATH\Database\BaseConnection.php on line 457.
 1 SYSTEMPATH\Database\BaseConnection.php(604): CodeIgniter\Database\BaseConnection->initialize()
 2 APPPATH\Controllers\Home.php(367): CodeIgniter\Database\BaseConnection->query('CALL spReadData(NULL, ?, ?)', [...])
 3 SYSTEMPATH\CodeIgniter.php(933): App\Controllers\Home->read('tbl_section')
 4 SYSTEMPATH\CodeIgniter.php(509): CodeIgniter\CodeIgniter->runController(Object(App\Controllers\Home))
 5 SYSTEMPATH\CodeIgniter.php(355): CodeIgniter\CodeIgniter->handleRequest(null, Object(Config\Cache), false)
 6 SYSTEMPATH\Boot.php(312): CodeIgniter\CodeIgniter->run()
 7 SYSTEMPATH\Boot.php(67): CodeIgniter\Boot::runCodeIgniter(Object(CodeIgniter\CodeIgniter))
 8 FCPATH\index.php(56): CodeIgniter\Boot::bootWeb(Object(Config\Paths))
ERROR - 2025-03-24 12:43:15 --> Error connecting to the database: ErrorException: pg_connect(): Unable to connect to PostgreSQL server: could not translate host name &quot;db-postgresql-nyc3-77473-do-user-18019081-0.g.db.ondigitalocean.com&quot; to address: Unknown host in C:\xampp\htdocs\salonClinic\system\Database\Postgre\Connection.php:78
Stack trace:
#0 [internal function]: CodeIgniter\Debug\Exceptions->errorHandler(2, 'pg_connect(): U...', 'C:\\xampp\\htdocs...', 78)
#1 C:\xampp\htdocs\salonClinic\system\Database\Postgre\Connection.php(78): pg_connect('host=db-postgre...')
#2 C:\xampp\htdocs\salonClinic\system\Database\BaseConnection.php(421): CodeIgniter\Database\Postgre\Connection->connect(false)
#3 C:\xampp\htdocs\salonClinic\system\Database\BaseConnection.php(604): CodeIgniter\Database\BaseConnection->initialize()
#4 C:\xampp\htdocs\salonClinic\app\Controllers\Home.php(367): CodeIgniter\Database\BaseConnection->query('CALL spReadData...', Array)
#5 C:\xampp\htdocs\salonClinic\system\CodeIgniter.php(933): App\Controllers\Home->read('tbl_branch')
#6 C:\xampp\htdocs\salonClinic\system\CodeIgniter.php(509): CodeIgniter\CodeIgniter->runController(Object(App\Controllers\Home))
#7 C:\xampp\htdocs\salonClinic\system\CodeIgniter.php(355): CodeIgniter\CodeIgniter->handleRequest(NULL, Object(Config\Cache), false)
#8 C:\xampp\htdocs\salonClinic\system\Boot.php(312): CodeIgniter\CodeIgniter->run()
#9 C:\xampp\htdocs\salonClinic\system\Boot.php(67): CodeIgniter\Boot::runCodeIgniter(Object(CodeIgniter\CodeIgniter))
#10 C:\xampp\htdocs\salonClinic\index.php(56): CodeIgniter\Boot::bootWeb(Object(Config\Paths))
#11 {main}
CRITICAL - 2025-03-24 12:43:15 --> CodeIgniter\Database\Exceptions\DatabaseException: Unable to connect to the database.
Main connection [Postgre]: pg_connect(): Unable to connect to PostgreSQL server: could not translate host name &quot;db-postgresql-nyc3-77473-do-user-18019081-0.g.db.ondigitalocean.com&quot; to address: Unknown host
[Method: GET, Route: read/tbl_branch]
in SYSTEMPATH\Database\BaseConnection.php on line 457.
 1 SYSTEMPATH\Database\BaseConnection.php(604): CodeIgniter\Database\BaseConnection->initialize()
 2 APPPATH\Controllers\Home.php(367): CodeIgniter\Database\BaseConnection->query('CALL spReadData(NULL, ?, ?)', [...])
 3 SYSTEMPATH\CodeIgniter.php(933): App\Controllers\Home->read('tbl_branch')
 4 SYSTEMPATH\CodeIgniter.php(509): CodeIgniter\CodeIgniter->runController(Object(App\Controllers\Home))
 5 SYSTEMPATH\CodeIgniter.php(355): CodeIgniter\CodeIgniter->handleRequest(null, Object(Config\Cache), false)
 6 SYSTEMPATH\Boot.php(312): CodeIgniter\CodeIgniter->run()
 7 SYSTEMPATH\Boot.php(67): CodeIgniter\Boot::runCodeIgniter(Object(CodeIgniter\CodeIgniter))
 8 FCPATH\index.php(56): CodeIgniter\Boot::bootWeb(Object(Config\Paths))
ERROR - 2025-03-24 12:43:15 --> Error connecting to the database: ErrorException: pg_connect(): Unable to connect to PostgreSQL server: could not translate host name &quot;db-postgresql-nyc3-77473-do-user-18019081-0.g.db.ondigitalocean.com&quot; to address: Unknown host in C:\xampp\htdocs\salonClinic\system\Database\Postgre\Connection.php:78
Stack trace:
#0 [internal function]: CodeIgniter\Debug\Exceptions->errorHandler(2, 'pg_connect(): U...', 'C:\\xampp\\htdocs...', 78)
#1 C:\xampp\htdocs\salonClinic\system\Database\Postgre\Connection.php(78): pg_connect('host=db-postgre...')
#2 C:\xampp\htdocs\salonClinic\system\Database\BaseConnection.php(421): CodeIgniter\Database\Postgre\Connection->connect(false)
#3 C:\xampp\htdocs\salonClinic\system\Database\BaseConnection.php(604): CodeIgniter\Database\BaseConnection->initialize()
#4 C:\xampp\htdocs\salonClinic\system\Database\BaseBuilder.php(1629): CodeIgniter\Database\BaseConnection->query('SELECT *\nFROM "...', Array, false)
#5 C:\xampp\htdocs\salonClinic\app\Controllers\Home.php(1827): CodeIgniter\Database\BaseBuilder->get()
#6 C:\xampp\htdocs\salonClinic\system\CodeIgniter.php(933): App\Controllers\Home->get_where_condition_data('tbl_register', 'Consultant')
#7 C:\xampp\htdocs\salonClinic\system\CodeIgniter.php(509): CodeIgniter\CodeIgniter->runController(Object(App\Controllers\Home))
#8 C:\xampp\htdocs\salonClinic\system\CodeIgniter.php(355): CodeIgniter\CodeIgniter->handleRequest(NULL, Object(Config\Cache), false)
#9 C:\xampp\htdocs\salonClinic\system\Boot.php(312): CodeIgniter\CodeIgniter->run()
#10 C:\xampp\htdocs\salonClinic\system\Boot.php(67): CodeIgniter\Boot::runCodeIgniter(Object(CodeIgniter\CodeIgniter))
#11 C:\xampp\htdocs\salonClinic\index.php(56): CodeIgniter\Boot::bootWeb(Object(Config\Paths))
#12 {main}
CRITICAL - 2025-03-24 12:43:15 --> CodeIgniter\Database\Exceptions\DatabaseException: Unable to connect to the database.
Main connection [Postgre]: pg_connect(): Unable to connect to PostgreSQL server: could not translate host name &quot;db-postgresql-nyc3-77473-do-user-18019081-0.g.db.ondigitalocean.com&quot; to address: Unknown host
[Method: GET, Route: get_where_condition_data/tbl_register/Consultant]
in SYSTEMPATH\Database\BaseConnection.php on line 457.
 1 SYSTEMPATH\Database\BaseConnection.php(604): CodeIgniter\Database\BaseConnection->initialize()
 2 SYSTEMPATH\Database\BaseBuilder.php(1629): CodeIgniter\Database\BaseConnection->query('SELECT *
FROM "tbl_register"
WHERE "role" = :role:
AND "is_deleted" = :is_deleted:', [...], false)
 3 APPPATH\Controllers\Home.php(1827): CodeIgniter\Database\BaseBuilder->get()
 4 SYSTEMPATH\CodeIgniter.php(933): App\Controllers\Home->get_where_condition_data('tbl_register', 'Consultant')
 5 SYSTEMPATH\CodeIgniter.php(509): CodeIgniter\CodeIgniter->runController(Object(App\Controllers\Home))
 6 SYSTEMPATH\CodeIgniter.php(355): CodeIgniter\CodeIgniter->handleRequest(null, Object(Config\Cache), false)
 7 SYSTEMPATH\Boot.php(312): CodeIgniter\CodeIgniter->run()
 8 SYSTEMPATH\Boot.php(67): CodeIgniter\Boot::runCodeIgniter(Object(CodeIgniter\CodeIgniter))
 9 FCPATH\index.php(56): CodeIgniter\Boot::bootWeb(Object(Config\Paths))
ERROR - 2025-03-24 12:43:15 --> Error connecting to the database: ErrorException: pg_connect(): Unable to connect to PostgreSQL server: could not translate host name &quot;db-postgresql-nyc3-77473-do-user-18019081-0.g.db.ondigitalocean.com&quot; to address: Unknown host in C:\xampp\htdocs\salonClinic\system\Database\Postgre\Connection.php:78
Stack trace:
#0 [internal function]: CodeIgniter\Debug\Exceptions->errorHandler(2, 'pg_connect(): U...', 'C:\\xampp\\htdocs...', 78)
#1 C:\xampp\htdocs\salonClinic\system\Database\Postgre\Connection.php(78): pg_connect('host=db-postgre...')
#2 C:\xampp\htdocs\salonClinic\system\Database\BaseConnection.php(421): CodeIgniter\Database\Postgre\Connection->connect(false)
#3 C:\xampp\htdocs\salonClinic\system\Database\BaseConnection.php(604): CodeIgniter\Database\BaseConnection->initialize()
#4 C:\xampp\htdocs\salonClinic\app\Controllers\Home.php(367): CodeIgniter\Database\BaseConnection->query('CALL spReadData...', Array)
#5 C:\xampp\htdocs\salonClinic\system\CodeIgniter.php(933): App\Controllers\Home->read('tbl_branch')
#6 C:\xampp\htdocs\salonClinic\system\CodeIgniter.php(509): CodeIgniter\CodeIgniter->runController(Object(App\Controllers\Home))
#7 C:\xampp\htdocs\salonClinic\system\CodeIgniter.php(355): CodeIgniter\CodeIgniter->handleRequest(NULL, Object(Config\Cache), false)
#8 C:\xampp\htdocs\salonClinic\system\Boot.php(312): CodeIgniter\CodeIgniter->run()
#9 C:\xampp\htdocs\salonClinic\system\Boot.php(67): CodeIgniter\Boot::runCodeIgniter(Object(CodeIgniter\CodeIgniter))
#10 C:\xampp\htdocs\salonClinic\index.php(56): CodeIgniter\Boot::bootWeb(Object(Config\Paths))
#11 {main}
CRITICAL - 2025-03-24 12:43:15 --> CodeIgniter\Database\Exceptions\DatabaseException: Unable to connect to the database.
Main connection [Postgre]: pg_connect(): Unable to connect to PostgreSQL server: could not translate host name &quot;db-postgresql-nyc3-77473-do-user-18019081-0.g.db.ondigitalocean.com&quot; to address: Unknown host
[Method: GET, Route: read/tbl_branch]
in SYSTEMPATH\Database\BaseConnection.php on line 457.
 1 SYSTEMPATH\Database\BaseConnection.php(604): CodeIgniter\Database\BaseConnection->initialize()
 2 APPPATH\Controllers\Home.php(367): CodeIgniter\Database\BaseConnection->query('CALL spReadData(NULL, ?, ?)', [...])
 3 SYSTEMPATH\CodeIgniter.php(933): App\Controllers\Home->read('tbl_branch')
 4 SYSTEMPATH\CodeIgniter.php(509): CodeIgniter\CodeIgniter->runController(Object(App\Controllers\Home))
 5 SYSTEMPATH\CodeIgniter.php(355): CodeIgniter\CodeIgniter->handleRequest(null, Object(Config\Cache), false)
 6 SYSTEMPATH\Boot.php(312): CodeIgniter\CodeIgniter->run()
 7 SYSTEMPATH\Boot.php(67): CodeIgniter\Boot::runCodeIgniter(Object(CodeIgniter\CodeIgniter))
 8 FCPATH\index.php(56): CodeIgniter\Boot::bootWeb(Object(Config\Paths))
