ERROR - 2024-11-13 06:08:09 --> ErrorException: pg_query(): Query failed: ERROR:  operator does not exist: integer = character varying
LINE 5: LEFT JOIN &quot;tbl_slots&quot; ON &quot;tbl_slots&quot;.&quot;id&quot; = &quot;tbl_appointment...
                                                  ^
HINT:  No operator matches the given name and argument types. You might need to add explicit type casts. in C:\xampp\htdocs\OPDClinic\system\Database\Postgre\Connection.php:193
Stack trace:
#0 [internal function]: CodeIgniter\Debug\Exceptions->errorHandler(2, 'pg_query(): Que...', 'C:\\xampp\\htdocs...', 193)
#1 C:\xampp\htdocs\OPDClinic\system\Database\Postgre\Connection.php(193): pg_query(Object(PgSql\Connection), 'SELECT "tbl_app...')
#2 C:\xampp\htdocs\OPDClinic\system\Database\BaseConnection.php(722): CodeIgniter\Database\Postgre\Connection->execute('SELECT "tbl_app...')
#3 C:\xampp\htdocs\OPDClinic\system\Database\BaseConnection.php(636): CodeIgniter\Database\BaseConnection->simpleQuery('SELECT "tbl_app...')
#4 C:\xampp\htdocs\OPDClinic\system\Database\BaseBuilder.php(1629): CodeIgniter\Database\BaseConnection->query('SELECT "tbl_app...', Array, false)
#5 C:\xampp\htdocs\OPDClinic\app\Controllers\Home.php(739): CodeIgniter\Database\BaseBuilder->get()
#6 C:\xampp\htdocs\OPDClinic\system\CodeIgniter.php(933): App\Controllers\Home->get_todays_appointment_data('tbl_appointment')
#7 C:\xampp\htdocs\OPDClinic\system\CodeIgniter.php(509): CodeIgniter\CodeIgniter->runController(Object(App\Controllers\Home))
#8 C:\xampp\htdocs\OPDClinic\system\CodeIgniter.php(355): CodeIgniter\CodeIgniter->handleRequest(NULL, Object(Config\Cache), false)
#9 C:\xampp\htdocs\OPDClinic\system\Boot.php(312): CodeIgniter\CodeIgniter->run()
#10 C:\xampp\htdocs\OPDClinic\system\Boot.php(67): CodeIgniter\Boot::runCodeIgniter(Object(CodeIgniter\CodeIgniter))
#11 C:\xampp\htdocs\OPDClinic\index.php(56): CodeIgniter\Boot::bootWeb(Object(Config\Paths))
#12 {main}
CRITICAL - 2024-11-13 06:08:09 --> CodeIgniter\Database\Exceptions\DatabaseException: pg_query(): Query failed: ERROR:  operator does not exist: integer = character varying
LINE 5: LEFT JOIN &quot;tbl_slots&quot; ON &quot;tbl_slots&quot;.&quot;id&quot; = &quot;tbl_appointment...
                                                  ^
HINT:  No operator matches the given name and argument types. You might need to add explicit type casts.
[Method: GET, Route: get_todays_appointment_data/tbl_appointment]
in SYSTEMPATH\Database\BaseConnection.php on line 676.
 1 SYSTEMPATH\Database\BaseBuilder.php(1629): CodeIgniter\Database\BaseConnection->query('SELECT "tbl_appointment".*, "tbl_consultants"."name" AS "cname", "tbl_branch"."branch_name" AS "branch_name", "tbl_slots"."slots_time" AS "slots_time", "tbl_slots"."day_name" AS "day_name", "tbl_section"."section_name" AS "section_name"
FROM "tbl_appointment"
LEFT JOIN "tbl_consultants" ON "tbl_consultants"."id" = "tbl_appointment"."consultant"
LEFT JOIN "tbl_branch" ON "tbl_branch"."id" = "tbl_appointment"."branch"
LEFT JOIN "tbl_slots" ON "tbl_slots"."id" = "tbl_appointment"."slot"
LEFT JOIN "tbl_section" ON "tbl_section"."id" = "tbl_appointment"."section"
WHERE "tbl_appointment"."is_deleted" = :tbl_appointment.is_deleted:
AND CAST(tbl_appointment.date AS DATE) = :CAST(tbl_appointment.date AS DATE):', [...], false)
 2 APPPATH\Controllers\Home.php(739): CodeIgniter\Database\BaseBuilder->get()
 3 SYSTEMPATH\CodeIgniter.php(933): App\Controllers\Home->get_todays_appointment_data('tbl_appointment')
 4 SYSTEMPATH\CodeIgniter.php(509): CodeIgniter\CodeIgniter->runController(Object(App\Controllers\Home))
 5 SYSTEMPATH\CodeIgniter.php(355): CodeIgniter\CodeIgniter->handleRequest(null, Object(Config\Cache), false)
 6 SYSTEMPATH\Boot.php(312): CodeIgniter\CodeIgniter->run()
 7 SYSTEMPATH\Boot.php(67): CodeIgniter\Boot::runCodeIgniter(Object(CodeIgniter\CodeIgniter))
 8 FCPATH\index.php(56): CodeIgniter\Boot::bootWeb(Object(Config\Paths))
CRITICAL - 2024-11-13 06:08:09 --> [Caused by] CodeIgniter\Database\Exceptions\DatabaseException: pg_query(): Query failed: ERROR:  operator does not exist: integer = character varying
LINE 5: LEFT JOIN &quot;tbl_slots&quot; ON &quot;tbl_slots&quot;.&quot;id&quot; = &quot;tbl_appointment...
                                                  ^
HINT:  No operator matches the given name and argument types. You might need to add explicit type casts.
in SYSTEMPATH\Database\Postgre\Connection.php on line 198.
 1 SYSTEMPATH\Database\BaseConnection.php(722): CodeIgniter\Database\Postgre\Connection->execute('SELECT "tbl_appointment".*, "tbl_consultants"."name" AS "cname", "tbl_branch"."branch_name" AS "branch_name", "tbl_slots"."slots_time" AS "slots_time", "tbl_slots"."day_name" AS "day_name", "tbl_section"."section_name" AS "section_name"
FROM "tbl_appointment"
LEFT JOIN "tbl_consultants" ON "tbl_consultants"."id" = "tbl_appointment"."consultant"
LEFT JOIN "tbl_branch" ON "tbl_branch"."id" = "tbl_appointment"."branch"
LEFT JOIN "tbl_slots" ON "tbl_slots"."id" = "tbl_appointment"."slot"
LEFT JOIN "tbl_section" ON "tbl_section"."id" = "tbl_appointment"."section"
WHERE "tbl_appointment"."is_deleted" = \'N\'
AND CAST(tbl_appointment.date AS DATE) = \'2024-11-13\'')
 2 SYSTEMPATH\Database\BaseConnection.php(636): CodeIgniter\Database\BaseConnection->simpleQuery('SELECT "tbl_appointment".*, "tbl_consultants"."name" AS "cname", "tbl_branch"."branch_name" AS "branch_name", "tbl_slots"."slots_time" AS "slots_time", "tbl_slots"."day_name" AS "day_name", "tbl_section"."section_name" AS "section_name"
FROM "tbl_appointment"
LEFT JOIN "tbl_consultants" ON "tbl_consultants"."id" = "tbl_appointment"."consultant"
LEFT JOIN "tbl_branch" ON "tbl_branch"."id" = "tbl_appointment"."branch"
LEFT JOIN "tbl_slots" ON "tbl_slots"."id" = "tbl_appointment"."slot"
LEFT JOIN "tbl_section" ON "tbl_section"."id" = "tbl_appointment"."section"
WHERE "tbl_appointment"."is_deleted" = \'N\'
AND CAST(tbl_appointment.date AS DATE) = \'2024-11-13\'')
 3 SYSTEMPATH\Database\BaseBuilder.php(1629): CodeIgniter\Database\BaseConnection->query('SELECT "tbl_appointment".*, "tbl_consultants"."name" AS "cname", "tbl_branch"."branch_name" AS "branch_name", "tbl_slots"."slots_time" AS "slots_time", "tbl_slots"."day_name" AS "day_name", "tbl_section"."section_name" AS "section_name"
FROM "tbl_appointment"
LEFT JOIN "tbl_consultants" ON "tbl_consultants"."id" = "tbl_appointment"."consultant"
LEFT JOIN "tbl_branch" ON "tbl_branch"."id" = "tbl_appointment"."branch"
LEFT JOIN "tbl_slots" ON "tbl_slots"."id" = "tbl_appointment"."slot"
LEFT JOIN "tbl_section" ON "tbl_section"."id" = "tbl_appointment"."section"
WHERE "tbl_appointment"."is_deleted" = :tbl_appointment.is_deleted:
AND CAST(tbl_appointment.date AS DATE) = :CAST(tbl_appointment.date AS DATE):', [...], false)
 4 APPPATH\Controllers\Home.php(739): CodeIgniter\Database\BaseBuilder->get()
 5 SYSTEMPATH\CodeIgniter.php(933): App\Controllers\Home->get_todays_appointment_data('tbl_appointment')
 6 SYSTEMPATH\CodeIgniter.php(509): CodeIgniter\CodeIgniter->runController(Object(App\Controllers\Home))
 7 SYSTEMPATH\CodeIgniter.php(355): CodeIgniter\CodeIgniter->handleRequest(null, Object(Config\Cache), false)
 8 SYSTEMPATH\Boot.php(312): CodeIgniter\CodeIgniter->run()
 9 SYSTEMPATH\Boot.php(67): CodeIgniter\Boot::runCodeIgniter(Object(CodeIgniter\CodeIgniter))
10 FCPATH\index.php(56): CodeIgniter\Boot::bootWeb(Object(Config\Paths))
CRITICAL - 2024-11-13 06:08:09 --> [Caused by] ErrorException: pg_query(): Query failed: ERROR:  operator does not exist: integer = character varying
LINE 5: LEFT JOIN &quot;tbl_slots&quot; ON &quot;tbl_slots&quot;.&quot;id&quot; = &quot;tbl_appointment...
                                                  ^
HINT:  No operator matches the given name and argument types. You might need to add explicit type casts.
in SYSTEMPATH\Database\Postgre\Connection.php on line 193.
 1 [internal function]: CodeIgniter\Debug\Exceptions->errorHandler(2, 'pg_query(): Query failed: ERROR:  operator does not exist: integer = character varying
LINE 5: LEFT JOIN &quot;tbl_slots&quot; ON &quot;tbl_slots&quot;.&quot;id&quot; = &quot;tbl_appointment...
                                                  ^
HINT:  No operator matches the given name and argument types. You might need to add explicit type casts.', 'C:\\xampp\\htdocs\\OPDClinic\\system\\Database\\Postgre\\Connection.php', 193)
 2 SYSTEMPATH\Database\Postgre\Connection.php(193): pg_query(Object(PgSql\Connection), 'SELECT "tbl_appointment".*, "tbl_consultants"."name" AS "cname", "tbl_branch"."branch_name" AS "branch_name", "tbl_slots"."slots_time" AS "slots_time", "tbl_slots"."day_name" AS "day_name", "tbl_section"."section_name" AS "section_name"
FROM "tbl_appointment"
LEFT JOIN "tbl_consultants" ON "tbl_consultants"."id" = "tbl_appointment"."consultant"
LEFT JOIN "tbl_branch" ON "tbl_branch"."id" = "tbl_appointment"."branch"
LEFT JOIN "tbl_slots" ON "tbl_slots"."id" = "tbl_appointment"."slot"
LEFT JOIN "tbl_section" ON "tbl_section"."id" = "tbl_appointment"."section"
WHERE "tbl_appointment"."is_deleted" = \'N\'
AND CAST(tbl_appointment.date AS DATE) = \'2024-11-13\'')
 3 SYSTEMPATH\Database\BaseConnection.php(722): CodeIgniter\Database\Postgre\Connection->execute('SELECT "tbl_appointment".*, "tbl_consultants"."name" AS "cname", "tbl_branch"."branch_name" AS "branch_name", "tbl_slots"."slots_time" AS "slots_time", "tbl_slots"."day_name" AS "day_name", "tbl_section"."section_name" AS "section_name"
FROM "tbl_appointment"
LEFT JOIN "tbl_consultants" ON "tbl_consultants"."id" = "tbl_appointment"."consultant"
LEFT JOIN "tbl_branch" ON "tbl_branch"."id" = "tbl_appointment"."branch"
LEFT JOIN "tbl_slots" ON "tbl_slots"."id" = "tbl_appointment"."slot"
LEFT JOIN "tbl_section" ON "tbl_section"."id" = "tbl_appointment"."section"
WHERE "tbl_appointment"."is_deleted" = \'N\'
AND CAST(tbl_appointment.date AS DATE) = \'2024-11-13\'')
 4 SYSTEMPATH\Database\BaseConnection.php(636): CodeIgniter\Database\BaseConnection->simpleQuery('SELECT "tbl_appointment".*, "tbl_consultants"."name" AS "cname", "tbl_branch"."branch_name" AS "branch_name", "tbl_slots"."slots_time" AS "slots_time", "tbl_slots"."day_name" AS "day_name", "tbl_section"."section_name" AS "section_name"
FROM "tbl_appointment"
LEFT JOIN "tbl_consultants" ON "tbl_consultants"."id" = "tbl_appointment"."consultant"
LEFT JOIN "tbl_branch" ON "tbl_branch"."id" = "tbl_appointment"."branch"
LEFT JOIN "tbl_slots" ON "tbl_slots"."id" = "tbl_appointment"."slot"
LEFT JOIN "tbl_section" ON "tbl_section"."id" = "tbl_appointment"."section"
WHERE "tbl_appointment"."is_deleted" = \'N\'
AND CAST(tbl_appointment.date AS DATE) = \'2024-11-13\'')
 5 SYSTEMPATH\Database\BaseBuilder.php(1629): CodeIgniter\Database\BaseConnection->query('SELECT "tbl_appointment".*, "tbl_consultants"."name" AS "cname", "tbl_branch"."branch_name" AS "branch_name", "tbl_slots"."slots_time" AS "slots_time", "tbl_slots"."day_name" AS "day_name", "tbl_section"."section_name" AS "section_name"
FROM "tbl_appointment"
LEFT JOIN "tbl_consultants" ON "tbl_consultants"."id" = "tbl_appointment"."consultant"
LEFT JOIN "tbl_branch" ON "tbl_branch"."id" = "tbl_appointment"."branch"
LEFT JOIN "tbl_slots" ON "tbl_slots"."id" = "tbl_appointment"."slot"
LEFT JOIN "tbl_section" ON "tbl_section"."id" = "tbl_appointment"."section"
WHERE "tbl_appointment"."is_deleted" = :tbl_appointment.is_deleted:
AND CAST(tbl_appointment.date AS DATE) = :CAST(tbl_appointment.date AS DATE):', [...], false)
 6 APPPATH\Controllers\Home.php(739): CodeIgniter\Database\BaseBuilder->get()
 7 SYSTEMPATH\CodeIgniter.php(933): App\Controllers\Home->get_todays_appointment_data('tbl_appointment')
 8 SYSTEMPATH\CodeIgniter.php(509): CodeIgniter\CodeIgniter->runController(Object(App\Controllers\Home))
 9 SYSTEMPATH\CodeIgniter.php(355): CodeIgniter\CodeIgniter->handleRequest(null, Object(Config\Cache), false)
10 SYSTEMPATH\Boot.php(312): CodeIgniter\CodeIgniter->run()
11 SYSTEMPATH\Boot.php(67): CodeIgniter\Boot::runCodeIgniter(Object(CodeIgniter\CodeIgniter))
12 FCPATH\index.php(56): CodeIgniter\Boot::bootWeb(Object(Config\Paths))
ERROR - 2024-11-13 06:10:15 --> ErrorException: pg_query(): Query failed: ERROR:  operator does not exist: integer = character varying
LINE 5: LEFT JOIN &quot;tbl_slots&quot; ON &quot;tbl_slots&quot;.&quot;id&quot; = &quot;tbl_appointment...
                                                  ^
HINT:  No operator matches the given name and argument types. You might need to add explicit type casts. in C:\xampp\htdocs\OPDClinic\system\Database\Postgre\Connection.php:193
Stack trace:
#0 [internal function]: CodeIgniter\Debug\Exceptions->errorHandler(2, 'pg_query(): Que...', 'C:\\xampp\\htdocs...', 193)
#1 C:\xampp\htdocs\OPDClinic\system\Database\Postgre\Connection.php(193): pg_query(Object(PgSql\Connection), 'SELECT "tbl_app...')
#2 C:\xampp\htdocs\OPDClinic\system\Database\BaseConnection.php(722): CodeIgniter\Database\Postgre\Connection->execute('SELECT "tbl_app...')
#3 C:\xampp\htdocs\OPDClinic\system\Database\BaseConnection.php(636): CodeIgniter\Database\BaseConnection->simpleQuery('SELECT "tbl_app...')
#4 C:\xampp\htdocs\OPDClinic\system\Database\BaseBuilder.php(1629): CodeIgniter\Database\BaseConnection->query('SELECT "tbl_app...', Array, false)
#5 C:\xampp\htdocs\OPDClinic\app\Controllers\Home.php(739): CodeIgniter\Database\BaseBuilder->get()
#6 C:\xampp\htdocs\OPDClinic\system\CodeIgniter.php(933): App\Controllers\Home->get_todays_appointment_data('tbl_appointment')
#7 C:\xampp\htdocs\OPDClinic\system\CodeIgniter.php(509): CodeIgniter\CodeIgniter->runController(Object(App\Controllers\Home))
#8 C:\xampp\htdocs\OPDClinic\system\CodeIgniter.php(355): CodeIgniter\CodeIgniter->handleRequest(NULL, Object(Config\Cache), false)
#9 C:\xampp\htdocs\OPDClinic\system\Boot.php(312): CodeIgniter\CodeIgniter->run()
#10 C:\xampp\htdocs\OPDClinic\system\Boot.php(67): CodeIgniter\Boot::runCodeIgniter(Object(CodeIgniter\CodeIgniter))
#11 C:\xampp\htdocs\OPDClinic\index.php(56): CodeIgniter\Boot::bootWeb(Object(Config\Paths))
#12 {main}
CRITICAL - 2024-11-13 06:10:15 --> CodeIgniter\Database\Exceptions\DatabaseException: pg_query(): Query failed: ERROR:  operator does not exist: integer = character varying
LINE 5: LEFT JOIN &quot;tbl_slots&quot; ON &quot;tbl_slots&quot;.&quot;id&quot; = &quot;tbl_appointment...
                                                  ^
HINT:  No operator matches the given name and argument types. You might need to add explicit type casts.
[Method: GET, Route: get_todays_appointment_data/tbl_appointment]
in SYSTEMPATH\Database\BaseConnection.php on line 676.
 1 SYSTEMPATH\Database\BaseBuilder.php(1629): CodeIgniter\Database\BaseConnection->query('SELECT "tbl_appointment".*, "tbl_consultants"."name" AS "cname", "tbl_branch"."branch_name" AS "branch_name", "tbl_slots"."slots_time" AS "slots_time", "tbl_slots"."day_name" AS "day_name", "tbl_section"."section_name" AS "section_name"
FROM "tbl_appointment"
LEFT JOIN "tbl_consultants" ON "tbl_consultants"."id" = "tbl_appointment"."consultant"
LEFT JOIN "tbl_branch" ON "tbl_branch"."id" = "tbl_appointment"."branch"
LEFT JOIN "tbl_slots" ON "tbl_slots"."id" = "tbl_appointment"."slot"
LEFT JOIN "tbl_section" ON "tbl_section"."id" = "tbl_appointment"."section"
WHERE "tbl_appointment"."is_deleted" = :tbl_appointment.is_deleted:
AND CAST(tbl_appointment.date AS DATE) = :CAST(tbl_appointment.date AS DATE):', [...], false)
 2 APPPATH\Controllers\Home.php(739): CodeIgniter\Database\BaseBuilder->get()
 3 SYSTEMPATH\CodeIgniter.php(933): App\Controllers\Home->get_todays_appointment_data('tbl_appointment')
 4 SYSTEMPATH\CodeIgniter.php(509): CodeIgniter\CodeIgniter->runController(Object(App\Controllers\Home))
 5 SYSTEMPATH\CodeIgniter.php(355): CodeIgniter\CodeIgniter->handleRequest(null, Object(Config\Cache), false)
 6 SYSTEMPATH\Boot.php(312): CodeIgniter\CodeIgniter->run()
 7 SYSTEMPATH\Boot.php(67): CodeIgniter\Boot::runCodeIgniter(Object(CodeIgniter\CodeIgniter))
 8 FCPATH\index.php(56): CodeIgniter\Boot::bootWeb(Object(Config\Paths))
CRITICAL - 2024-11-13 06:10:15 --> [Caused by] CodeIgniter\Database\Exceptions\DatabaseException: pg_query(): Query failed: ERROR:  operator does not exist: integer = character varying
LINE 5: LEFT JOIN &quot;tbl_slots&quot; ON &quot;tbl_slots&quot;.&quot;id&quot; = &quot;tbl_appointment...
                                                  ^
HINT:  No operator matches the given name and argument types. You might need to add explicit type casts.
in SYSTEMPATH\Database\Postgre\Connection.php on line 198.
 1 SYSTEMPATH\Database\BaseConnection.php(722): CodeIgniter\Database\Postgre\Connection->execute('SELECT "tbl_appointment".*, "tbl_consultants"."name" AS "cname", "tbl_branch"."branch_name" AS "branch_name", "tbl_slots"."slots_time" AS "slots_time", "tbl_slots"."day_name" AS "day_name", "tbl_section"."section_name" AS "section_name"
FROM "tbl_appointment"
LEFT JOIN "tbl_consultants" ON "tbl_consultants"."id" = "tbl_appointment"."consultant"
LEFT JOIN "tbl_branch" ON "tbl_branch"."id" = "tbl_appointment"."branch"
LEFT JOIN "tbl_slots" ON "tbl_slots"."id" = "tbl_appointment"."slot"
LEFT JOIN "tbl_section" ON "tbl_section"."id" = "tbl_appointment"."section"
WHERE "tbl_appointment"."is_deleted" = \'N\'
AND CAST(tbl_appointment.date AS DATE) = \'2024-11-13\'')
 2 SYSTEMPATH\Database\BaseConnection.php(636): CodeIgniter\Database\BaseConnection->simpleQuery('SELECT "tbl_appointment".*, "tbl_consultants"."name" AS "cname", "tbl_branch"."branch_name" AS "branch_name", "tbl_slots"."slots_time" AS "slots_time", "tbl_slots"."day_name" AS "day_name", "tbl_section"."section_name" AS "section_name"
FROM "tbl_appointment"
LEFT JOIN "tbl_consultants" ON "tbl_consultants"."id" = "tbl_appointment"."consultant"
LEFT JOIN "tbl_branch" ON "tbl_branch"."id" = "tbl_appointment"."branch"
LEFT JOIN "tbl_slots" ON "tbl_slots"."id" = "tbl_appointment"."slot"
LEFT JOIN "tbl_section" ON "tbl_section"."id" = "tbl_appointment"."section"
WHERE "tbl_appointment"."is_deleted" = \'N\'
AND CAST(tbl_appointment.date AS DATE) = \'2024-11-13\'')
 3 SYSTEMPATH\Database\BaseBuilder.php(1629): CodeIgniter\Database\BaseConnection->query('SELECT "tbl_appointment".*, "tbl_consultants"."name" AS "cname", "tbl_branch"."branch_name" AS "branch_name", "tbl_slots"."slots_time" AS "slots_time", "tbl_slots"."day_name" AS "day_name", "tbl_section"."section_name" AS "section_name"
FROM "tbl_appointment"
LEFT JOIN "tbl_consultants" ON "tbl_consultants"."id" = "tbl_appointment"."consultant"
LEFT JOIN "tbl_branch" ON "tbl_branch"."id" = "tbl_appointment"."branch"
LEFT JOIN "tbl_slots" ON "tbl_slots"."id" = "tbl_appointment"."slot"
LEFT JOIN "tbl_section" ON "tbl_section"."id" = "tbl_appointment"."section"
WHERE "tbl_appointment"."is_deleted" = :tbl_appointment.is_deleted:
AND CAST(tbl_appointment.date AS DATE) = :CAST(tbl_appointment.date AS DATE):', [...], false)
 4 APPPATH\Controllers\Home.php(739): CodeIgniter\Database\BaseBuilder->get()
 5 SYSTEMPATH\CodeIgniter.php(933): App\Controllers\Home->get_todays_appointment_data('tbl_appointment')
 6 SYSTEMPATH\CodeIgniter.php(509): CodeIgniter\CodeIgniter->runController(Object(App\Controllers\Home))
 7 SYSTEMPATH\CodeIgniter.php(355): CodeIgniter\CodeIgniter->handleRequest(null, Object(Config\Cache), false)
 8 SYSTEMPATH\Boot.php(312): CodeIgniter\CodeIgniter->run()
 9 SYSTEMPATH\Boot.php(67): CodeIgniter\Boot::runCodeIgniter(Object(CodeIgniter\CodeIgniter))
10 FCPATH\index.php(56): CodeIgniter\Boot::bootWeb(Object(Config\Paths))
CRITICAL - 2024-11-13 06:10:15 --> [Caused by] ErrorException: pg_query(): Query failed: ERROR:  operator does not exist: integer = character varying
LINE 5: LEFT JOIN &quot;tbl_slots&quot; ON &quot;tbl_slots&quot;.&quot;id&quot; = &quot;tbl_appointment...
                                                  ^
HINT:  No operator matches the given name and argument types. You might need to add explicit type casts.
in SYSTEMPATH\Database\Postgre\Connection.php on line 193.
 1 [internal function]: CodeIgniter\Debug\Exceptions->errorHandler(2, 'pg_query(): Query failed: ERROR:  operator does not exist: integer = character varying
LINE 5: LEFT JOIN &quot;tbl_slots&quot; ON &quot;tbl_slots&quot;.&quot;id&quot; = &quot;tbl_appointment...
                                                  ^
HINT:  No operator matches the given name and argument types. You might need to add explicit type casts.', 'C:\\xampp\\htdocs\\OPDClinic\\system\\Database\\Postgre\\Connection.php', 193)
 2 SYSTEMPATH\Database\Postgre\Connection.php(193): pg_query(Object(PgSql\Connection), 'SELECT "tbl_appointment".*, "tbl_consultants"."name" AS "cname", "tbl_branch"."branch_name" AS "branch_name", "tbl_slots"."slots_time" AS "slots_time", "tbl_slots"."day_name" AS "day_name", "tbl_section"."section_name" AS "section_name"
FROM "tbl_appointment"
LEFT JOIN "tbl_consultants" ON "tbl_consultants"."id" = "tbl_appointment"."consultant"
LEFT JOIN "tbl_branch" ON "tbl_branch"."id" = "tbl_appointment"."branch"
LEFT JOIN "tbl_slots" ON "tbl_slots"."id" = "tbl_appointment"."slot"
LEFT JOIN "tbl_section" ON "tbl_section"."id" = "tbl_appointment"."section"
WHERE "tbl_appointment"."is_deleted" = \'N\'
AND CAST(tbl_appointment.date AS DATE) = \'2024-11-13\'')
 3 SYSTEMPATH\Database\BaseConnection.php(722): CodeIgniter\Database\Postgre\Connection->execute('SELECT "tbl_appointment".*, "tbl_consultants"."name" AS "cname", "tbl_branch"."branch_name" AS "branch_name", "tbl_slots"."slots_time" AS "slots_time", "tbl_slots"."day_name" AS "day_name", "tbl_section"."section_name" AS "section_name"
FROM "tbl_appointment"
LEFT JOIN "tbl_consultants" ON "tbl_consultants"."id" = "tbl_appointment"."consultant"
LEFT JOIN "tbl_branch" ON "tbl_branch"."id" = "tbl_appointment"."branch"
LEFT JOIN "tbl_slots" ON "tbl_slots"."id" = "tbl_appointment"."slot"
LEFT JOIN "tbl_section" ON "tbl_section"."id" = "tbl_appointment"."section"
WHERE "tbl_appointment"."is_deleted" = \'N\'
AND CAST(tbl_appointment.date AS DATE) = \'2024-11-13\'')
 4 SYSTEMPATH\Database\BaseConnection.php(636): CodeIgniter\Database\BaseConnection->simpleQuery('SELECT "tbl_appointment".*, "tbl_consultants"."name" AS "cname", "tbl_branch"."branch_name" AS "branch_name", "tbl_slots"."slots_time" AS "slots_time", "tbl_slots"."day_name" AS "day_name", "tbl_section"."section_name" AS "section_name"
FROM "tbl_appointment"
LEFT JOIN "tbl_consultants" ON "tbl_consultants"."id" = "tbl_appointment"."consultant"
LEFT JOIN "tbl_branch" ON "tbl_branch"."id" = "tbl_appointment"."branch"
LEFT JOIN "tbl_slots" ON "tbl_slots"."id" = "tbl_appointment"."slot"
LEFT JOIN "tbl_section" ON "tbl_section"."id" = "tbl_appointment"."section"
WHERE "tbl_appointment"."is_deleted" = \'N\'
AND CAST(tbl_appointment.date AS DATE) = \'2024-11-13\'')
 5 SYSTEMPATH\Database\BaseBuilder.php(1629): CodeIgniter\Database\BaseConnection->query('SELECT "tbl_appointment".*, "tbl_consultants"."name" AS "cname", "tbl_branch"."branch_name" AS "branch_name", "tbl_slots"."slots_time" AS "slots_time", "tbl_slots"."day_name" AS "day_name", "tbl_section"."section_name" AS "section_name"
FROM "tbl_appointment"
LEFT JOIN "tbl_consultants" ON "tbl_consultants"."id" = "tbl_appointment"."consultant"
LEFT JOIN "tbl_branch" ON "tbl_branch"."id" = "tbl_appointment"."branch"
LEFT JOIN "tbl_slots" ON "tbl_slots"."id" = "tbl_appointment"."slot"
LEFT JOIN "tbl_section" ON "tbl_section"."id" = "tbl_appointment"."section"
WHERE "tbl_appointment"."is_deleted" = :tbl_appointment.is_deleted:
AND CAST(tbl_appointment.date AS DATE) = :CAST(tbl_appointment.date AS DATE):', [...], false)
 6 APPPATH\Controllers\Home.php(739): CodeIgniter\Database\BaseBuilder->get()
 7 SYSTEMPATH\CodeIgniter.php(933): App\Controllers\Home->get_todays_appointment_data('tbl_appointment')
 8 SYSTEMPATH\CodeIgniter.php(509): CodeIgniter\CodeIgniter->runController(Object(App\Controllers\Home))
 9 SYSTEMPATH\CodeIgniter.php(355): CodeIgniter\CodeIgniter->handleRequest(null, Object(Config\Cache), false)
10 SYSTEMPATH\Boot.php(312): CodeIgniter\CodeIgniter->run()
11 SYSTEMPATH\Boot.php(67): CodeIgniter\Boot::runCodeIgniter(Object(CodeIgniter\CodeIgniter))
12 FCPATH\index.php(56): CodeIgniter\Boot::bootWeb(Object(Config\Paths))
ERROR - 2024-11-13 06:11:55 --> ErrorException: pg_query(): Query failed: ERROR:  column tbl_appointment.date does not exist
LINE 8: AND CAST(tbl_appointment.date AS DATE) = '2024-11-13'
                 ^
HINT:  Perhaps you meant to reference the column &quot;tbl_appointment.dates&quot;. in C:\xampp\htdocs\OPDClinic\system\Database\Postgre\Connection.php:193
Stack trace:
#0 [internal function]: CodeIgniter\Debug\Exceptions->errorHandler(2, 'pg_query(): Que...', 'C:\\xampp\\htdocs...', 193)
#1 C:\xampp\htdocs\OPDClinic\system\Database\Postgre\Connection.php(193): pg_query(Object(PgSql\Connection), 'SELECT "tbl_app...')
#2 C:\xampp\htdocs\OPDClinic\system\Database\BaseConnection.php(722): CodeIgniter\Database\Postgre\Connection->execute('SELECT "tbl_app...')
#3 C:\xampp\htdocs\OPDClinic\system\Database\BaseConnection.php(636): CodeIgniter\Database\BaseConnection->simpleQuery('SELECT "tbl_app...')
#4 C:\xampp\htdocs\OPDClinic\system\Database\BaseBuilder.php(1629): CodeIgniter\Database\BaseConnection->query('SELECT "tbl_app...', Array, false)
#5 C:\xampp\htdocs\OPDClinic\app\Controllers\Home.php(739): CodeIgniter\Database\BaseBuilder->get()
#6 C:\xampp\htdocs\OPDClinic\system\CodeIgniter.php(933): App\Controllers\Home->get_todays_appointment_data('tbl_appointment')
#7 C:\xampp\htdocs\OPDClinic\system\CodeIgniter.php(509): CodeIgniter\CodeIgniter->runController(Object(App\Controllers\Home))
#8 C:\xampp\htdocs\OPDClinic\system\CodeIgniter.php(355): CodeIgniter\CodeIgniter->handleRequest(NULL, Object(Config\Cache), false)
#9 C:\xampp\htdocs\OPDClinic\system\Boot.php(312): CodeIgniter\CodeIgniter->run()
#10 C:\xampp\htdocs\OPDClinic\system\Boot.php(67): CodeIgniter\Boot::runCodeIgniter(Object(CodeIgniter\CodeIgniter))
#11 C:\xampp\htdocs\OPDClinic\index.php(56): CodeIgniter\Boot::bootWeb(Object(Config\Paths))
#12 {main}
CRITICAL - 2024-11-13 06:11:55 --> CodeIgniter\Database\Exceptions\DatabaseException: pg_query(): Query failed: ERROR:  column tbl_appointment.date does not exist
LINE 8: AND CAST(tbl_appointment.date AS DATE) = '2024-11-13'
                 ^
HINT:  Perhaps you meant to reference the column &quot;tbl_appointment.dates&quot;.
[Method: GET, Route: get_todays_appointment_data/tbl_appointment]
in SYSTEMPATH\Database\BaseConnection.php on line 676.
 1 SYSTEMPATH\Database\BaseBuilder.php(1629): CodeIgniter\Database\BaseConnection->query('SELECT "tbl_appointment".*, "tbl_consultants"."name" AS "cname", "tbl_branch"."branch_name" AS "branch_name", "tbl_slots"."slots_time" AS "slots_time", "tbl_slots"."day_name" AS "day_name", "tbl_section"."section_name" AS "section_name"
FROM "tbl_appointment"
LEFT JOIN "tbl_consultants" ON "tbl_consultants"."id" = "tbl_appointment"."consultant"
LEFT JOIN "tbl_branch" ON "tbl_branch"."id" = "tbl_appointment"."branch"
LEFT JOIN "tbl_slots" ON "tbl_slots"."id" = CAST(tbl_appointment.slot AS INTEGER)
LEFT JOIN "tbl_section" ON "tbl_section"."id" = "tbl_appointment"."section"
WHERE "tbl_appointment"."is_deleted" = :tbl_appointment.is_deleted:
AND CAST(tbl_appointment.date AS DATE) = :CAST(tbl_appointment.date AS DATE):', [...], false)
 2 APPPATH\Controllers\Home.php(739): CodeIgniter\Database\BaseBuilder->get()
 3 SYSTEMPATH\CodeIgniter.php(933): App\Controllers\Home->get_todays_appointment_data('tbl_appointment')
 4 SYSTEMPATH\CodeIgniter.php(509): CodeIgniter\CodeIgniter->runController(Object(App\Controllers\Home))
 5 SYSTEMPATH\CodeIgniter.php(355): CodeIgniter\CodeIgniter->handleRequest(null, Object(Config\Cache), false)
 6 SYSTEMPATH\Boot.php(312): CodeIgniter\CodeIgniter->run()
 7 SYSTEMPATH\Boot.php(67): CodeIgniter\Boot::runCodeIgniter(Object(CodeIgniter\CodeIgniter))
 8 FCPATH\index.php(56): CodeIgniter\Boot::bootWeb(Object(Config\Paths))
CRITICAL - 2024-11-13 06:11:55 --> [Caused by] CodeIgniter\Database\Exceptions\DatabaseException: pg_query(): Query failed: ERROR:  column tbl_appointment.date does not exist
LINE 8: AND CAST(tbl_appointment.date AS DATE) = '2024-11-13'
                 ^
HINT:  Perhaps you meant to reference the column &quot;tbl_appointment.dates&quot;.
in SYSTEMPATH\Database\Postgre\Connection.php on line 198.
 1 SYSTEMPATH\Database\BaseConnection.php(722): CodeIgniter\Database\Postgre\Connection->execute('SELECT "tbl_appointment".*, "tbl_consultants"."name" AS "cname", "tbl_branch"."branch_name" AS "branch_name", "tbl_slots"."slots_time" AS "slots_time", "tbl_slots"."day_name" AS "day_name", "tbl_section"."section_name" AS "section_name"
FROM "tbl_appointment"
LEFT JOIN "tbl_consultants" ON "tbl_consultants"."id" = "tbl_appointment"."consultant"
LEFT JOIN "tbl_branch" ON "tbl_branch"."id" = "tbl_appointment"."branch"
LEFT JOIN "tbl_slots" ON "tbl_slots"."id" = CAST(tbl_appointment.slot AS INTEGER)
LEFT JOIN "tbl_section" ON "tbl_section"."id" = "tbl_appointment"."section"
WHERE "tbl_appointment"."is_deleted" = \'N\'
AND CAST(tbl_appointment.date AS DATE) = \'2024-11-13\'')
 2 SYSTEMPATH\Database\BaseConnection.php(636): CodeIgniter\Database\BaseConnection->simpleQuery('SELECT "tbl_appointment".*, "tbl_consultants"."name" AS "cname", "tbl_branch"."branch_name" AS "branch_name", "tbl_slots"."slots_time" AS "slots_time", "tbl_slots"."day_name" AS "day_name", "tbl_section"."section_name" AS "section_name"
FROM "tbl_appointment"
LEFT JOIN "tbl_consultants" ON "tbl_consultants"."id" = "tbl_appointment"."consultant"
LEFT JOIN "tbl_branch" ON "tbl_branch"."id" = "tbl_appointment"."branch"
LEFT JOIN "tbl_slots" ON "tbl_slots"."id" = CAST(tbl_appointment.slot AS INTEGER)
LEFT JOIN "tbl_section" ON "tbl_section"."id" = "tbl_appointment"."section"
WHERE "tbl_appointment"."is_deleted" = \'N\'
AND CAST(tbl_appointment.date AS DATE) = \'2024-11-13\'')
 3 SYSTEMPATH\Database\BaseBuilder.php(1629): CodeIgniter\Database\BaseConnection->query('SELECT "tbl_appointment".*, "tbl_consultants"."name" AS "cname", "tbl_branch"."branch_name" AS "branch_name", "tbl_slots"."slots_time" AS "slots_time", "tbl_slots"."day_name" AS "day_name", "tbl_section"."section_name" AS "section_name"
FROM "tbl_appointment"
LEFT JOIN "tbl_consultants" ON "tbl_consultants"."id" = "tbl_appointment"."consultant"
LEFT JOIN "tbl_branch" ON "tbl_branch"."id" = "tbl_appointment"."branch"
LEFT JOIN "tbl_slots" ON "tbl_slots"."id" = CAST(tbl_appointment.slot AS INTEGER)
LEFT JOIN "tbl_section" ON "tbl_section"."id" = "tbl_appointment"."section"
WHERE "tbl_appointment"."is_deleted" = :tbl_appointment.is_deleted:
AND CAST(tbl_appointment.date AS DATE) = :CAST(tbl_appointment.date AS DATE):', [...], false)
 4 APPPATH\Controllers\Home.php(739): CodeIgniter\Database\BaseBuilder->get()
 5 SYSTEMPATH\CodeIgniter.php(933): App\Controllers\Home->get_todays_appointment_data('tbl_appointment')
 6 SYSTEMPATH\CodeIgniter.php(509): CodeIgniter\CodeIgniter->runController(Object(App\Controllers\Home))
 7 SYSTEMPATH\CodeIgniter.php(355): CodeIgniter\CodeIgniter->handleRequest(null, Object(Config\Cache), false)
 8 SYSTEMPATH\Boot.php(312): CodeIgniter\CodeIgniter->run()
 9 SYSTEMPATH\Boot.php(67): CodeIgniter\Boot::runCodeIgniter(Object(CodeIgniter\CodeIgniter))
10 FCPATH\index.php(56): CodeIgniter\Boot::bootWeb(Object(Config\Paths))
CRITICAL - 2024-11-13 06:11:55 --> [Caused by] ErrorException: pg_query(): Query failed: ERROR:  column tbl_appointment.date does not exist
LINE 8: AND CAST(tbl_appointment.date AS DATE) = '2024-11-13'
                 ^
HINT:  Perhaps you meant to reference the column &quot;tbl_appointment.dates&quot;.
in SYSTEMPATH\Database\Postgre\Connection.php on line 193.
 1 [internal function]: CodeIgniter\Debug\Exceptions->errorHandler(2, 'pg_query(): Query failed: ERROR:  column tbl_appointment.date does not exist
LINE 8: AND CAST(tbl_appointment.date AS DATE) = \'2024-11-13\'
                 ^
HINT:  Perhaps you meant to reference the column &quot;tbl_appointment.dates&quot;.', 'C:\\xampp\\htdocs\\OPDClinic\\system\\Database\\Postgre\\Connection.php', 193)
 2 SYSTEMPATH\Database\Postgre\Connection.php(193): pg_query(Object(PgSql\Connection), 'SELECT "tbl_appointment".*, "tbl_consultants"."name" AS "cname", "tbl_branch"."branch_name" AS "branch_name", "tbl_slots"."slots_time" AS "slots_time", "tbl_slots"."day_name" AS "day_name", "tbl_section"."section_name" AS "section_name"
FROM "tbl_appointment"
LEFT JOIN "tbl_consultants" ON "tbl_consultants"."id" = "tbl_appointment"."consultant"
LEFT JOIN "tbl_branch" ON "tbl_branch"."id" = "tbl_appointment"."branch"
LEFT JOIN "tbl_slots" ON "tbl_slots"."id" = CAST(tbl_appointment.slot AS INTEGER)
LEFT JOIN "tbl_section" ON "tbl_section"."id" = "tbl_appointment"."section"
WHERE "tbl_appointment"."is_deleted" = \'N\'
AND CAST(tbl_appointment.date AS DATE) = \'2024-11-13\'')
 3 SYSTEMPATH\Database\BaseConnection.php(722): CodeIgniter\Database\Postgre\Connection->execute('SELECT "tbl_appointment".*, "tbl_consultants"."name" AS "cname", "tbl_branch"."branch_name" AS "branch_name", "tbl_slots"."slots_time" AS "slots_time", "tbl_slots"."day_name" AS "day_name", "tbl_section"."section_name" AS "section_name"
FROM "tbl_appointment"
LEFT JOIN "tbl_consultants" ON "tbl_consultants"."id" = "tbl_appointment"."consultant"
LEFT JOIN "tbl_branch" ON "tbl_branch"."id" = "tbl_appointment"."branch"
LEFT JOIN "tbl_slots" ON "tbl_slots"."id" = CAST(tbl_appointment.slot AS INTEGER)
LEFT JOIN "tbl_section" ON "tbl_section"."id" = "tbl_appointment"."section"
WHERE "tbl_appointment"."is_deleted" = \'N\'
AND CAST(tbl_appointment.date AS DATE) = \'2024-11-13\'')
 4 SYSTEMPATH\Database\BaseConnection.php(636): CodeIgniter\Database\BaseConnection->simpleQuery('SELECT "tbl_appointment".*, "tbl_consultants"."name" AS "cname", "tbl_branch"."branch_name" AS "branch_name", "tbl_slots"."slots_time" AS "slots_time", "tbl_slots"."day_name" AS "day_name", "tbl_section"."section_name" AS "section_name"
FROM "tbl_appointment"
LEFT JOIN "tbl_consultants" ON "tbl_consultants"."id" = "tbl_appointment"."consultant"
LEFT JOIN "tbl_branch" ON "tbl_branch"."id" = "tbl_appointment"."branch"
LEFT JOIN "tbl_slots" ON "tbl_slots"."id" = CAST(tbl_appointment.slot AS INTEGER)
LEFT JOIN "tbl_section" ON "tbl_section"."id" = "tbl_appointment"."section"
WHERE "tbl_appointment"."is_deleted" = \'N\'
AND CAST(tbl_appointment.date AS DATE) = \'2024-11-13\'')
 5 SYSTEMPATH\Database\BaseBuilder.php(1629): CodeIgniter\Database\BaseConnection->query('SELECT "tbl_appointment".*, "tbl_consultants"."name" AS "cname", "tbl_branch"."branch_name" AS "branch_name", "tbl_slots"."slots_time" AS "slots_time", "tbl_slots"."day_name" AS "day_name", "tbl_section"."section_name" AS "section_name"
FROM "tbl_appointment"
LEFT JOIN "tbl_consultants" ON "tbl_consultants"."id" = "tbl_appointment"."consultant"
LEFT JOIN "tbl_branch" ON "tbl_branch"."id" = "tbl_appointment"."branch"
LEFT JOIN "tbl_slots" ON "tbl_slots"."id" = CAST(tbl_appointment.slot AS INTEGER)
LEFT JOIN "tbl_section" ON "tbl_section"."id" = "tbl_appointment"."section"
WHERE "tbl_appointment"."is_deleted" = :tbl_appointment.is_deleted:
AND CAST(tbl_appointment.date AS DATE) = :CAST(tbl_appointment.date AS DATE):', [...], false)
 6 APPPATH\Controllers\Home.php(739): CodeIgniter\Database\BaseBuilder->get()
 7 SYSTEMPATH\CodeIgniter.php(933): App\Controllers\Home->get_todays_appointment_data('tbl_appointment')
 8 SYSTEMPATH\CodeIgniter.php(509): CodeIgniter\CodeIgniter->runController(Object(App\Controllers\Home))
 9 SYSTEMPATH\CodeIgniter.php(355): CodeIgniter\CodeIgniter->handleRequest(null, Object(Config\Cache), false)
10 SYSTEMPATH\Boot.php(312): CodeIgniter\CodeIgniter->run()
11 SYSTEMPATH\Boot.php(67): CodeIgniter\Boot::runCodeIgniter(Object(CodeIgniter\CodeIgniter))
12 FCPATH\index.php(56): CodeIgniter\Boot::bootWeb(Object(Config\Paths))
ERROR - 2024-11-13 06:13:44 --> ErrorException: pg_query(): Query failed: ERROR:  column tbl_appointment.date does not exist
LINE 8: AND CAST(tbl_appointment.date AS DATE) = '2024-11-13'
                 ^
HINT:  Perhaps you meant to reference the column &quot;tbl_appointment.dates&quot;. in C:\xampp\htdocs\OPDClinic\system\Database\Postgre\Connection.php:193
Stack trace:
#0 [internal function]: CodeIgniter\Debug\Exceptions->errorHandler(2, 'pg_query(): Que...', 'C:\\xampp\\htdocs...', 193)
#1 C:\xampp\htdocs\OPDClinic\system\Database\Postgre\Connection.php(193): pg_query(Object(PgSql\Connection), 'SELECT "tbl_app...')
#2 C:\xampp\htdocs\OPDClinic\system\Database\BaseConnection.php(722): CodeIgniter\Database\Postgre\Connection->execute('SELECT "tbl_app...')
#3 C:\xampp\htdocs\OPDClinic\system\Database\BaseConnection.php(636): CodeIgniter\Database\BaseConnection->simpleQuery('SELECT "tbl_app...')
#4 C:\xampp\htdocs\OPDClinic\system\Database\BaseBuilder.php(1629): CodeIgniter\Database\BaseConnection->query('SELECT "tbl_app...', Array, false)
#5 C:\xampp\htdocs\OPDClinic\app\Controllers\Home.php(739): CodeIgniter\Database\BaseBuilder->get()
#6 C:\xampp\htdocs\OPDClinic\system\CodeIgniter.php(933): App\Controllers\Home->get_todays_appointment_data('tbl_appointment')
#7 C:\xampp\htdocs\OPDClinic\system\CodeIgniter.php(509): CodeIgniter\CodeIgniter->runController(Object(App\Controllers\Home))
#8 C:\xampp\htdocs\OPDClinic\system\CodeIgniter.php(355): CodeIgniter\CodeIgniter->handleRequest(NULL, Object(Config\Cache), false)
#9 C:\xampp\htdocs\OPDClinic\system\Boot.php(312): CodeIgniter\CodeIgniter->run()
#10 C:\xampp\htdocs\OPDClinic\system\Boot.php(67): CodeIgniter\Boot::runCodeIgniter(Object(CodeIgniter\CodeIgniter))
#11 C:\xampp\htdocs\OPDClinic\index.php(56): CodeIgniter\Boot::bootWeb(Object(Config\Paths))
#12 {main}
CRITICAL - 2024-11-13 06:13:44 --> CodeIgniter\Database\Exceptions\DatabaseException: pg_query(): Query failed: ERROR:  column tbl_appointment.date does not exist
LINE 8: AND CAST(tbl_appointment.date AS DATE) = '2024-11-13'
                 ^
HINT:  Perhaps you meant to reference the column &quot;tbl_appointment.dates&quot;.
[Method: GET, Route: get_todays_appointment_data/tbl_appointment]
in SYSTEMPATH\Database\BaseConnection.php on line 676.
 1 SYSTEMPATH\Database\BaseBuilder.php(1629): CodeIgniter\Database\BaseConnection->query('SELECT "tbl_appointment".*, "tbl_consultants"."name" AS "cname", "tbl_branch"."branch_name" AS "branch_name", "tbl_slots"."slots_time" AS "slots_time", "tbl_slots"."day_name" AS "day_name", "tbl_section"."section_name" AS "section_name"
FROM "tbl_appointment"
LEFT JOIN "tbl_consultants" ON "tbl_consultants"."id" = "tbl_appointment"."consultant"
LEFT JOIN "tbl_branch" ON "tbl_branch"."id" = "tbl_appointment"."branch"
LEFT JOIN "tbl_slots" ON "tbl_slots"."id" = CAST(tbl_appointment.slot AS INTEGER)
LEFT JOIN "tbl_section" ON "tbl_section"."id" = "tbl_appointment"."section"
WHERE "tbl_appointment"."is_deleted" = :tbl_appointment.is_deleted:
AND CAST(tbl_appointment.date AS DATE) = :CAST(tbl_appointment.date AS DATE):', [...], false)
 2 APPPATH\Controllers\Home.php(739): CodeIgniter\Database\BaseBuilder->get()
 3 SYSTEMPATH\CodeIgniter.php(933): App\Controllers\Home->get_todays_appointment_data('tbl_appointment')
 4 SYSTEMPATH\CodeIgniter.php(509): CodeIgniter\CodeIgniter->runController(Object(App\Controllers\Home))
 5 SYSTEMPATH\CodeIgniter.php(355): CodeIgniter\CodeIgniter->handleRequest(null, Object(Config\Cache), false)
 6 SYSTEMPATH\Boot.php(312): CodeIgniter\CodeIgniter->run()
 7 SYSTEMPATH\Boot.php(67): CodeIgniter\Boot::runCodeIgniter(Object(CodeIgniter\CodeIgniter))
 8 FCPATH\index.php(56): CodeIgniter\Boot::bootWeb(Object(Config\Paths))
CRITICAL - 2024-11-13 06:13:44 --> [Caused by] CodeIgniter\Database\Exceptions\DatabaseException: pg_query(): Query failed: ERROR:  column tbl_appointment.date does not exist
LINE 8: AND CAST(tbl_appointment.date AS DATE) = '2024-11-13'
                 ^
HINT:  Perhaps you meant to reference the column &quot;tbl_appointment.dates&quot;.
in SYSTEMPATH\Database\Postgre\Connection.php on line 198.
 1 SYSTEMPATH\Database\BaseConnection.php(722): CodeIgniter\Database\Postgre\Connection->execute('SELECT "tbl_appointment".*, "tbl_consultants"."name" AS "cname", "tbl_branch"."branch_name" AS "branch_name", "tbl_slots"."slots_time" AS "slots_time", "tbl_slots"."day_name" AS "day_name", "tbl_section"."section_name" AS "section_name"
FROM "tbl_appointment"
LEFT JOIN "tbl_consultants" ON "tbl_consultants"."id" = "tbl_appointment"."consultant"
LEFT JOIN "tbl_branch" ON "tbl_branch"."id" = "tbl_appointment"."branch"
LEFT JOIN "tbl_slots" ON "tbl_slots"."id" = CAST(tbl_appointment.slot AS INTEGER)
LEFT JOIN "tbl_section" ON "tbl_section"."id" = "tbl_appointment"."section"
WHERE "tbl_appointment"."is_deleted" = \'N\'
AND CAST(tbl_appointment.date AS DATE) = \'2024-11-13\'')
 2 SYSTEMPATH\Database\BaseConnection.php(636): CodeIgniter\Database\BaseConnection->simpleQuery('SELECT "tbl_appointment".*, "tbl_consultants"."name" AS "cname", "tbl_branch"."branch_name" AS "branch_name", "tbl_slots"."slots_time" AS "slots_time", "tbl_slots"."day_name" AS "day_name", "tbl_section"."section_name" AS "section_name"
FROM "tbl_appointment"
LEFT JOIN "tbl_consultants" ON "tbl_consultants"."id" = "tbl_appointment"."consultant"
LEFT JOIN "tbl_branch" ON "tbl_branch"."id" = "tbl_appointment"."branch"
LEFT JOIN "tbl_slots" ON "tbl_slots"."id" = CAST(tbl_appointment.slot AS INTEGER)
LEFT JOIN "tbl_section" ON "tbl_section"."id" = "tbl_appointment"."section"
WHERE "tbl_appointment"."is_deleted" = \'N\'
AND CAST(tbl_appointment.date AS DATE) = \'2024-11-13\'')
 3 SYSTEMPATH\Database\BaseBuilder.php(1629): CodeIgniter\Database\BaseConnection->query('SELECT "tbl_appointment".*, "tbl_consultants"."name" AS "cname", "tbl_branch"."branch_name" AS "branch_name", "tbl_slots"."slots_time" AS "slots_time", "tbl_slots"."day_name" AS "day_name", "tbl_section"."section_name" AS "section_name"
FROM "tbl_appointment"
LEFT JOIN "tbl_consultants" ON "tbl_consultants"."id" = "tbl_appointment"."consultant"
LEFT JOIN "tbl_branch" ON "tbl_branch"."id" = "tbl_appointment"."branch"
LEFT JOIN "tbl_slots" ON "tbl_slots"."id" = CAST(tbl_appointment.slot AS INTEGER)
LEFT JOIN "tbl_section" ON "tbl_section"."id" = "tbl_appointment"."section"
WHERE "tbl_appointment"."is_deleted" = :tbl_appointment.is_deleted:
AND CAST(tbl_appointment.date AS DATE) = :CAST(tbl_appointment.date AS DATE):', [...], false)
 4 APPPATH\Controllers\Home.php(739): CodeIgniter\Database\BaseBuilder->get()
 5 SYSTEMPATH\CodeIgniter.php(933): App\Controllers\Home->get_todays_appointment_data('tbl_appointment')
 6 SYSTEMPATH\CodeIgniter.php(509): CodeIgniter\CodeIgniter->runController(Object(App\Controllers\Home))
 7 SYSTEMPATH\CodeIgniter.php(355): CodeIgniter\CodeIgniter->handleRequest(null, Object(Config\Cache), false)
 8 SYSTEMPATH\Boot.php(312): CodeIgniter\CodeIgniter->run()
 9 SYSTEMPATH\Boot.php(67): CodeIgniter\Boot::runCodeIgniter(Object(CodeIgniter\CodeIgniter))
10 FCPATH\index.php(56): CodeIgniter\Boot::bootWeb(Object(Config\Paths))
CRITICAL - 2024-11-13 06:13:44 --> [Caused by] ErrorException: pg_query(): Query failed: ERROR:  column tbl_appointment.date does not exist
LINE 8: AND CAST(tbl_appointment.date AS DATE) = '2024-11-13'
                 ^
HINT:  Perhaps you meant to reference the column &quot;tbl_appointment.dates&quot;.
in SYSTEMPATH\Database\Postgre\Connection.php on line 193.
 1 [internal function]: CodeIgniter\Debug\Exceptions->errorHandler(2, 'pg_query(): Query failed: ERROR:  column tbl_appointment.date does not exist
LINE 8: AND CAST(tbl_appointment.date AS DATE) = \'2024-11-13\'
                 ^
HINT:  Perhaps you meant to reference the column &quot;tbl_appointment.dates&quot;.', 'C:\\xampp\\htdocs\\OPDClinic\\system\\Database\\Postgre\\Connection.php', 193)
 2 SYSTEMPATH\Database\Postgre\Connection.php(193): pg_query(Object(PgSql\Connection), 'SELECT "tbl_appointment".*, "tbl_consultants"."name" AS "cname", "tbl_branch"."branch_name" AS "branch_name", "tbl_slots"."slots_time" AS "slots_time", "tbl_slots"."day_name" AS "day_name", "tbl_section"."section_name" AS "section_name"
FROM "tbl_appointment"
LEFT JOIN "tbl_consultants" ON "tbl_consultants"."id" = "tbl_appointment"."consultant"
LEFT JOIN "tbl_branch" ON "tbl_branch"."id" = "tbl_appointment"."branch"
LEFT JOIN "tbl_slots" ON "tbl_slots"."id" = CAST(tbl_appointment.slot AS INTEGER)
LEFT JOIN "tbl_section" ON "tbl_section"."id" = "tbl_appointment"."section"
WHERE "tbl_appointment"."is_deleted" = \'N\'
AND CAST(tbl_appointment.date AS DATE) = \'2024-11-13\'')
 3 SYSTEMPATH\Database\BaseConnection.php(722): CodeIgniter\Database\Postgre\Connection->execute('SELECT "tbl_appointment".*, "tbl_consultants"."name" AS "cname", "tbl_branch"."branch_name" AS "branch_name", "tbl_slots"."slots_time" AS "slots_time", "tbl_slots"."day_name" AS "day_name", "tbl_section"."section_name" AS "section_name"
FROM "tbl_appointment"
LEFT JOIN "tbl_consultants" ON "tbl_consultants"."id" = "tbl_appointment"."consultant"
LEFT JOIN "tbl_branch" ON "tbl_branch"."id" = "tbl_appointment"."branch"
LEFT JOIN "tbl_slots" ON "tbl_slots"."id" = CAST(tbl_appointment.slot AS INTEGER)
LEFT JOIN "tbl_section" ON "tbl_section"."id" = "tbl_appointment"."section"
WHERE "tbl_appointment"."is_deleted" = \'N\'
AND CAST(tbl_appointment.date AS DATE) = \'2024-11-13\'')
 4 SYSTEMPATH\Database\BaseConnection.php(636): CodeIgniter\Database\BaseConnection->simpleQuery('SELECT "tbl_appointment".*, "tbl_consultants"."name" AS "cname", "tbl_branch"."branch_name" AS "branch_name", "tbl_slots"."slots_time" AS "slots_time", "tbl_slots"."day_name" AS "day_name", "tbl_section"."section_name" AS "section_name"
FROM "tbl_appointment"
LEFT JOIN "tbl_consultants" ON "tbl_consultants"."id" = "tbl_appointment"."consultant"
LEFT JOIN "tbl_branch" ON "tbl_branch"."id" = "tbl_appointment"."branch"
LEFT JOIN "tbl_slots" ON "tbl_slots"."id" = CAST(tbl_appointment.slot AS INTEGER)
LEFT JOIN "tbl_section" ON "tbl_section"."id" = "tbl_appointment"."section"
WHERE "tbl_appointment"."is_deleted" = \'N\'
AND CAST(tbl_appointment.date AS DATE) = \'2024-11-13\'')
 5 SYSTEMPATH\Database\BaseBuilder.php(1629): CodeIgniter\Database\BaseConnection->query('SELECT "tbl_appointment".*, "tbl_consultants"."name" AS "cname", "tbl_branch"."branch_name" AS "branch_name", "tbl_slots"."slots_time" AS "slots_time", "tbl_slots"."day_name" AS "day_name", "tbl_section"."section_name" AS "section_name"
FROM "tbl_appointment"
LEFT JOIN "tbl_consultants" ON "tbl_consultants"."id" = "tbl_appointment"."consultant"
LEFT JOIN "tbl_branch" ON "tbl_branch"."id" = "tbl_appointment"."branch"
LEFT JOIN "tbl_slots" ON "tbl_slots"."id" = CAST(tbl_appointment.slot AS INTEGER)
LEFT JOIN "tbl_section" ON "tbl_section"."id" = "tbl_appointment"."section"
WHERE "tbl_appointment"."is_deleted" = :tbl_appointment.is_deleted:
AND CAST(tbl_appointment.date AS DATE) = :CAST(tbl_appointment.date AS DATE):', [...], false)
 6 APPPATH\Controllers\Home.php(739): CodeIgniter\Database\BaseBuilder->get()
 7 SYSTEMPATH\CodeIgniter.php(933): App\Controllers\Home->get_todays_appointment_data('tbl_appointment')
 8 SYSTEMPATH\CodeIgniter.php(509): CodeIgniter\CodeIgniter->runController(Object(App\Controllers\Home))
 9 SYSTEMPATH\CodeIgniter.php(355): CodeIgniter\CodeIgniter->handleRequest(null, Object(Config\Cache), false)
10 SYSTEMPATH\Boot.php(312): CodeIgniter\CodeIgniter->run()
11 SYSTEMPATH\Boot.php(67): CodeIgniter\Boot::runCodeIgniter(Object(CodeIgniter\CodeIgniter))
12 FCPATH\index.php(56): CodeIgniter\Boot::bootWeb(Object(Config\Paths))
ERROR - 2024-11-13 06:20:42 --> Error connecting to the database: ErrorException: pg_connect(): Unable to connect to PostgreSQL server: FATAL:  remaining connection slots are reserved for roles with the SUPERUSER attribute in C:\xampp\htdocs\OPDClinic\system\Database\Postgre\Connection.php:78
Stack trace:
#0 [internal function]: CodeIgniter\Debug\Exceptions->errorHandler(2, 'pg_connect(): U...', 'C:\\xampp\\htdocs...', 78)
#1 C:\xampp\htdocs\OPDClinic\system\Database\Postgre\Connection.php(78): pg_connect('host=db-postgre...')
#2 C:\xampp\htdocs\OPDClinic\system\Database\BaseConnection.php(421): CodeIgniter\Database\Postgre\Connection->connect(false)
#3 C:\xampp\htdocs\OPDClinic\system\Database\BaseConnection.php(604): CodeIgniter\Database\BaseConnection->initialize()
#4 C:\xampp\htdocs\OPDClinic\system\Database\BaseBuilder.php(1629): CodeIgniter\Database\BaseConnection->query('SELECT "tbl_app...', Array, false)
#5 C:\xampp\htdocs\OPDClinic\app\Controllers\Home.php(999): CodeIgniter\Database\BaseBuilder->get()
#6 C:\xampp\htdocs\OPDClinic\system\CodeIgniter.php(933): App\Controllers\Home->getCancelledAppointments()
#7 C:\xampp\htdocs\OPDClinic\system\CodeIgniter.php(509): CodeIgniter\CodeIgniter->runController(Object(App\Controllers\Home))
#8 C:\xampp\htdocs\OPDClinic\system\CodeIgniter.php(355): CodeIgniter\CodeIgniter->handleRequest(NULL, Object(Config\Cache), false)
#9 C:\xampp\htdocs\OPDClinic\system\Boot.php(312): CodeIgniter\CodeIgniter->run()
#10 C:\xampp\htdocs\OPDClinic\system\Boot.php(67): CodeIgniter\Boot::runCodeIgniter(Object(CodeIgniter\CodeIgniter))
#11 C:\xampp\htdocs\OPDClinic\index.php(56): CodeIgniter\Boot::bootWeb(Object(Config\Paths))
#12 {main}
CRITICAL - 2024-11-13 06:20:42 --> CodeIgniter\Database\Exceptions\DatabaseException: Unable to connect to the database.
Main connection [Postgre]: pg_connect(): Unable to connect to PostgreSQL server: FATAL:  remaining connection slots are reserved for roles with the SUPERUSER attribute
[Method: GET, Route: get_cancelled_appointments]
in SYSTEMPATH\Database\BaseConnection.php on line 457.
 1 SYSTEMPATH\Database\BaseConnection.php(604): CodeIgniter\Database\BaseConnection->initialize()
 2 SYSTEMPATH\Database\BaseBuilder.php(1629): CodeIgniter\Database\BaseConnection->query('SELECT "tbl_appointment".*, "tbl_slots"."slots_time" AS "slot_time", "tbl_branch"."branch_name" AS "branch_name", "tbl_register"."name" AS "consultant_name", "tbl_section"."section_name" AS "section_name"
FROM "tbl_appointment"
LEFT JOIN "tbl_slots" ON CAST(tbl_appointment.slot AS INTEGER) = tbl_slots.id
LEFT JOIN "tbl_branch" ON "tbl_appointment"."branch" = "tbl_branch"."id"
LEFT JOIN "tbl_register" ON "tbl_appointment"."consultant" = "tbl_register"."id"
LEFT JOIN "tbl_section" ON "tbl_appointment"."section" = "tbl_section"."id"
WHERE "tbl_appointment"."appointment_status" = :tbl_appointment.appointment_status:', [...], false)
 3 APPPATH\Controllers\Home.php(999): CodeIgniter\Database\BaseBuilder->get()
 4 SYSTEMPATH\CodeIgniter.php(933): App\Controllers\Home->getCancelledAppointments()
 5 SYSTEMPATH\CodeIgniter.php(509): CodeIgniter\CodeIgniter->runController(Object(App\Controllers\Home))
 6 SYSTEMPATH\CodeIgniter.php(355): CodeIgniter\CodeIgniter->handleRequest(null, Object(Config\Cache), false)
 7 SYSTEMPATH\Boot.php(312): CodeIgniter\CodeIgniter->run()
 8 SYSTEMPATH\Boot.php(67): CodeIgniter\Boot::runCodeIgniter(Object(CodeIgniter\CodeIgniter))
 9 FCPATH\index.php(56): CodeIgniter\Boot::bootWeb(Object(Config\Paths))
ERROR - 2024-11-13 06:20:43 --> Error connecting to the database: ErrorException: pg_connect(): Unable to connect to PostgreSQL server: FATAL:  remaining connection slots are reserved for roles with the SUPERUSER attribute in C:\xampp\htdocs\OPDClinic\system\Database\Postgre\Connection.php:78
Stack trace:
#0 [internal function]: CodeIgniter\Debug\Exceptions->errorHandler(2, 'pg_connect(): U...', 'C:\\xampp\\htdocs...', 78)
#1 C:\xampp\htdocs\OPDClinic\system\Database\Postgre\Connection.php(78): pg_connect('host=db-postgre...')
#2 C:\xampp\htdocs\OPDClinic\system\Database\BaseConnection.php(421): CodeIgniter\Database\Postgre\Connection->connect(false)
#3 C:\xampp\htdocs\OPDClinic\system\Database\BaseConnection.php(604): CodeIgniter\Database\BaseConnection->initialize()
#4 C:\xampp\htdocs\OPDClinic\system\Database\BaseBuilder.php(1629): CodeIgniter\Database\BaseConnection->query('SELECT "tbl_app...', Array, false)
#5 C:\xampp\htdocs\OPDClinic\app\Controllers\Home.php(948): CodeIgniter\Database\BaseBuilder->get()
#6 C:\xampp\htdocs\OPDClinic\system\CodeIgniter.php(933): App\Controllers\Home->getUpcomingAppointments()
#7 C:\xampp\htdocs\OPDClinic\system\CodeIgniter.php(509): CodeIgniter\CodeIgniter->runController(Object(App\Controllers\Home))
#8 C:\xampp\htdocs\OPDClinic\system\CodeIgniter.php(355): CodeIgniter\CodeIgniter->handleRequest(NULL, Object(Config\Cache), false)
#9 C:\xampp\htdocs\OPDClinic\system\Boot.php(312): CodeIgniter\CodeIgniter->run()
#10 C:\xampp\htdocs\OPDClinic\system\Boot.php(67): CodeIgniter\Boot::runCodeIgniter(Object(CodeIgniter\CodeIgniter))
#11 C:\xampp\htdocs\OPDClinic\index.php(56): CodeIgniter\Boot::bootWeb(Object(Config\Paths))
#12 {main}
CRITICAL - 2024-11-13 06:20:43 --> CodeIgniter\Database\Exceptions\DatabaseException: Unable to connect to the database.
Main connection [Postgre]: pg_connect(): Unable to connect to PostgreSQL server: FATAL:  remaining connection slots are reserved for roles with the SUPERUSER attribute
[Method: GET, Route: get_upcoming_appointments]
in SYSTEMPATH\Database\BaseConnection.php on line 457.
 1 SYSTEMPATH\Database\BaseConnection.php(604): CodeIgniter\Database\BaseConnection->initialize()
 2 SYSTEMPATH\Database\BaseBuilder.php(1629): CodeIgniter\Database\BaseConnection->query('SELECT "tbl_appointment".*, "tbl_slots"."slots_time" AS "slot_time", "tbl_branch"."branch_name" AS "branch_name", "tbl_register"."name" AS "consultant_name", "tbl_section"."section_name" AS "section_name"
FROM "tbl_appointment"
LEFT JOIN "tbl_slots" ON CAST(tbl_appointment.slot AS INTEGER) = tbl_slots.id
LEFT JOIN "tbl_branch" ON "tbl_appointment"."branch" = "tbl_branch"."id"
LEFT JOIN "tbl_register" ON "tbl_appointment"."consultant" = "tbl_register"."id"
LEFT JOIN "tbl_section" ON "tbl_appointment"."section" = "tbl_section"."id"
WHERE "tbl_appointment"."appointment_status" = :tbl_appointment.appointment_status:', [...], false)
 3 APPPATH\Controllers\Home.php(948): CodeIgniter\Database\BaseBuilder->get()
 4 SYSTEMPATH\CodeIgniter.php(933): App\Controllers\Home->getUpcomingAppointments()
 5 SYSTEMPATH\CodeIgniter.php(509): CodeIgniter\CodeIgniter->runController(Object(App\Controllers\Home))
 6 SYSTEMPATH\CodeIgniter.php(355): CodeIgniter\CodeIgniter->handleRequest(null, Object(Config\Cache), false)
 7 SYSTEMPATH\Boot.php(312): CodeIgniter\CodeIgniter->run()
 8 SYSTEMPATH\Boot.php(67): CodeIgniter\Boot::runCodeIgniter(Object(CodeIgniter\CodeIgniter))
 9 FCPATH\index.php(56): CodeIgniter\Boot::bootWeb(Object(Config\Paths))
ERROR - 2024-11-13 06:20:50 --> Error connecting to the database: ErrorException: pg_connect(): Unable to connect to PostgreSQL server: FATAL:  remaining connection slots are reserved for roles with the SUPERUSER attribute in C:\xampp\htdocs\OPDClinic\system\Database\Postgre\Connection.php:78
Stack trace:
#0 [internal function]: CodeIgniter\Debug\Exceptions->errorHandler(2, 'pg_connect(): U...', 'C:\\xampp\\htdocs...', 78)
#1 C:\xampp\htdocs\OPDClinic\system\Database\Postgre\Connection.php(78): pg_connect('host=db-postgre...')
#2 C:\xampp\htdocs\OPDClinic\system\Database\BaseConnection.php(421): CodeIgniter\Database\Postgre\Connection->connect(false)
#3 C:\xampp\htdocs\OPDClinic\system\Database\BaseConnection.php(604): CodeIgniter\Database\BaseConnection->initialize()
#4 C:\xampp\htdocs\OPDClinic\system\Database\BaseBuilder.php(1629): CodeIgniter\Database\BaseConnection->query('SELECT "tbl_app...', Array, false)
#5 C:\xampp\htdocs\OPDClinic\app\Controllers\Home.php(739): CodeIgniter\Database\BaseBuilder->get()
#6 C:\xampp\htdocs\OPDClinic\system\CodeIgniter.php(933): App\Controllers\Home->get_todays_appointment_data('tbl_appointment')
#7 C:\xampp\htdocs\OPDClinic\system\CodeIgniter.php(509): CodeIgniter\CodeIgniter->runController(Object(App\Controllers\Home))
#8 C:\xampp\htdocs\OPDClinic\system\CodeIgniter.php(355): CodeIgniter\CodeIgniter->handleRequest(NULL, Object(Config\Cache), false)
#9 C:\xampp\htdocs\OPDClinic\system\Boot.php(312): CodeIgniter\CodeIgniter->run()
#10 C:\xampp\htdocs\OPDClinic\system\Boot.php(67): CodeIgniter\Boot::runCodeIgniter(Object(CodeIgniter\CodeIgniter))
#11 C:\xampp\htdocs\OPDClinic\index.php(56): CodeIgniter\Boot::bootWeb(Object(Config\Paths))
#12 {main}
CRITICAL - 2024-11-13 06:20:50 --> CodeIgniter\Database\Exceptions\DatabaseException: Unable to connect to the database.
Main connection [Postgre]: pg_connect(): Unable to connect to PostgreSQL server: FATAL:  remaining connection slots are reserved for roles with the SUPERUSER attribute
[Method: GET, Route: get_todays_appointment_data/tbl_appointment]
in SYSTEMPATH\Database\BaseConnection.php on line 457.
 1 SYSTEMPATH\Database\BaseConnection.php(604): CodeIgniter\Database\BaseConnection->initialize()
 2 SYSTEMPATH\Database\BaseBuilder.php(1629): CodeIgniter\Database\BaseConnection->query('SELECT "tbl_appointment".*, "tbl_consultants"."name" AS "cname", "tbl_branch"."branch_name" AS "branch_name", "tbl_slots"."slots_time" AS "slots_time", "tbl_slots"."day_name" AS "day_name", "tbl_section"."section_name" AS "section_name"
FROM "tbl_appointment"
LEFT JOIN "tbl_consultants" ON "tbl_consultants"."id" = "tbl_appointment"."consultant"
LEFT JOIN "tbl_branch" ON "tbl_branch"."id" = "tbl_appointment"."branch"
LEFT JOIN "tbl_slots" ON "tbl_slots"."id" = CAST(tbl_appointment.slot AS INTEGER)
LEFT JOIN "tbl_section" ON "tbl_section"."id" = "tbl_appointment"."section"
WHERE "tbl_appointment"."is_deleted" = :tbl_appointment.is_deleted:
AND CAST(tbl_appointment.dates AS DATE) = :CAST(tbl_appointment.dates AS DATE):', [...], false)
 3 APPPATH\Controllers\Home.php(739): CodeIgniter\Database\BaseBuilder->get()
 4 SYSTEMPATH\CodeIgniter.php(933): App\Controllers\Home->get_todays_appointment_data('tbl_appointment')
 5 SYSTEMPATH\CodeIgniter.php(509): CodeIgniter\CodeIgniter->runController(Object(App\Controllers\Home))
 6 SYSTEMPATH\CodeIgniter.php(355): CodeIgniter\CodeIgniter->handleRequest(null, Object(Config\Cache), false)
 7 SYSTEMPATH\Boot.php(312): CodeIgniter\CodeIgniter->run()
 8 SYSTEMPATH\Boot.php(67): CodeIgniter\Boot::runCodeIgniter(Object(CodeIgniter\CodeIgniter))
 9 FCPATH\index.php(56): CodeIgniter\Boot::bootWeb(Object(Config\Paths))
ERROR - 2024-11-13 06:20:50 --> Error connecting to the database: ErrorException: pg_connect(): Unable to connect to PostgreSQL server: FATAL:  remaining connection slots are reserved for roles with the SUPERUSER attribute in C:\xampp\htdocs\OPDClinic\system\Database\Postgre\Connection.php:78
Stack trace:
#0 [internal function]: CodeIgniter\Debug\Exceptions->errorHandler(2, 'pg_connect(): U...', 'C:\\xampp\\htdocs...', 78)
#1 C:\xampp\htdocs\OPDClinic\system\Database\Postgre\Connection.php(78): pg_connect('host=db-postgre...')
#2 C:\xampp\htdocs\OPDClinic\system\Database\BaseConnection.php(421): CodeIgniter\Database\Postgre\Connection->connect(false)
#3 C:\xampp\htdocs\OPDClinic\system\Database\BaseConnection.php(604): CodeIgniter\Database\BaseConnection->initialize()
#4 C:\xampp\htdocs\OPDClinic\system\Database\BaseBuilder.php(1629): CodeIgniter\Database\BaseConnection->query('SELECT "tbl_app...', Array, false)
#5 C:\xampp\htdocs\OPDClinic\app\Controllers\Home.php(922): CodeIgniter\Database\BaseBuilder->get()
#6 C:\xampp\htdocs\OPDClinic\system\CodeIgniter.php(933): App\Controllers\Home->getConductedAppointments()
#7 C:\xampp\htdocs\OPDClinic\system\CodeIgniter.php(509): CodeIgniter\CodeIgniter->runController(Object(App\Controllers\Home))
#8 C:\xampp\htdocs\OPDClinic\system\CodeIgniter.php(355): CodeIgniter\CodeIgniter->handleRequest(NULL, Object(Config\Cache), false)
#9 C:\xampp\htdocs\OPDClinic\system\Boot.php(312): CodeIgniter\CodeIgniter->run()
#10 C:\xampp\htdocs\OPDClinic\system\Boot.php(67): CodeIgniter\Boot::runCodeIgniter(Object(CodeIgniter\CodeIgniter))
#11 C:\xampp\htdocs\OPDClinic\index.php(56): CodeIgniter\Boot::bootWeb(Object(Config\Paths))
#12 {main}
CRITICAL - 2024-11-13 06:20:50 --> CodeIgniter\Database\Exceptions\DatabaseException: Unable to connect to the database.
Main connection [Postgre]: pg_connect(): Unable to connect to PostgreSQL server: FATAL:  remaining connection slots are reserved for roles with the SUPERUSER attribute
[Method: GET, Route: get_conducted_appointments]
in SYSTEMPATH\Database\BaseConnection.php on line 457.
 1 SYSTEMPATH\Database\BaseConnection.php(604): CodeIgniter\Database\BaseConnection->initialize()
 2 SYSTEMPATH\Database\BaseBuilder.php(1629): CodeIgniter\Database\BaseConnection->query('SELECT "tbl_appointment".*, "tbl_slots"."slots_time" AS "slot_time", "tbl_branch"."branch_name" AS "branch_name", "tbl_register"."name" AS "consultant_name", "tbl_section"."section_name" AS "section_name"
FROM "tbl_appointment"
LEFT JOIN "tbl_slots" ON CAST(tbl_appointment.slot AS INTEGER) = tbl_slots.id
LEFT JOIN "tbl_branch" ON "tbl_appointment"."branch" = "tbl_branch"."id"
LEFT JOIN "tbl_register" ON "tbl_appointment"."consultant" = "tbl_register"."id"
LEFT JOIN "tbl_section" ON "tbl_appointment"."section" = "tbl_section"."id"
WHERE "tbl_appointment"."appointment_status" = :tbl_appointment.appointment_status:', [...], false)
 3 APPPATH\Controllers\Home.php(922): CodeIgniter\Database\BaseBuilder->get()
 4 SYSTEMPATH\CodeIgniter.php(933): App\Controllers\Home->getConductedAppointments()
 5 SYSTEMPATH\CodeIgniter.php(509): CodeIgniter\CodeIgniter->runController(Object(App\Controllers\Home))
 6 SYSTEMPATH\CodeIgniter.php(355): CodeIgniter\CodeIgniter->handleRequest(null, Object(Config\Cache), false)
 7 SYSTEMPATH\Boot.php(312): CodeIgniter\CodeIgniter->run()
 8 SYSTEMPATH\Boot.php(67): CodeIgniter\Boot::runCodeIgniter(Object(CodeIgniter\CodeIgniter))
 9 FCPATH\index.php(56): CodeIgniter\Boot::bootWeb(Object(Config\Paths))
ERROR - 2024-11-13 06:21:29 --> Error connecting to the database: ErrorException: pg_connect(): Unable to connect to PostgreSQL server: FATAL:  remaining connection slots are reserved for roles with the SUPERUSER attribute in C:\xampp\htdocs\OPDClinic\system\Database\Postgre\Connection.php:78
Stack trace:
#0 [internal function]: CodeIgniter\Debug\Exceptions->errorHandler(2, 'pg_connect(): U...', 'C:\\xampp\\htdocs...', 78)
#1 C:\xampp\htdocs\OPDClinic\system\Database\Postgre\Connection.php(78): pg_connect('host=db-postgre...')
#2 C:\xampp\htdocs\OPDClinic\system\Database\BaseConnection.php(421): CodeIgniter\Database\Postgre\Connection->connect(false)
#3 C:\xampp\htdocs\OPDClinic\system\Database\BaseConnection.php(604): CodeIgniter\Database\BaseConnection->initialize()
#4 C:\xampp\htdocs\OPDClinic\system\Database\BaseBuilder.php(1629): CodeIgniter\Database\BaseConnection->query('SELECT "tbl_app...', Array, false)
#5 C:\xampp\htdocs\OPDClinic\app\Controllers\Home.php(948): CodeIgniter\Database\BaseBuilder->get()
#6 C:\xampp\htdocs\OPDClinic\system\CodeIgniter.php(933): App\Controllers\Home->getUpcomingAppointments()
#7 C:\xampp\htdocs\OPDClinic\system\CodeIgniter.php(509): CodeIgniter\CodeIgniter->runController(Object(App\Controllers\Home))
#8 C:\xampp\htdocs\OPDClinic\system\CodeIgniter.php(355): CodeIgniter\CodeIgniter->handleRequest(NULL, Object(Config\Cache), false)
#9 C:\xampp\htdocs\OPDClinic\system\Boot.php(312): CodeIgniter\CodeIgniter->run()
#10 C:\xampp\htdocs\OPDClinic\system\Boot.php(67): CodeIgniter\Boot::runCodeIgniter(Object(CodeIgniter\CodeIgniter))
#11 C:\xampp\htdocs\OPDClinic\index.php(56): CodeIgniter\Boot::bootWeb(Object(Config\Paths))
#12 {main}
CRITICAL - 2024-11-13 06:21:29 --> CodeIgniter\Database\Exceptions\DatabaseException: Unable to connect to the database.
Main connection [Postgre]: pg_connect(): Unable to connect to PostgreSQL server: FATAL:  remaining connection slots are reserved for roles with the SUPERUSER attribute
[Method: GET, Route: get_upcoming_appointments]
in SYSTEMPATH\Database\BaseConnection.php on line 457.
 1 SYSTEMPATH\Database\BaseConnection.php(604): CodeIgniter\Database\BaseConnection->initialize()
 2 SYSTEMPATH\Database\BaseBuilder.php(1629): CodeIgniter\Database\BaseConnection->query('SELECT "tbl_appointment".*, "tbl_slots"."slots_time" AS "slot_time", "tbl_branch"."branch_name" AS "branch_name", "tbl_register"."name" AS "consultant_name", "tbl_section"."section_name" AS "section_name"
FROM "tbl_appointment"
LEFT JOIN "tbl_slots" ON CAST(tbl_appointment.slot AS INTEGER) = tbl_slots.id
LEFT JOIN "tbl_branch" ON "tbl_appointment"."branch" = "tbl_branch"."id"
LEFT JOIN "tbl_register" ON "tbl_appointment"."consultant" = "tbl_register"."id"
LEFT JOIN "tbl_section" ON "tbl_appointment"."section" = "tbl_section"."id"
WHERE "tbl_appointment"."appointment_status" = :tbl_appointment.appointment_status:', [...], false)
 3 APPPATH\Controllers\Home.php(948): CodeIgniter\Database\BaseBuilder->get()
 4 SYSTEMPATH\CodeIgniter.php(933): App\Controllers\Home->getUpcomingAppointments()
 5 SYSTEMPATH\CodeIgniter.php(509): CodeIgniter\CodeIgniter->runController(Object(App\Controllers\Home))
 6 SYSTEMPATH\CodeIgniter.php(355): CodeIgniter\CodeIgniter->handleRequest(null, Object(Config\Cache), false)
 7 SYSTEMPATH\Boot.php(312): CodeIgniter\CodeIgniter->run()
 8 SYSTEMPATH\Boot.php(67): CodeIgniter\Boot::runCodeIgniter(Object(CodeIgniter\CodeIgniter))
 9 FCPATH\index.php(56): CodeIgniter\Boot::bootWeb(Object(Config\Paths))
ERROR - 2024-11-13 06:21:29 --> Error connecting to the database: ErrorException: pg_connect(): Unable to connect to PostgreSQL server: FATAL:  remaining connection slots are reserved for roles with the SUPERUSER attribute in C:\xampp\htdocs\OPDClinic\system\Database\Postgre\Connection.php:78
Stack trace:
#0 [internal function]: CodeIgniter\Debug\Exceptions->errorHandler(2, 'pg_connect(): U...', 'C:\\xampp\\htdocs...', 78)
#1 C:\xampp\htdocs\OPDClinic\system\Database\Postgre\Connection.php(78): pg_connect('host=db-postgre...')
#2 C:\xampp\htdocs\OPDClinic\system\Database\BaseConnection.php(421): CodeIgniter\Database\Postgre\Connection->connect(false)
#3 C:\xampp\htdocs\OPDClinic\system\Database\BaseConnection.php(604): CodeIgniter\Database\BaseConnection->initialize()
#4 C:\xampp\htdocs\OPDClinic\system\Database\BaseBuilder.php(1629): CodeIgniter\Database\BaseConnection->query('SELECT "tbl_app...', Array, false)
#5 C:\xampp\htdocs\OPDClinic\app\Controllers\Home.php(999): CodeIgniter\Database\BaseBuilder->get()
#6 C:\xampp\htdocs\OPDClinic\system\CodeIgniter.php(933): App\Controllers\Home->getCancelledAppointments()
#7 C:\xampp\htdocs\OPDClinic\system\CodeIgniter.php(509): CodeIgniter\CodeIgniter->runController(Object(App\Controllers\Home))
#8 C:\xampp\htdocs\OPDClinic\system\CodeIgniter.php(355): CodeIgniter\CodeIgniter->handleRequest(NULL, Object(Config\Cache), false)
#9 C:\xampp\htdocs\OPDClinic\system\Boot.php(312): CodeIgniter\CodeIgniter->run()
#10 C:\xampp\htdocs\OPDClinic\system\Boot.php(67): CodeIgniter\Boot::runCodeIgniter(Object(CodeIgniter\CodeIgniter))
#11 C:\xampp\htdocs\OPDClinic\index.php(56): CodeIgniter\Boot::bootWeb(Object(Config\Paths))
#12 {main}
CRITICAL - 2024-11-13 06:21:29 --> CodeIgniter\Database\Exceptions\DatabaseException: Unable to connect to the database.
Main connection [Postgre]: pg_connect(): Unable to connect to PostgreSQL server: FATAL:  remaining connection slots are reserved for roles with the SUPERUSER attribute
[Method: GET, Route: get_cancelled_appointments]
in SYSTEMPATH\Database\BaseConnection.php on line 457.
 1 SYSTEMPATH\Database\BaseConnection.php(604): CodeIgniter\Database\BaseConnection->initialize()
 2 SYSTEMPATH\Database\BaseBuilder.php(1629): CodeIgniter\Database\BaseConnection->query('SELECT "tbl_appointment".*, "tbl_slots"."slots_time" AS "slot_time", "tbl_branch"."branch_name" AS "branch_name", "tbl_register"."name" AS "consultant_name", "tbl_section"."section_name" AS "section_name"
FROM "tbl_appointment"
LEFT JOIN "tbl_slots" ON CAST(tbl_appointment.slot AS INTEGER) = tbl_slots.id
LEFT JOIN "tbl_branch" ON "tbl_appointment"."branch" = "tbl_branch"."id"
LEFT JOIN "tbl_register" ON "tbl_appointment"."consultant" = "tbl_register"."id"
LEFT JOIN "tbl_section" ON "tbl_appointment"."section" = "tbl_section"."id"
WHERE "tbl_appointment"."appointment_status" = :tbl_appointment.appointment_status:', [...], false)
 3 APPPATH\Controllers\Home.php(999): CodeIgniter\Database\BaseBuilder->get()
 4 SYSTEMPATH\CodeIgniter.php(933): App\Controllers\Home->getCancelledAppointments()
 5 SYSTEMPATH\CodeIgniter.php(509): CodeIgniter\CodeIgniter->runController(Object(App\Controllers\Home))
 6 SYSTEMPATH\CodeIgniter.php(355): CodeIgniter\CodeIgniter->handleRequest(null, Object(Config\Cache), false)
 7 SYSTEMPATH\Boot.php(312): CodeIgniter\CodeIgniter->run()
 8 SYSTEMPATH\Boot.php(67): CodeIgniter\Boot::runCodeIgniter(Object(CodeIgniter\CodeIgniter))
 9 FCPATH\index.php(56): CodeIgniter\Boot::bootWeb(Object(Config\Paths))
ERROR - 2024-11-13 06:21:29 --> Error connecting to the database: ErrorException: pg_connect(): Unable to connect to PostgreSQL server: FATAL:  remaining connection slots are reserved for roles with the SUPERUSER attribute in C:\xampp\htdocs\OPDClinic\system\Database\Postgre\Connection.php:78
Stack trace:
#0 [internal function]: CodeIgniter\Debug\Exceptions->errorHandler(2, 'pg_connect(): U...', 'C:\\xampp\\htdocs...', 78)
#1 C:\xampp\htdocs\OPDClinic\system\Database\Postgre\Connection.php(78): pg_connect('host=db-postgre...')
#2 C:\xampp\htdocs\OPDClinic\system\Database\BaseConnection.php(421): CodeIgniter\Database\Postgre\Connection->connect(false)
#3 C:\xampp\htdocs\OPDClinic\system\Database\BaseConnection.php(604): CodeIgniter\Database\BaseConnection->initialize()
#4 C:\xampp\htdocs\OPDClinic\system\Database\BaseBuilder.php(1629): CodeIgniter\Database\BaseConnection->query('SELECT "tbl_app...', Array, false)
#5 C:\xampp\htdocs\OPDClinic\app\Controllers\Home.php(948): CodeIgniter\Database\BaseBuilder->get()
#6 C:\xampp\htdocs\OPDClinic\system\CodeIgniter.php(933): App\Controllers\Home->getUpcomingAppointments()
#7 C:\xampp\htdocs\OPDClinic\system\CodeIgniter.php(509): CodeIgniter\CodeIgniter->runController(Object(App\Controllers\Home))
#8 C:\xampp\htdocs\OPDClinic\system\CodeIgniter.php(355): CodeIgniter\CodeIgniter->handleRequest(NULL, Object(Config\Cache), false)
#9 C:\xampp\htdocs\OPDClinic\system\Boot.php(312): CodeIgniter\CodeIgniter->run()
#10 C:\xampp\htdocs\OPDClinic\system\Boot.php(67): CodeIgniter\Boot::runCodeIgniter(Object(CodeIgniter\CodeIgniter))
#11 C:\xampp\htdocs\OPDClinic\index.php(56): CodeIgniter\Boot::bootWeb(Object(Config\Paths))
#12 {main}
CRITICAL - 2024-11-13 06:21:29 --> CodeIgniter\Database\Exceptions\DatabaseException: Unable to connect to the database.
Main connection [Postgre]: pg_connect(): Unable to connect to PostgreSQL server: FATAL:  remaining connection slots are reserved for roles with the SUPERUSER attribute
[Method: GET, Route: get_upcoming_appointments]
in SYSTEMPATH\Database\BaseConnection.php on line 457.
 1 SYSTEMPATH\Database\BaseConnection.php(604): CodeIgniter\Database\BaseConnection->initialize()
 2 SYSTEMPATH\Database\BaseBuilder.php(1629): CodeIgniter\Database\BaseConnection->query('SELECT "tbl_appointment".*, "tbl_slots"."slots_time" AS "slot_time", "tbl_branch"."branch_name" AS "branch_name", "tbl_register"."name" AS "consultant_name", "tbl_section"."section_name" AS "section_name"
FROM "tbl_appointment"
LEFT JOIN "tbl_slots" ON CAST(tbl_appointment.slot AS INTEGER) = tbl_slots.id
LEFT JOIN "tbl_branch" ON "tbl_appointment"."branch" = "tbl_branch"."id"
LEFT JOIN "tbl_register" ON "tbl_appointment"."consultant" = "tbl_register"."id"
LEFT JOIN "tbl_section" ON "tbl_appointment"."section" = "tbl_section"."id"
WHERE "tbl_appointment"."appointment_status" = :tbl_appointment.appointment_status:', [...], false)
 3 APPPATH\Controllers\Home.php(948): CodeIgniter\Database\BaseBuilder->get()
 4 SYSTEMPATH\CodeIgniter.php(933): App\Controllers\Home->getUpcomingAppointments()
 5 SYSTEMPATH\CodeIgniter.php(509): CodeIgniter\CodeIgniter->runController(Object(App\Controllers\Home))
 6 SYSTEMPATH\CodeIgniter.php(355): CodeIgniter\CodeIgniter->handleRequest(null, Object(Config\Cache), false)
 7 SYSTEMPATH\Boot.php(312): CodeIgniter\CodeIgniter->run()
 8 SYSTEMPATH\Boot.php(67): CodeIgniter\Boot::runCodeIgniter(Object(CodeIgniter\CodeIgniter))
 9 FCPATH\index.php(56): CodeIgniter\Boot::bootWeb(Object(Config\Paths))
ERROR - 2024-11-13 06:21:29 --> Error connecting to the database: ErrorException: pg_connect(): Unable to connect to PostgreSQL server: FATAL:  remaining connection slots are reserved for roles with the SUPERUSER attribute in C:\xampp\htdocs\OPDClinic\system\Database\Postgre\Connection.php:78
Stack trace:
#0 [internal function]: CodeIgniter\Debug\Exceptions->errorHandler(2, 'pg_connect(): U...', 'C:\\xampp\\htdocs...', 78)
#1 C:\xampp\htdocs\OPDClinic\system\Database\Postgre\Connection.php(78): pg_connect('host=db-postgre...')
#2 C:\xampp\htdocs\OPDClinic\system\Database\BaseConnection.php(421): CodeIgniter\Database\Postgre\Connection->connect(false)
#3 C:\xampp\htdocs\OPDClinic\system\Database\BaseConnection.php(604): CodeIgniter\Database\BaseConnection->initialize()
#4 C:\xampp\htdocs\OPDClinic\system\Database\BaseBuilder.php(1629): CodeIgniter\Database\BaseConnection->query('SELECT "tbl_app...', Array, false)
#5 C:\xampp\htdocs\OPDClinic\app\Controllers\Home.php(922): CodeIgniter\Database\BaseBuilder->get()
#6 C:\xampp\htdocs\OPDClinic\system\CodeIgniter.php(933): App\Controllers\Home->getConductedAppointments()
#7 C:\xampp\htdocs\OPDClinic\system\CodeIgniter.php(509): CodeIgniter\CodeIgniter->runController(Object(App\Controllers\Home))
#8 C:\xampp\htdocs\OPDClinic\system\CodeIgniter.php(355): CodeIgniter\CodeIgniter->handleRequest(NULL, Object(Config\Cache), false)
#9 C:\xampp\htdocs\OPDClinic\system\Boot.php(312): CodeIgniter\CodeIgniter->run()
#10 C:\xampp\htdocs\OPDClinic\system\Boot.php(67): CodeIgniter\Boot::runCodeIgniter(Object(CodeIgniter\CodeIgniter))
#11 C:\xampp\htdocs\OPDClinic\index.php(56): CodeIgniter\Boot::bootWeb(Object(Config\Paths))
#12 {main}
CRITICAL - 2024-11-13 06:21:29 --> CodeIgniter\Database\Exceptions\DatabaseException: Unable to connect to the database.
Main connection [Postgre]: pg_connect(): Unable to connect to PostgreSQL server: FATAL:  remaining connection slots are reserved for roles with the SUPERUSER attribute
[Method: GET, Route: get_conducted_appointments]
in SYSTEMPATH\Database\BaseConnection.php on line 457.
 1 SYSTEMPATH\Database\BaseConnection.php(604): CodeIgniter\Database\BaseConnection->initialize()
 2 SYSTEMPATH\Database\BaseBuilder.php(1629): CodeIgniter\Database\BaseConnection->query('SELECT "tbl_appointment".*, "tbl_slots"."slots_time" AS "slot_time", "tbl_branch"."branch_name" AS "branch_name", "tbl_register"."name" AS "consultant_name", "tbl_section"."section_name" AS "section_name"
FROM "tbl_appointment"
LEFT JOIN "tbl_slots" ON CAST(tbl_appointment.slot AS INTEGER) = tbl_slots.id
LEFT JOIN "tbl_branch" ON "tbl_appointment"."branch" = "tbl_branch"."id"
LEFT JOIN "tbl_register" ON "tbl_appointment"."consultant" = "tbl_register"."id"
LEFT JOIN "tbl_section" ON "tbl_appointment"."section" = "tbl_section"."id"
WHERE "tbl_appointment"."appointment_status" = :tbl_appointment.appointment_status:', [...], false)
 3 APPPATH\Controllers\Home.php(922): CodeIgniter\Database\BaseBuilder->get()
 4 SYSTEMPATH\CodeIgniter.php(933): App\Controllers\Home->getConductedAppointments()
 5 SYSTEMPATH\CodeIgniter.php(509): CodeIgniter\CodeIgniter->runController(Object(App\Controllers\Home))
 6 SYSTEMPATH\CodeIgniter.php(355): CodeIgniter\CodeIgniter->handleRequest(null, Object(Config\Cache), false)
 7 SYSTEMPATH\Boot.php(312): CodeIgniter\CodeIgniter->run()
 8 SYSTEMPATH\Boot.php(67): CodeIgniter\Boot::runCodeIgniter(Object(CodeIgniter\CodeIgniter))
 9 FCPATH\index.php(56): CodeIgniter\Boot::bootWeb(Object(Config\Paths))
ERROR - 2024-11-13 06:21:29 --> Error connecting to the database: ErrorException: pg_connect(): Unable to connect to PostgreSQL server: FATAL:  remaining connection slots are reserved for roles with the SUPERUSER attribute in C:\xampp\htdocs\OPDClinic\system\Database\Postgre\Connection.php:78
Stack trace:
#0 [internal function]: CodeIgniter\Debug\Exceptions->errorHandler(2, 'pg_connect(): U...', 'C:\\xampp\\htdocs...', 78)
#1 C:\xampp\htdocs\OPDClinic\system\Database\Postgre\Connection.php(78): pg_connect('host=db-postgre...')
#2 C:\xampp\htdocs\OPDClinic\system\Database\BaseConnection.php(421): CodeIgniter\Database\Postgre\Connection->connect(false)
#3 C:\xampp\htdocs\OPDClinic\system\Database\BaseConnection.php(604): CodeIgniter\Database\BaseConnection->initialize()
#4 C:\xampp\htdocs\OPDClinic\system\Database\BaseBuilder.php(1629): CodeIgniter\Database\BaseConnection->query('SELECT "tbl_app...', Array, false)
#5 C:\xampp\htdocs\OPDClinic\app\Controllers\Home.php(739): CodeIgniter\Database\BaseBuilder->get()
#6 C:\xampp\htdocs\OPDClinic\system\CodeIgniter.php(933): App\Controllers\Home->get_todays_appointment_data('tbl_appointment')
#7 C:\xampp\htdocs\OPDClinic\system\CodeIgniter.php(509): CodeIgniter\CodeIgniter->runController(Object(App\Controllers\Home))
#8 C:\xampp\htdocs\OPDClinic\system\CodeIgniter.php(355): CodeIgniter\CodeIgniter->handleRequest(NULL, Object(Config\Cache), false)
#9 C:\xampp\htdocs\OPDClinic\system\Boot.php(312): CodeIgniter\CodeIgniter->run()
#10 C:\xampp\htdocs\OPDClinic\system\Boot.php(67): CodeIgniter\Boot::runCodeIgniter(Object(CodeIgniter\CodeIgniter))
#11 C:\xampp\htdocs\OPDClinic\index.php(56): CodeIgniter\Boot::bootWeb(Object(Config\Paths))
#12 {main}
CRITICAL - 2024-11-13 06:21:29 --> CodeIgniter\Database\Exceptions\DatabaseException: Unable to connect to the database.
Main connection [Postgre]: pg_connect(): Unable to connect to PostgreSQL server: FATAL:  remaining connection slots are reserved for roles with the SUPERUSER attribute
[Method: GET, Route: get_todays_appointment_data/tbl_appointment]
in SYSTEMPATH\Database\BaseConnection.php on line 457.
 1 SYSTEMPATH\Database\BaseConnection.php(604): CodeIgniter\Database\BaseConnection->initialize()
 2 SYSTEMPATH\Database\BaseBuilder.php(1629): CodeIgniter\Database\BaseConnection->query('SELECT "tbl_appointment".*, "tbl_consultants"."name" AS "cname", "tbl_branch"."branch_name" AS "branch_name", "tbl_slots"."slots_time" AS "slots_time", "tbl_slots"."day_name" AS "day_name", "tbl_section"."section_name" AS "section_name"
FROM "tbl_appointment"
LEFT JOIN "tbl_consultants" ON "tbl_consultants"."id" = "tbl_appointment"."consultant"
LEFT JOIN "tbl_branch" ON "tbl_branch"."id" = "tbl_appointment"."branch"
LEFT JOIN "tbl_slots" ON "tbl_slots"."id" = CAST(tbl_appointment.slot AS INTEGER)
LEFT JOIN "tbl_section" ON "tbl_section"."id" = "tbl_appointment"."section"
WHERE "tbl_appointment"."is_deleted" = :tbl_appointment.is_deleted:
AND CAST(tbl_appointment.dates AS DATE) = :CAST(tbl_appointment.dates AS DATE):', [...], false)
 3 APPPATH\Controllers\Home.php(739): CodeIgniter\Database\BaseBuilder->get()
 4 SYSTEMPATH\CodeIgniter.php(933): App\Controllers\Home->get_todays_appointment_data('tbl_appointment')
 5 SYSTEMPATH\CodeIgniter.php(509): CodeIgniter\CodeIgniter->runController(Object(App\Controllers\Home))
 6 SYSTEMPATH\CodeIgniter.php(355): CodeIgniter\CodeIgniter->handleRequest(null, Object(Config\Cache), false)
 7 SYSTEMPATH\Boot.php(312): CodeIgniter\CodeIgniter->run()
 8 SYSTEMPATH\Boot.php(67): CodeIgniter\Boot::runCodeIgniter(Object(CodeIgniter\CodeIgniter))
 9 FCPATH\index.php(56): CodeIgniter\Boot::bootWeb(Object(Config\Paths))
ERROR - 2024-11-13 06:21:36 --> Error connecting to the database: ErrorException: pg_connect(): Unable to connect to PostgreSQL server: FATAL:  remaining connection slots are reserved for roles with the SUPERUSER attribute in C:\xampp\htdocs\OPDClinic\system\Database\Postgre\Connection.php:78
Stack trace:
#0 [internal function]: CodeIgniter\Debug\Exceptions->errorHandler(2, 'pg_connect(): U...', 'C:\\xampp\\htdocs...', 78)
#1 C:\xampp\htdocs\OPDClinic\system\Database\Postgre\Connection.php(78): pg_connect('host=db-postgre...')
#2 C:\xampp\htdocs\OPDClinic\system\Database\BaseConnection.php(421): CodeIgniter\Database\Postgre\Connection->connect(false)
#3 C:\xampp\htdocs\OPDClinic\system\Database\BaseConnection.php(604): CodeIgniter\Database\BaseConnection->initialize()
#4 C:\xampp\htdocs\OPDClinic\system\Database\BaseBuilder.php(1629): CodeIgniter\Database\BaseConnection->query('SELECT "tbl_app...', Array, false)
#5 C:\xampp\htdocs\OPDClinic\app\Controllers\Home.php(922): CodeIgniter\Database\BaseBuilder->get()
#6 C:\xampp\htdocs\OPDClinic\system\CodeIgniter.php(933): App\Controllers\Home->getConductedAppointments()
#7 C:\xampp\htdocs\OPDClinic\system\CodeIgniter.php(509): CodeIgniter\CodeIgniter->runController(Object(App\Controllers\Home))
#8 C:\xampp\htdocs\OPDClinic\system\CodeIgniter.php(355): CodeIgniter\CodeIgniter->handleRequest(NULL, Object(Config\Cache), false)
#9 C:\xampp\htdocs\OPDClinic\system\Boot.php(312): CodeIgniter\CodeIgniter->run()
#10 C:\xampp\htdocs\OPDClinic\system\Boot.php(67): CodeIgniter\Boot::runCodeIgniter(Object(CodeIgniter\CodeIgniter))
#11 C:\xampp\htdocs\OPDClinic\index.php(56): CodeIgniter\Boot::bootWeb(Object(Config\Paths))
#12 {main}
CRITICAL - 2024-11-13 06:21:36 --> CodeIgniter\Database\Exceptions\DatabaseException: Unable to connect to the database.
Main connection [Postgre]: pg_connect(): Unable to connect to PostgreSQL server: FATAL:  remaining connection slots are reserved for roles with the SUPERUSER attribute
[Method: GET, Route: get_conducted_appointments]
in SYSTEMPATH\Database\BaseConnection.php on line 457.
 1 SYSTEMPATH\Database\BaseConnection.php(604): CodeIgniter\Database\BaseConnection->initialize()
 2 SYSTEMPATH\Database\BaseBuilder.php(1629): CodeIgniter\Database\BaseConnection->query('SELECT "tbl_appointment".*, "tbl_slots"."slots_time" AS "slot_time", "tbl_branch"."branch_name" AS "branch_name", "tbl_register"."name" AS "consultant_name", "tbl_section"."section_name" AS "section_name"
FROM "tbl_appointment"
LEFT JOIN "tbl_slots" ON CAST(tbl_appointment.slot AS INTEGER) = tbl_slots.id
LEFT JOIN "tbl_branch" ON "tbl_appointment"."branch" = "tbl_branch"."id"
LEFT JOIN "tbl_register" ON "tbl_appointment"."consultant" = "tbl_register"."id"
LEFT JOIN "tbl_section" ON "tbl_appointment"."section" = "tbl_section"."id"
WHERE "tbl_appointment"."appointment_status" = :tbl_appointment.appointment_status:', [...], false)
 3 APPPATH\Controllers\Home.php(922): CodeIgniter\Database\BaseBuilder->get()
 4 SYSTEMPATH\CodeIgniter.php(933): App\Controllers\Home->getConductedAppointments()
 5 SYSTEMPATH\CodeIgniter.php(509): CodeIgniter\CodeIgniter->runController(Object(App\Controllers\Home))
 6 SYSTEMPATH\CodeIgniter.php(355): CodeIgniter\CodeIgniter->handleRequest(null, Object(Config\Cache), false)
 7 SYSTEMPATH\Boot.php(312): CodeIgniter\CodeIgniter->run()
 8 SYSTEMPATH\Boot.php(67): CodeIgniter\Boot::runCodeIgniter(Object(CodeIgniter\CodeIgniter))
 9 FCPATH\index.php(56): CodeIgniter\Boot::bootWeb(Object(Config\Paths))
ERROR - 2024-11-13 06:21:37 --> Error connecting to the database: ErrorException: pg_connect(): Unable to connect to PostgreSQL server: FATAL:  remaining connection slots are reserved for roles with the SUPERUSER attribute in C:\xampp\htdocs\OPDClinic\system\Database\Postgre\Connection.php:78
Stack trace:
#0 [internal function]: CodeIgniter\Debug\Exceptions->errorHandler(2, 'pg_connect(): U...', 'C:\\xampp\\htdocs...', 78)
#1 C:\xampp\htdocs\OPDClinic\system\Database\Postgre\Connection.php(78): pg_connect('host=db-postgre...')
#2 C:\xampp\htdocs\OPDClinic\system\Database\BaseConnection.php(421): CodeIgniter\Database\Postgre\Connection->connect(false)
#3 C:\xampp\htdocs\OPDClinic\system\Database\BaseConnection.php(604): CodeIgniter\Database\BaseConnection->initialize()
#4 C:\xampp\htdocs\OPDClinic\system\Database\BaseBuilder.php(1629): CodeIgniter\Database\BaseConnection->query('SELECT "tbl_app...', Array, false)
#5 C:\xampp\htdocs\OPDClinic\app\Controllers\Home.php(922): CodeIgniter\Database\BaseBuilder->get()
#6 C:\xampp\htdocs\OPDClinic\system\CodeIgniter.php(933): App\Controllers\Home->getConductedAppointments()
#7 C:\xampp\htdocs\OPDClinic\system\CodeIgniter.php(509): CodeIgniter\CodeIgniter->runController(Object(App\Controllers\Home))
#8 C:\xampp\htdocs\OPDClinic\system\CodeIgniter.php(355): CodeIgniter\CodeIgniter->handleRequest(NULL, Object(Config\Cache), false)
#9 C:\xampp\htdocs\OPDClinic\system\Boot.php(312): CodeIgniter\CodeIgniter->run()
#10 C:\xampp\htdocs\OPDClinic\system\Boot.php(67): CodeIgniter\Boot::runCodeIgniter(Object(CodeIgniter\CodeIgniter))
#11 C:\xampp\htdocs\OPDClinic\index.php(56): CodeIgniter\Boot::bootWeb(Object(Config\Paths))
#12 {main}
CRITICAL - 2024-11-13 06:21:37 --> CodeIgniter\Database\Exceptions\DatabaseException: Unable to connect to the database.
Main connection [Postgre]: pg_connect(): Unable to connect to PostgreSQL server: FATAL:  remaining connection slots are reserved for roles with the SUPERUSER attribute
[Method: GET, Route: get_conducted_appointments]
in SYSTEMPATH\Database\BaseConnection.php on line 457.
 1 SYSTEMPATH\Database\BaseConnection.php(604): CodeIgniter\Database\BaseConnection->initialize()
 2 SYSTEMPATH\Database\BaseBuilder.php(1629): CodeIgniter\Database\BaseConnection->query('SELECT "tbl_appointment".*, "tbl_slots"."slots_time" AS "slot_time", "tbl_branch"."branch_name" AS "branch_name", "tbl_register"."name" AS "consultant_name", "tbl_section"."section_name" AS "section_name"
FROM "tbl_appointment"
LEFT JOIN "tbl_slots" ON CAST(tbl_appointment.slot AS INTEGER) = tbl_slots.id
LEFT JOIN "tbl_branch" ON "tbl_appointment"."branch" = "tbl_branch"."id"
LEFT JOIN "tbl_register" ON "tbl_appointment"."consultant" = "tbl_register"."id"
LEFT JOIN "tbl_section" ON "tbl_appointment"."section" = "tbl_section"."id"
WHERE "tbl_appointment"."appointment_status" = :tbl_appointment.appointment_status:', [...], false)
 3 APPPATH\Controllers\Home.php(922): CodeIgniter\Database\BaseBuilder->get()
 4 SYSTEMPATH\CodeIgniter.php(933): App\Controllers\Home->getConductedAppointments()
 5 SYSTEMPATH\CodeIgniter.php(509): CodeIgniter\CodeIgniter->runController(Object(App\Controllers\Home))
 6 SYSTEMPATH\CodeIgniter.php(355): CodeIgniter\CodeIgniter->handleRequest(null, Object(Config\Cache), false)
 7 SYSTEMPATH\Boot.php(312): CodeIgniter\CodeIgniter->run()
 8 SYSTEMPATH\Boot.php(67): CodeIgniter\Boot::runCodeIgniter(Object(CodeIgniter\CodeIgniter))
 9 FCPATH\index.php(56): CodeIgniter\Boot::bootWeb(Object(Config\Paths))
ERROR - 2024-11-13 06:21:37 --> Error connecting to the database: ErrorException: pg_connect(): Unable to connect to PostgreSQL server: FATAL:  remaining connection slots are reserved for roles with the SUPERUSER attribute in C:\xampp\htdocs\OPDClinic\system\Database\Postgre\Connection.php:78
Stack trace:
#0 [internal function]: CodeIgniter\Debug\Exceptions->errorHandler(2, 'pg_connect(): U...', 'C:\\xampp\\htdocs...', 78)
#1 C:\xampp\htdocs\OPDClinic\system\Database\Postgre\Connection.php(78): pg_connect('host=db-postgre...')
#2 C:\xampp\htdocs\OPDClinic\system\Database\BaseConnection.php(421): CodeIgniter\Database\Postgre\Connection->connect(false)
#3 C:\xampp\htdocs\OPDClinic\system\Database\BaseConnection.php(604): CodeIgniter\Database\BaseConnection->initialize()
#4 C:\xampp\htdocs\OPDClinic\system\Database\BaseBuilder.php(1629): CodeIgniter\Database\BaseConnection->query('SELECT "tbl_app...', Array, false)
#5 C:\xampp\htdocs\OPDClinic\app\Controllers\Home.php(739): CodeIgniter\Database\BaseBuilder->get()
#6 C:\xampp\htdocs\OPDClinic\system\CodeIgniter.php(933): App\Controllers\Home->get_todays_appointment_data('tbl_appointment')
#7 C:\xampp\htdocs\OPDClinic\system\CodeIgniter.php(509): CodeIgniter\CodeIgniter->runController(Object(App\Controllers\Home))
#8 C:\xampp\htdocs\OPDClinic\system\CodeIgniter.php(355): CodeIgniter\CodeIgniter->handleRequest(NULL, Object(Config\Cache), false)
#9 C:\xampp\htdocs\OPDClinic\system\Boot.php(312): CodeIgniter\CodeIgniter->run()
#10 C:\xampp\htdocs\OPDClinic\system\Boot.php(67): CodeIgniter\Boot::runCodeIgniter(Object(CodeIgniter\CodeIgniter))
#11 C:\xampp\htdocs\OPDClinic\index.php(56): CodeIgniter\Boot::bootWeb(Object(Config\Paths))
#12 {main}
CRITICAL - 2024-11-13 06:21:37 --> CodeIgniter\Database\Exceptions\DatabaseException: Unable to connect to the database.
Main connection [Postgre]: pg_connect(): Unable to connect to PostgreSQL server: FATAL:  remaining connection slots are reserved for roles with the SUPERUSER attribute
[Method: GET, Route: get_todays_appointment_data/tbl_appointment]
in SYSTEMPATH\Database\BaseConnection.php on line 457.
 1 SYSTEMPATH\Database\BaseConnection.php(604): CodeIgniter\Database\BaseConnection->initialize()
 2 SYSTEMPATH\Database\BaseBuilder.php(1629): CodeIgniter\Database\BaseConnection->query('SELECT "tbl_appointment".*, "tbl_consultants"."name" AS "cname", "tbl_branch"."branch_name" AS "branch_name", "tbl_slots"."slots_time" AS "slots_time", "tbl_slots"."day_name" AS "day_name", "tbl_section"."section_name" AS "section_name"
FROM "tbl_appointment"
LEFT JOIN "tbl_consultants" ON "tbl_consultants"."id" = "tbl_appointment"."consultant"
LEFT JOIN "tbl_branch" ON "tbl_branch"."id" = "tbl_appointment"."branch"
LEFT JOIN "tbl_slots" ON "tbl_slots"."id" = CAST(tbl_appointment.slot AS INTEGER)
LEFT JOIN "tbl_section" ON "tbl_section"."id" = "tbl_appointment"."section"
WHERE "tbl_appointment"."is_deleted" = :tbl_appointment.is_deleted:
AND CAST(tbl_appointment.dates AS DATE) = :CAST(tbl_appointment.dates AS DATE):', [...], false)
 3 APPPATH\Controllers\Home.php(739): CodeIgniter\Database\BaseBuilder->get()
 4 SYSTEMPATH\CodeIgniter.php(933): App\Controllers\Home->get_todays_appointment_data('tbl_appointment')
 5 SYSTEMPATH\CodeIgniter.php(509): CodeIgniter\CodeIgniter->runController(Object(App\Controllers\Home))
 6 SYSTEMPATH\CodeIgniter.php(355): CodeIgniter\CodeIgniter->handleRequest(null, Object(Config\Cache), false)
 7 SYSTEMPATH\Boot.php(312): CodeIgniter\CodeIgniter->run()
 8 SYSTEMPATH\Boot.php(67): CodeIgniter\Boot::runCodeIgniter(Object(CodeIgniter\CodeIgniter))
 9 FCPATH\index.php(56): CodeIgniter\Boot::bootWeb(Object(Config\Paths))
ERROR - 2024-11-13 06:21:56 --> Error connecting to the database: ErrorException: pg_connect(): Unable to connect to PostgreSQL server: FATAL:  remaining connection slots are reserved for roles with the SUPERUSER attribute in C:\xampp\htdocs\OPDClinic\system\Database\Postgre\Connection.php:78
Stack trace:
#0 [internal function]: CodeIgniter\Debug\Exceptions->errorHandler(2, 'pg_connect(): U...', 'C:\\xampp\\htdocs...', 78)
#1 C:\xampp\htdocs\OPDClinic\system\Database\Postgre\Connection.php(78): pg_connect('host=db-postgre...')
#2 C:\xampp\htdocs\OPDClinic\system\Database\BaseConnection.php(421): CodeIgniter\Database\Postgre\Connection->connect(false)
#3 C:\xampp\htdocs\OPDClinic\system\Database\BaseConnection.php(604): CodeIgniter\Database\BaseConnection->initialize()
#4 C:\xampp\htdocs\OPDClinic\system\Database\BaseBuilder.php(1629): CodeIgniter\Database\BaseConnection->query('SELECT "tbl_app...', Array, false)
#5 C:\xampp\htdocs\OPDClinic\app\Controllers\Home.php(739): CodeIgniter\Database\BaseBuilder->get()
#6 C:\xampp\htdocs\OPDClinic\system\CodeIgniter.php(933): App\Controllers\Home->get_todays_appointment_data('tbl_appointment')
#7 C:\xampp\htdocs\OPDClinic\system\CodeIgniter.php(509): CodeIgniter\CodeIgniter->runController(Object(App\Controllers\Home))
#8 C:\xampp\htdocs\OPDClinic\system\CodeIgniter.php(355): CodeIgniter\CodeIgniter->handleRequest(NULL, Object(Config\Cache), false)
#9 C:\xampp\htdocs\OPDClinic\system\Boot.php(312): CodeIgniter\CodeIgniter->run()
#10 C:\xampp\htdocs\OPDClinic\system\Boot.php(67): CodeIgniter\Boot::runCodeIgniter(Object(CodeIgniter\CodeIgniter))
#11 C:\xampp\htdocs\OPDClinic\index.php(56): CodeIgniter\Boot::bootWeb(Object(Config\Paths))
#12 {main}
CRITICAL - 2024-11-13 06:21:56 --> CodeIgniter\Database\Exceptions\DatabaseException: Unable to connect to the database.
Main connection [Postgre]: pg_connect(): Unable to connect to PostgreSQL server: FATAL:  remaining connection slots are reserved for roles with the SUPERUSER attribute
[Method: GET, Route: get_todays_appointment_data/tbl_appointment]
in SYSTEMPATH\Database\BaseConnection.php on line 457.
 1 SYSTEMPATH\Database\BaseConnection.php(604): CodeIgniter\Database\BaseConnection->initialize()
 2 SYSTEMPATH\Database\BaseBuilder.php(1629): CodeIgniter\Database\BaseConnection->query('SELECT "tbl_appointment".*, "tbl_consultants"."name" AS "cname", "tbl_branch"."branch_name" AS "branch_name", "tbl_slots"."slots_time" AS "slots_time", "tbl_slots"."day_name" AS "day_name", "tbl_section"."section_name" AS "section_name"
FROM "tbl_appointment"
LEFT JOIN "tbl_consultants" ON "tbl_consultants"."id" = "tbl_appointment"."consultant"
LEFT JOIN "tbl_branch" ON "tbl_branch"."id" = "tbl_appointment"."branch"
LEFT JOIN "tbl_slots" ON "tbl_slots"."id" = CAST(tbl_appointment.slot AS INTEGER)
LEFT JOIN "tbl_section" ON "tbl_section"."id" = "tbl_appointment"."section"
WHERE "tbl_appointment"."is_deleted" = :tbl_appointment.is_deleted:
AND CAST(tbl_appointment.dates AS DATE) = :CAST(tbl_appointment.dates AS DATE):', [...], false)
 3 APPPATH\Controllers\Home.php(739): CodeIgniter\Database\BaseBuilder->get()
 4 SYSTEMPATH\CodeIgniter.php(933): App\Controllers\Home->get_todays_appointment_data('tbl_appointment')
 5 SYSTEMPATH\CodeIgniter.php(509): CodeIgniter\CodeIgniter->runController(Object(App\Controllers\Home))
 6 SYSTEMPATH\CodeIgniter.php(355): CodeIgniter\CodeIgniter->handleRequest(null, Object(Config\Cache), false)
 7 SYSTEMPATH\Boot.php(312): CodeIgniter\CodeIgniter->run()
 8 SYSTEMPATH\Boot.php(67): CodeIgniter\Boot::runCodeIgniter(Object(CodeIgniter\CodeIgniter))
 9 FCPATH\index.php(56): CodeIgniter\Boot::bootWeb(Object(Config\Paths))
ERROR - 2024-11-13 06:21:56 --> Error connecting to the database: ErrorException: pg_connect(): Unable to connect to PostgreSQL server: FATAL:  remaining connection slots are reserved for roles with the SUPERUSER attribute in C:\xampp\htdocs\OPDClinic\system\Database\Postgre\Connection.php:78
Stack trace:
#0 [internal function]: CodeIgniter\Debug\Exceptions->errorHandler(2, 'pg_connect(): U...', 'C:\\xampp\\htdocs...', 78)
#1 C:\xampp\htdocs\OPDClinic\system\Database\Postgre\Connection.php(78): pg_connect('host=db-postgre...')
#2 C:\xampp\htdocs\OPDClinic\system\Database\BaseConnection.php(421): CodeIgniter\Database\Postgre\Connection->connect(false)
#3 C:\xampp\htdocs\OPDClinic\system\Database\BaseConnection.php(604): CodeIgniter\Database\BaseConnection->initialize()
#4 C:\xampp\htdocs\OPDClinic\system\Database\BaseBuilder.php(1629): CodeIgniter\Database\BaseConnection->query('SELECT "tbl_app...', Array, false)
#5 C:\xampp\htdocs\OPDClinic\app\Controllers\Home.php(739): CodeIgniter\Database\BaseBuilder->get()
#6 C:\xampp\htdocs\OPDClinic\system\CodeIgniter.php(933): App\Controllers\Home->get_todays_appointment_data('tbl_appointment')
#7 C:\xampp\htdocs\OPDClinic\system\CodeIgniter.php(509): CodeIgniter\CodeIgniter->runController(Object(App\Controllers\Home))
#8 C:\xampp\htdocs\OPDClinic\system\CodeIgniter.php(355): CodeIgniter\CodeIgniter->handleRequest(NULL, Object(Config\Cache), false)
#9 C:\xampp\htdocs\OPDClinic\system\Boot.php(312): CodeIgniter\CodeIgniter->run()
#10 C:\xampp\htdocs\OPDClinic\system\Boot.php(67): CodeIgniter\Boot::runCodeIgniter(Object(CodeIgniter\CodeIgniter))
#11 C:\xampp\htdocs\OPDClinic\index.php(56): CodeIgniter\Boot::bootWeb(Object(Config\Paths))
#12 {main}
CRITICAL - 2024-11-13 06:21:56 --> CodeIgniter\Database\Exceptions\DatabaseException: Unable to connect to the database.
Main connection [Postgre]: pg_connect(): Unable to connect to PostgreSQL server: FATAL:  remaining connection slots are reserved for roles with the SUPERUSER attribute
[Method: GET, Route: get_todays_appointment_data/tbl_appointment]
in SYSTEMPATH\Database\BaseConnection.php on line 457.
 1 SYSTEMPATH\Database\BaseConnection.php(604): CodeIgniter\Database\BaseConnection->initialize()
 2 SYSTEMPATH\Database\BaseBuilder.php(1629): CodeIgniter\Database\BaseConnection->query('SELECT "tbl_appointment".*, "tbl_consultants"."name" AS "cname", "tbl_branch"."branch_name" AS "branch_name", "tbl_slots"."slots_time" AS "slots_time", "tbl_slots"."day_name" AS "day_name", "tbl_section"."section_name" AS "section_name"
FROM "tbl_appointment"
LEFT JOIN "tbl_consultants" ON "tbl_consultants"."id" = "tbl_appointment"."consultant"
LEFT JOIN "tbl_branch" ON "tbl_branch"."id" = "tbl_appointment"."branch"
LEFT JOIN "tbl_slots" ON "tbl_slots"."id" = CAST(tbl_appointment.slot AS INTEGER)
LEFT JOIN "tbl_section" ON "tbl_section"."id" = "tbl_appointment"."section"
WHERE "tbl_appointment"."is_deleted" = :tbl_appointment.is_deleted:
AND CAST(tbl_appointment.dates AS DATE) = :CAST(tbl_appointment.dates AS DATE):', [...], false)
 3 APPPATH\Controllers\Home.php(739): CodeIgniter\Database\BaseBuilder->get()
 4 SYSTEMPATH\CodeIgniter.php(933): App\Controllers\Home->get_todays_appointment_data('tbl_appointment')
 5 SYSTEMPATH\CodeIgniter.php(509): CodeIgniter\CodeIgniter->runController(Object(App\Controllers\Home))
 6 SYSTEMPATH\CodeIgniter.php(355): CodeIgniter\CodeIgniter->handleRequest(null, Object(Config\Cache), false)
 7 SYSTEMPATH\Boot.php(312): CodeIgniter\CodeIgniter->run()
 8 SYSTEMPATH\Boot.php(67): CodeIgniter\Boot::runCodeIgniter(Object(CodeIgniter\CodeIgniter))
 9 FCPATH\index.php(56): CodeIgniter\Boot::bootWeb(Object(Config\Paths))
ERROR - 2024-11-13 06:21:56 --> Error connecting to the database: ErrorException: pg_connect(): Unable to connect to PostgreSQL server: FATAL:  remaining connection slots are reserved for roles with the SUPERUSER attribute in C:\xampp\htdocs\OPDClinic\system\Database\Postgre\Connection.php:78
Stack trace:
#0 [internal function]: CodeIgniter\Debug\Exceptions->errorHandler(2, 'pg_connect(): U...', 'C:\\xampp\\htdocs...', 78)
#1 C:\xampp\htdocs\OPDClinic\system\Database\Postgre\Connection.php(78): pg_connect('host=db-postgre...')
#2 C:\xampp\htdocs\OPDClinic\system\Database\BaseConnection.php(421): CodeIgniter\Database\Postgre\Connection->connect(false)
#3 C:\xampp\htdocs\OPDClinic\system\Database\BaseConnection.php(604): CodeIgniter\Database\BaseConnection->initialize()
#4 C:\xampp\htdocs\OPDClinic\system\Database\BaseBuilder.php(1629): CodeIgniter\Database\BaseConnection->query('SELECT "tbl_app...', Array, false)
#5 C:\xampp\htdocs\OPDClinic\app\Controllers\Home.php(922): CodeIgniter\Database\BaseBuilder->get()
#6 C:\xampp\htdocs\OPDClinic\system\CodeIgniter.php(933): App\Controllers\Home->getConductedAppointments()
#7 C:\xampp\htdocs\OPDClinic\system\CodeIgniter.php(509): CodeIgniter\CodeIgniter->runController(Object(App\Controllers\Home))
#8 C:\xampp\htdocs\OPDClinic\system\CodeIgniter.php(355): CodeIgniter\CodeIgniter->handleRequest(NULL, Object(Config\Cache), false)
#9 C:\xampp\htdocs\OPDClinic\system\Boot.php(312): CodeIgniter\CodeIgniter->run()
#10 C:\xampp\htdocs\OPDClinic\system\Boot.php(67): CodeIgniter\Boot::runCodeIgniter(Object(CodeIgniter\CodeIgniter))
#11 C:\xampp\htdocs\OPDClinic\index.php(56): CodeIgniter\Boot::bootWeb(Object(Config\Paths))
#12 {main}
CRITICAL - 2024-11-13 06:21:56 --> CodeIgniter\Database\Exceptions\DatabaseException: Unable to connect to the database.
Main connection [Postgre]: pg_connect(): Unable to connect to PostgreSQL server: FATAL:  remaining connection slots are reserved for roles with the SUPERUSER attribute
[Method: GET, Route: get_conducted_appointments]
in SYSTEMPATH\Database\BaseConnection.php on line 457.
 1 SYSTEMPATH\Database\BaseConnection.php(604): CodeIgniter\Database\BaseConnection->initialize()
 2 SYSTEMPATH\Database\BaseBuilder.php(1629): CodeIgniter\Database\BaseConnection->query('SELECT "tbl_appointment".*, "tbl_slots"."slots_time" AS "slot_time", "tbl_branch"."branch_name" AS "branch_name", "tbl_register"."name" AS "consultant_name", "tbl_section"."section_name" AS "section_name"
FROM "tbl_appointment"
LEFT JOIN "tbl_slots" ON CAST(tbl_appointment.slot AS INTEGER) = tbl_slots.id
LEFT JOIN "tbl_branch" ON "tbl_appointment"."branch" = "tbl_branch"."id"
LEFT JOIN "tbl_register" ON "tbl_appointment"."consultant" = "tbl_register"."id"
LEFT JOIN "tbl_section" ON "tbl_appointment"."section" = "tbl_section"."id"
WHERE "tbl_appointment"."appointment_status" = :tbl_appointment.appointment_status:', [...], false)
 3 APPPATH\Controllers\Home.php(922): CodeIgniter\Database\BaseBuilder->get()
 4 SYSTEMPATH\CodeIgniter.php(933): App\Controllers\Home->getConductedAppointments()
 5 SYSTEMPATH\CodeIgniter.php(509): CodeIgniter\CodeIgniter->runController(Object(App\Controllers\Home))
 6 SYSTEMPATH\CodeIgniter.php(355): CodeIgniter\CodeIgniter->handleRequest(null, Object(Config\Cache), false)
 7 SYSTEMPATH\Boot.php(312): CodeIgniter\CodeIgniter->run()
 8 SYSTEMPATH\Boot.php(67): CodeIgniter\Boot::runCodeIgniter(Object(CodeIgniter\CodeIgniter))
 9 FCPATH\index.php(56): CodeIgniter\Boot::bootWeb(Object(Config\Paths))
ERROR - 2024-11-13 06:21:56 --> Error connecting to the database: ErrorException: pg_connect(): Unable to connect to PostgreSQL server: FATAL:  remaining connection slots are reserved for roles with the SUPERUSER attribute in C:\xampp\htdocs\OPDClinic\system\Database\Postgre\Connection.php:78
Stack trace:
#0 [internal function]: CodeIgniter\Debug\Exceptions->errorHandler(2, 'pg_connect(): U...', 'C:\\xampp\\htdocs...', 78)
#1 C:\xampp\htdocs\OPDClinic\system\Database\Postgre\Connection.php(78): pg_connect('host=db-postgre...')
#2 C:\xampp\htdocs\OPDClinic\system\Database\BaseConnection.php(421): CodeIgniter\Database\Postgre\Connection->connect(false)
#3 C:\xampp\htdocs\OPDClinic\system\Database\BaseConnection.php(604): CodeIgniter\Database\BaseConnection->initialize()
#4 C:\xampp\htdocs\OPDClinic\system\Database\BaseBuilder.php(1629): CodeIgniter\Database\BaseConnection->query('SELECT "tbl_app...', Array, false)
#5 C:\xampp\htdocs\OPDClinic\app\Controllers\Home.php(999): CodeIgniter\Database\BaseBuilder->get()
#6 C:\xampp\htdocs\OPDClinic\system\CodeIgniter.php(933): App\Controllers\Home->getCancelledAppointments()
#7 C:\xampp\htdocs\OPDClinic\system\CodeIgniter.php(509): CodeIgniter\CodeIgniter->runController(Object(App\Controllers\Home))
#8 C:\xampp\htdocs\OPDClinic\system\CodeIgniter.php(355): CodeIgniter\CodeIgniter->handleRequest(NULL, Object(Config\Cache), false)
#9 C:\xampp\htdocs\OPDClinic\system\Boot.php(312): CodeIgniter\CodeIgniter->run()
#10 C:\xampp\htdocs\OPDClinic\system\Boot.php(67): CodeIgniter\Boot::runCodeIgniter(Object(CodeIgniter\CodeIgniter))
#11 C:\xampp\htdocs\OPDClinic\index.php(56): CodeIgniter\Boot::bootWeb(Object(Config\Paths))
#12 {main}
CRITICAL - 2024-11-13 06:21:56 --> CodeIgniter\Database\Exceptions\DatabaseException: Unable to connect to the database.
Main connection [Postgre]: pg_connect(): Unable to connect to PostgreSQL server: FATAL:  remaining connection slots are reserved for roles with the SUPERUSER attribute
[Method: GET, Route: get_cancelled_appointments]
in SYSTEMPATH\Database\BaseConnection.php on line 457.
 1 SYSTEMPATH\Database\BaseConnection.php(604): CodeIgniter\Database\BaseConnection->initialize()
 2 SYSTEMPATH\Database\BaseBuilder.php(1629): CodeIgniter\Database\BaseConnection->query('SELECT "tbl_appointment".*, "tbl_slots"."slots_time" AS "slot_time", "tbl_branch"."branch_name" AS "branch_name", "tbl_register"."name" AS "consultant_name", "tbl_section"."section_name" AS "section_name"
FROM "tbl_appointment"
LEFT JOIN "tbl_slots" ON CAST(tbl_appointment.slot AS INTEGER) = tbl_slots.id
LEFT JOIN "tbl_branch" ON "tbl_appointment"."branch" = "tbl_branch"."id"
LEFT JOIN "tbl_register" ON "tbl_appointment"."consultant" = "tbl_register"."id"
LEFT JOIN "tbl_section" ON "tbl_appointment"."section" = "tbl_section"."id"
WHERE "tbl_appointment"."appointment_status" = :tbl_appointment.appointment_status:', [...], false)
 3 APPPATH\Controllers\Home.php(999): CodeIgniter\Database\BaseBuilder->get()
 4 SYSTEMPATH\CodeIgniter.php(933): App\Controllers\Home->getCancelledAppointments()
 5 SYSTEMPATH\CodeIgniter.php(509): CodeIgniter\CodeIgniter->runController(Object(App\Controllers\Home))
 6 SYSTEMPATH\CodeIgniter.php(355): CodeIgniter\CodeIgniter->handleRequest(null, Object(Config\Cache), false)
 7 SYSTEMPATH\Boot.php(312): CodeIgniter\CodeIgniter->run()
 8 SYSTEMPATH\Boot.php(67): CodeIgniter\Boot::runCodeIgniter(Object(CodeIgniter\CodeIgniter))
 9 FCPATH\index.php(56): CodeIgniter\Boot::bootWeb(Object(Config\Paths))
ERROR - 2024-11-13 06:22:19 --> Error connecting to the database: ErrorException: pg_connect(): Unable to connect to PostgreSQL server: FATAL:  remaining connection slots are reserved for roles with the SUPERUSER attribute in C:\xampp\htdocs\OPDClinic\system\Database\Postgre\Connection.php:78
Stack trace:
#0 [internal function]: CodeIgniter\Debug\Exceptions->errorHandler(2, 'pg_connect(): U...', 'C:\\xampp\\htdocs...', 78)
#1 C:\xampp\htdocs\OPDClinic\system\Database\Postgre\Connection.php(78): pg_connect('host=db-postgre...')
#2 C:\xampp\htdocs\OPDClinic\system\Database\BaseConnection.php(421): CodeIgniter\Database\Postgre\Connection->connect(false)
#3 C:\xampp\htdocs\OPDClinic\system\Database\BaseConnection.php(604): CodeIgniter\Database\BaseConnection->initialize()
#4 C:\xampp\htdocs\OPDClinic\system\Database\BaseBuilder.php(1629): CodeIgniter\Database\BaseConnection->query('SELECT "tbl_app...', Array, false)
#5 C:\xampp\htdocs\OPDClinic\app\Controllers\Home.php(922): CodeIgniter\Database\BaseBuilder->get()
#6 C:\xampp\htdocs\OPDClinic\system\CodeIgniter.php(933): App\Controllers\Home->getConductedAppointments()
#7 C:\xampp\htdocs\OPDClinic\system\CodeIgniter.php(509): CodeIgniter\CodeIgniter->runController(Object(App\Controllers\Home))
#8 C:\xampp\htdocs\OPDClinic\system\CodeIgniter.php(355): CodeIgniter\CodeIgniter->handleRequest(NULL, Object(Config\Cache), false)
#9 C:\xampp\htdocs\OPDClinic\system\Boot.php(312): CodeIgniter\CodeIgniter->run()
#10 C:\xampp\htdocs\OPDClinic\system\Boot.php(67): CodeIgniter\Boot::runCodeIgniter(Object(CodeIgniter\CodeIgniter))
#11 C:\xampp\htdocs\OPDClinic\index.php(56): CodeIgniter\Boot::bootWeb(Object(Config\Paths))
#12 {main}
CRITICAL - 2024-11-13 06:22:19 --> CodeIgniter\Database\Exceptions\DatabaseException: Unable to connect to the database.
Main connection [Postgre]: pg_connect(): Unable to connect to PostgreSQL server: FATAL:  remaining connection slots are reserved for roles with the SUPERUSER attribute
[Method: GET, Route: get_conducted_appointments]
in SYSTEMPATH\Database\BaseConnection.php on line 457.
 1 SYSTEMPATH\Database\BaseConnection.php(604): CodeIgniter\Database\BaseConnection->initialize()
 2 SYSTEMPATH\Database\BaseBuilder.php(1629): CodeIgniter\Database\BaseConnection->query('SELECT "tbl_appointment".*, "tbl_slots"."slots_time" AS "slot_time", "tbl_branch"."branch_name" AS "branch_name", "tbl_register"."name" AS "consultant_name", "tbl_section"."section_name" AS "section_name"
FROM "tbl_appointment"
LEFT JOIN "tbl_slots" ON CAST(tbl_appointment.slot AS INTEGER) = tbl_slots.id
LEFT JOIN "tbl_branch" ON "tbl_appointment"."branch" = "tbl_branch"."id"
LEFT JOIN "tbl_register" ON "tbl_appointment"."consultant" = "tbl_register"."id"
LEFT JOIN "tbl_section" ON "tbl_appointment"."section" = "tbl_section"."id"
WHERE "tbl_appointment"."appointment_status" = :tbl_appointment.appointment_status:', [...], false)
 3 APPPATH\Controllers\Home.php(922): CodeIgniter\Database\BaseBuilder->get()
 4 SYSTEMPATH\CodeIgniter.php(933): App\Controllers\Home->getConductedAppointments()
 5 SYSTEMPATH\CodeIgniter.php(509): CodeIgniter\CodeIgniter->runController(Object(App\Controllers\Home))
 6 SYSTEMPATH\CodeIgniter.php(355): CodeIgniter\CodeIgniter->handleRequest(null, Object(Config\Cache), false)
 7 SYSTEMPATH\Boot.php(312): CodeIgniter\CodeIgniter->run()
 8 SYSTEMPATH\Boot.php(67): CodeIgniter\Boot::runCodeIgniter(Object(CodeIgniter\CodeIgniter))
 9 FCPATH\index.php(56): CodeIgniter\Boot::bootWeb(Object(Config\Paths))
ERROR - 2024-11-13 06:22:20 --> Error connecting to the database: ErrorException: pg_connect(): Unable to connect to PostgreSQL server: FATAL:  remaining connection slots are reserved for roles with the SUPERUSER attribute in C:\xampp\htdocs\OPDClinic\system\Database\Postgre\Connection.php:78
Stack trace:
#0 [internal function]: CodeIgniter\Debug\Exceptions->errorHandler(2, 'pg_connect(): U...', 'C:\\xampp\\htdocs...', 78)
#1 C:\xampp\htdocs\OPDClinic\system\Database\Postgre\Connection.php(78): pg_connect('host=db-postgre...')
#2 C:\xampp\htdocs\OPDClinic\system\Database\BaseConnection.php(421): CodeIgniter\Database\Postgre\Connection->connect(false)
#3 C:\xampp\htdocs\OPDClinic\system\Database\BaseConnection.php(604): CodeIgniter\Database\BaseConnection->initialize()
#4 C:\xampp\htdocs\OPDClinic\system\Database\BaseBuilder.php(1629): CodeIgniter\Database\BaseConnection->query('SELECT "tbl_app...', Array, false)
#5 C:\xampp\htdocs\OPDClinic\app\Controllers\Home.php(999): CodeIgniter\Database\BaseBuilder->get()
#6 C:\xampp\htdocs\OPDClinic\system\CodeIgniter.php(933): App\Controllers\Home->getCancelledAppointments()
#7 C:\xampp\htdocs\OPDClinic\system\CodeIgniter.php(509): CodeIgniter\CodeIgniter->runController(Object(App\Controllers\Home))
#8 C:\xampp\htdocs\OPDClinic\system\CodeIgniter.php(355): CodeIgniter\CodeIgniter->handleRequest(NULL, Object(Config\Cache), false)
#9 C:\xampp\htdocs\OPDClinic\system\Boot.php(312): CodeIgniter\CodeIgniter->run()
#10 C:\xampp\htdocs\OPDClinic\system\Boot.php(67): CodeIgniter\Boot::runCodeIgniter(Object(CodeIgniter\CodeIgniter))
#11 C:\xampp\htdocs\OPDClinic\index.php(56): CodeIgniter\Boot::bootWeb(Object(Config\Paths))
#12 {main}
CRITICAL - 2024-11-13 06:22:20 --> CodeIgniter\Database\Exceptions\DatabaseException: Unable to connect to the database.
Main connection [Postgre]: pg_connect(): Unable to connect to PostgreSQL server: FATAL:  remaining connection slots are reserved for roles with the SUPERUSER attribute
[Method: GET, Route: get_cancelled_appointments]
in SYSTEMPATH\Database\BaseConnection.php on line 457.
 1 SYSTEMPATH\Database\BaseConnection.php(604): CodeIgniter\Database\BaseConnection->initialize()
 2 SYSTEMPATH\Database\BaseBuilder.php(1629): CodeIgniter\Database\BaseConnection->query('SELECT "tbl_appointment".*, "tbl_slots"."slots_time" AS "slot_time", "tbl_branch"."branch_name" AS "branch_name", "tbl_register"."name" AS "consultant_name", "tbl_section"."section_name" AS "section_name"
FROM "tbl_appointment"
LEFT JOIN "tbl_slots" ON CAST(tbl_appointment.slot AS INTEGER) = tbl_slots.id
LEFT JOIN "tbl_branch" ON "tbl_appointment"."branch" = "tbl_branch"."id"
LEFT JOIN "tbl_register" ON "tbl_appointment"."consultant" = "tbl_register"."id"
LEFT JOIN "tbl_section" ON "tbl_appointment"."section" = "tbl_section"."id"
WHERE "tbl_appointment"."appointment_status" = :tbl_appointment.appointment_status:', [...], false)
 3 APPPATH\Controllers\Home.php(999): CodeIgniter\Database\BaseBuilder->get()
 4 SYSTEMPATH\CodeIgniter.php(933): App\Controllers\Home->getCancelledAppointments()
 5 SYSTEMPATH\CodeIgniter.php(509): CodeIgniter\CodeIgniter->runController(Object(App\Controllers\Home))
 6 SYSTEMPATH\CodeIgniter.php(355): CodeIgniter\CodeIgniter->handleRequest(null, Object(Config\Cache), false)
 7 SYSTEMPATH\Boot.php(312): CodeIgniter\CodeIgniter->run()
 8 SYSTEMPATH\Boot.php(67): CodeIgniter\Boot::runCodeIgniter(Object(CodeIgniter\CodeIgniter))
 9 FCPATH\index.php(56): CodeIgniter\Boot::bootWeb(Object(Config\Paths))
ERROR - 2024-11-13 06:37:53 --> Error connecting to the database: ErrorException: pg_connect(): Unable to connect to PostgreSQL server: FATAL:  remaining connection slots are reserved for roles with the SUPERUSER attribute in C:\xampp\htdocs\OPDClinic\system\Database\Postgre\Connection.php:78
Stack trace:
#0 [internal function]: CodeIgniter\Debug\Exceptions->errorHandler(2, 'pg_connect(): U...', 'C:\\xampp\\htdocs...', 78)
#1 C:\xampp\htdocs\OPDClinic\system\Database\Postgre\Connection.php(78): pg_connect('host=db-postgre...')
#2 C:\xampp\htdocs\OPDClinic\system\Database\BaseConnection.php(421): CodeIgniter\Database\Postgre\Connection->connect(false)
#3 C:\xampp\htdocs\OPDClinic\system\Database\BaseConnection.php(604): CodeIgniter\Database\BaseConnection->initialize()
#4 C:\xampp\htdocs\OPDClinic\system\Database\BaseBuilder.php(1629): CodeIgniter\Database\BaseConnection->query('SELECT "tbl_app...', Array, false)
#5 C:\xampp\htdocs\OPDClinic\app\Controllers\Home.php(739): CodeIgniter\Database\BaseBuilder->get()
#6 C:\xampp\htdocs\OPDClinic\system\CodeIgniter.php(933): App\Controllers\Home->get_todays_appointment_data('tbl_appointment')
#7 C:\xampp\htdocs\OPDClinic\system\CodeIgniter.php(509): CodeIgniter\CodeIgniter->runController(Object(App\Controllers\Home))
#8 C:\xampp\htdocs\OPDClinic\system\CodeIgniter.php(355): CodeIgniter\CodeIgniter->handleRequest(NULL, Object(Config\Cache), false)
#9 C:\xampp\htdocs\OPDClinic\system\Boot.php(312): CodeIgniter\CodeIgniter->run()
#10 C:\xampp\htdocs\OPDClinic\system\Boot.php(67): CodeIgniter\Boot::runCodeIgniter(Object(CodeIgniter\CodeIgniter))
#11 C:\xampp\htdocs\OPDClinic\index.php(56): CodeIgniter\Boot::bootWeb(Object(Config\Paths))
#12 {main}
CRITICAL - 2024-11-13 06:37:53 --> CodeIgniter\Database\Exceptions\DatabaseException: Unable to connect to the database.
Main connection [Postgre]: pg_connect(): Unable to connect to PostgreSQL server: FATAL:  remaining connection slots are reserved for roles with the SUPERUSER attribute
[Method: GET, Route: get_todays_appointment_data/tbl_appointment]
in SYSTEMPATH\Database\BaseConnection.php on line 457.
 1 SYSTEMPATH\Database\BaseConnection.php(604): CodeIgniter\Database\BaseConnection->initialize()
 2 SYSTEMPATH\Database\BaseBuilder.php(1629): CodeIgniter\Database\BaseConnection->query('SELECT "tbl_appointment".*, "tbl_consultants"."name" AS "cname", "tbl_branch"."branch_name" AS "branch_name", "tbl_slots"."slots_time" AS "slots_time", "tbl_slots"."day_name" AS "day_name", "tbl_section"."section_name" AS "section_name"
FROM "tbl_appointment"
LEFT JOIN "tbl_consultants" ON "tbl_consultants"."id" = "tbl_appointment"."consultant"
LEFT JOIN "tbl_branch" ON "tbl_branch"."id" = "tbl_appointment"."branch"
LEFT JOIN "tbl_slots" ON "tbl_slots"."id" = CAST(tbl_appointment.slot AS INTEGER)
LEFT JOIN "tbl_section" ON "tbl_section"."id" = "tbl_appointment"."section"
WHERE "tbl_appointment"."is_deleted" = :tbl_appointment.is_deleted:
AND CAST(tbl_appointment.dates AS DATE) = :CAST(tbl_appointment.dates AS DATE):', [...], false)
 3 APPPATH\Controllers\Home.php(739): CodeIgniter\Database\BaseBuilder->get()
 4 SYSTEMPATH\CodeIgniter.php(933): App\Controllers\Home->get_todays_appointment_data('tbl_appointment')
 5 SYSTEMPATH\CodeIgniter.php(509): CodeIgniter\CodeIgniter->runController(Object(App\Controllers\Home))
 6 SYSTEMPATH\CodeIgniter.php(355): CodeIgniter\CodeIgniter->handleRequest(null, Object(Config\Cache), false)
 7 SYSTEMPATH\Boot.php(312): CodeIgniter\CodeIgniter->run()
 8 SYSTEMPATH\Boot.php(67): CodeIgniter\Boot::runCodeIgniter(Object(CodeIgniter\CodeIgniter))
 9 FCPATH\index.php(56): CodeIgniter\Boot::bootWeb(Object(Config\Paths))
ERROR - 2024-11-13 06:37:53 --> Error connecting to the database: ErrorException: pg_connect(): Unable to connect to PostgreSQL server: FATAL:  remaining connection slots are reserved for roles with the SUPERUSER attribute in C:\xampp\htdocs\OPDClinic\system\Database\Postgre\Connection.php:78
Stack trace:
#0 [internal function]: CodeIgniter\Debug\Exceptions->errorHandler(2, 'pg_connect(): U...', 'C:\\xampp\\htdocs...', 78)
#1 C:\xampp\htdocs\OPDClinic\system\Database\Postgre\Connection.php(78): pg_connect('host=db-postgre...')
#2 C:\xampp\htdocs\OPDClinic\system\Database\BaseConnection.php(421): CodeIgniter\Database\Postgre\Connection->connect(false)
#3 C:\xampp\htdocs\OPDClinic\system\Database\BaseConnection.php(604): CodeIgniter\Database\BaseConnection->initialize()
#4 C:\xampp\htdocs\OPDClinic\system\Database\BaseBuilder.php(1629): CodeIgniter\Database\BaseConnection->query('SELECT "tbl_app...', Array, false)
#5 C:\xampp\htdocs\OPDClinic\app\Controllers\Home.php(948): CodeIgniter\Database\BaseBuilder->get()
#6 C:\xampp\htdocs\OPDClinic\system\CodeIgniter.php(933): App\Controllers\Home->getUpcomingAppointments()
#7 C:\xampp\htdocs\OPDClinic\system\CodeIgniter.php(509): CodeIgniter\CodeIgniter->runController(Object(App\Controllers\Home))
#8 C:\xampp\htdocs\OPDClinic\system\CodeIgniter.php(355): CodeIgniter\CodeIgniter->handleRequest(NULL, Object(Config\Cache), false)
#9 C:\xampp\htdocs\OPDClinic\system\Boot.php(312): CodeIgniter\CodeIgniter->run()
#10 C:\xampp\htdocs\OPDClinic\system\Boot.php(67): CodeIgniter\Boot::runCodeIgniter(Object(CodeIgniter\CodeIgniter))
#11 C:\xampp\htdocs\OPDClinic\index.php(56): CodeIgniter\Boot::bootWeb(Object(Config\Paths))
#12 {main}
CRITICAL - 2024-11-13 06:37:53 --> CodeIgniter\Database\Exceptions\DatabaseException: Unable to connect to the database.
Main connection [Postgre]: pg_connect(): Unable to connect to PostgreSQL server: FATAL:  remaining connection slots are reserved for roles with the SUPERUSER attribute
[Method: GET, Route: get_upcoming_appointments]
in SYSTEMPATH\Database\BaseConnection.php on line 457.
 1 SYSTEMPATH\Database\BaseConnection.php(604): CodeIgniter\Database\BaseConnection->initialize()
 2 SYSTEMPATH\Database\BaseBuilder.php(1629): CodeIgniter\Database\BaseConnection->query('SELECT "tbl_appointment".*, "tbl_slots"."slots_time" AS "slot_time", "tbl_branch"."branch_name" AS "branch_name", "tbl_register"."name" AS "consultant_name", "tbl_section"."section_name" AS "section_name"
FROM "tbl_appointment"
LEFT JOIN "tbl_slots" ON CAST(tbl_appointment.slot AS INTEGER) = tbl_slots.id
LEFT JOIN "tbl_branch" ON "tbl_appointment"."branch" = "tbl_branch"."id"
LEFT JOIN "tbl_register" ON "tbl_appointment"."consultant" = "tbl_register"."id"
LEFT JOIN "tbl_section" ON "tbl_appointment"."section" = "tbl_section"."id"
WHERE "tbl_appointment"."appointment_status" = :tbl_appointment.appointment_status:', [...], false)
 3 APPPATH\Controllers\Home.php(948): CodeIgniter\Database\BaseBuilder->get()
 4 SYSTEMPATH\CodeIgniter.php(933): App\Controllers\Home->getUpcomingAppointments()
 5 SYSTEMPATH\CodeIgniter.php(509): CodeIgniter\CodeIgniter->runController(Object(App\Controllers\Home))
 6 SYSTEMPATH\CodeIgniter.php(355): CodeIgniter\CodeIgniter->handleRequest(null, Object(Config\Cache), false)
 7 SYSTEMPATH\Boot.php(312): CodeIgniter\CodeIgniter->run()
 8 SYSTEMPATH\Boot.php(67): CodeIgniter\Boot::runCodeIgniter(Object(CodeIgniter\CodeIgniter))
 9 FCPATH\index.php(56): CodeIgniter\Boot::bootWeb(Object(Config\Paths))
ERROR - 2024-11-13 07:21:22 --> Error connecting to the database: ErrorException: pg_connect(): Unable to connect to PostgreSQL server: FATAL:  remaining connection slots are reserved for roles with the SUPERUSER attribute in C:\xampp\htdocs\OPDClinic\system\Database\Postgre\Connection.php:78
Stack trace:
#0 [internal function]: CodeIgniter\Debug\Exceptions->errorHandler(2, 'pg_connect(): U...', 'C:\\xampp\\htdocs...', 78)
#1 C:\xampp\htdocs\OPDClinic\system\Database\Postgre\Connection.php(78): pg_connect('host=db-postgre...')
#2 C:\xampp\htdocs\OPDClinic\system\Database\BaseConnection.php(421): CodeIgniter\Database\Postgre\Connection->connect(false)
#3 C:\xampp\htdocs\OPDClinic\system\Database\BaseConnection.php(604): CodeIgniter\Database\BaseConnection->initialize()
#4 C:\xampp\htdocs\OPDClinic\system\Database\BaseBuilder.php(1629): CodeIgniter\Database\BaseConnection->query('SELECT "tbl_app...', Array, false)
#5 C:\xampp\htdocs\OPDClinic\app\Controllers\Home.php(922): CodeIgniter\Database\BaseBuilder->get()
#6 C:\xampp\htdocs\OPDClinic\system\CodeIgniter.php(933): App\Controllers\Home->getConductedAppointments()
#7 C:\xampp\htdocs\OPDClinic\system\CodeIgniter.php(509): CodeIgniter\CodeIgniter->runController(Object(App\Controllers\Home))
#8 C:\xampp\htdocs\OPDClinic\system\CodeIgniter.php(355): CodeIgniter\CodeIgniter->handleRequest(NULL, Object(Config\Cache), false)
#9 C:\xampp\htdocs\OPDClinic\system\Boot.php(312): CodeIgniter\CodeIgniter->run()
#10 C:\xampp\htdocs\OPDClinic\system\Boot.php(67): CodeIgniter\Boot::runCodeIgniter(Object(CodeIgniter\CodeIgniter))
#11 C:\xampp\htdocs\OPDClinic\index.php(56): CodeIgniter\Boot::bootWeb(Object(Config\Paths))
#12 {main}
CRITICAL - 2024-11-13 07:21:22 --> CodeIgniter\Database\Exceptions\DatabaseException: Unable to connect to the database.
Main connection [Postgre]: pg_connect(): Unable to connect to PostgreSQL server: FATAL:  remaining connection slots are reserved for roles with the SUPERUSER attribute
[Method: GET, Route: get_conducted_appointments]
in SYSTEMPATH\Database\BaseConnection.php on line 457.
 1 SYSTEMPATH\Database\BaseConnection.php(604): CodeIgniter\Database\BaseConnection->initialize()
 2 SYSTEMPATH\Database\BaseBuilder.php(1629): CodeIgniter\Database\BaseConnection->query('SELECT "tbl_appointment".*, "tbl_slots"."slots_time" AS "slot_time", "tbl_branch"."branch_name" AS "branch_name", "tbl_register"."name" AS "consultant_name", "tbl_section"."section_name" AS "section_name"
FROM "tbl_appointment"
LEFT JOIN "tbl_slots" ON CAST(tbl_appointment.slot AS INTEGER) = tbl_slots.id
LEFT JOIN "tbl_branch" ON "tbl_appointment"."branch" = "tbl_branch"."id"
LEFT JOIN "tbl_register" ON "tbl_appointment"."consultant" = "tbl_register"."id"
LEFT JOIN "tbl_section" ON "tbl_appointment"."section" = "tbl_section"."id"
WHERE "tbl_appointment"."appointment_status" = :tbl_appointment.appointment_status:', [...], false)
 3 APPPATH\Controllers\Home.php(922): CodeIgniter\Database\BaseBuilder->get()
 4 SYSTEMPATH\CodeIgniter.php(933): App\Controllers\Home->getConductedAppointments()
 5 SYSTEMPATH\CodeIgniter.php(509): CodeIgniter\CodeIgniter->runController(Object(App\Controllers\Home))
 6 SYSTEMPATH\CodeIgniter.php(355): CodeIgniter\CodeIgniter->handleRequest(null, Object(Config\Cache), false)
 7 SYSTEMPATH\Boot.php(312): CodeIgniter\CodeIgniter->run()
 8 SYSTEMPATH\Boot.php(67): CodeIgniter\Boot::runCodeIgniter(Object(CodeIgniter\CodeIgniter))
 9 FCPATH\index.php(56): CodeIgniter\Boot::bootWeb(Object(Config\Paths))
ERROR - 2024-11-13 07:21:22 --> Error connecting to the database: ErrorException: pg_connect(): Unable to connect to PostgreSQL server: FATAL:  remaining connection slots are reserved for roles with the SUPERUSER attribute in C:\xampp\htdocs\OPDClinic\system\Database\Postgre\Connection.php:78
Stack trace:
#0 [internal function]: CodeIgniter\Debug\Exceptions->errorHandler(2, 'pg_connect(): U...', 'C:\\xampp\\htdocs...', 78)
#1 C:\xampp\htdocs\OPDClinic\system\Database\Postgre\Connection.php(78): pg_connect('host=db-postgre...')
#2 C:\xampp\htdocs\OPDClinic\system\Database\BaseConnection.php(421): CodeIgniter\Database\Postgre\Connection->connect(false)
#3 C:\xampp\htdocs\OPDClinic\system\Database\BaseConnection.php(604): CodeIgniter\Database\BaseConnection->initialize()
#4 C:\xampp\htdocs\OPDClinic\system\Database\BaseBuilder.php(1629): CodeIgniter\Database\BaseConnection->query('SELECT "tbl_app...', Array, false)
#5 C:\xampp\htdocs\OPDClinic\app\Controllers\Home.php(999): CodeIgniter\Database\BaseBuilder->get()
#6 C:\xampp\htdocs\OPDClinic\system\CodeIgniter.php(933): App\Controllers\Home->getCancelledAppointments()
#7 C:\xampp\htdocs\OPDClinic\system\CodeIgniter.php(509): CodeIgniter\CodeIgniter->runController(Object(App\Controllers\Home))
#8 C:\xampp\htdocs\OPDClinic\system\CodeIgniter.php(355): CodeIgniter\CodeIgniter->handleRequest(NULL, Object(Config\Cache), false)
#9 C:\xampp\htdocs\OPDClinic\system\Boot.php(312): CodeIgniter\CodeIgniter->run()
#10 C:\xampp\htdocs\OPDClinic\system\Boot.php(67): CodeIgniter\Boot::runCodeIgniter(Object(CodeIgniter\CodeIgniter))
#11 C:\xampp\htdocs\OPDClinic\index.php(56): CodeIgniter\Boot::bootWeb(Object(Config\Paths))
#12 {main}
CRITICAL - 2024-11-13 07:21:22 --> CodeIgniter\Database\Exceptions\DatabaseException: Unable to connect to the database.
Main connection [Postgre]: pg_connect(): Unable to connect to PostgreSQL server: FATAL:  remaining connection slots are reserved for roles with the SUPERUSER attribute
[Method: GET, Route: get_cancelled_appointments]
in SYSTEMPATH\Database\BaseConnection.php on line 457.
 1 SYSTEMPATH\Database\BaseConnection.php(604): CodeIgniter\Database\BaseConnection->initialize()
 2 SYSTEMPATH\Database\BaseBuilder.php(1629): CodeIgniter\Database\BaseConnection->query('SELECT "tbl_appointment".*, "tbl_slots"."slots_time" AS "slot_time", "tbl_branch"."branch_name" AS "branch_name", "tbl_register"."name" AS "consultant_name", "tbl_section"."section_name" AS "section_name"
FROM "tbl_appointment"
LEFT JOIN "tbl_slots" ON CAST(tbl_appointment.slot AS INTEGER) = tbl_slots.id
LEFT JOIN "tbl_branch" ON "tbl_appointment"."branch" = "tbl_branch"."id"
LEFT JOIN "tbl_register" ON "tbl_appointment"."consultant" = "tbl_register"."id"
LEFT JOIN "tbl_section" ON "tbl_appointment"."section" = "tbl_section"."id"
WHERE "tbl_appointment"."appointment_status" = :tbl_appointment.appointment_status:', [...], false)
 3 APPPATH\Controllers\Home.php(999): CodeIgniter\Database\BaseBuilder->get()
 4 SYSTEMPATH\CodeIgniter.php(933): App\Controllers\Home->getCancelledAppointments()
 5 SYSTEMPATH\CodeIgniter.php(509): CodeIgniter\CodeIgniter->runController(Object(App\Controllers\Home))
 6 SYSTEMPATH\CodeIgniter.php(355): CodeIgniter\CodeIgniter->handleRequest(null, Object(Config\Cache), false)
 7 SYSTEMPATH\Boot.php(312): CodeIgniter\CodeIgniter->run()
 8 SYSTEMPATH\Boot.php(67): CodeIgniter\Boot::runCodeIgniter(Object(CodeIgniter\CodeIgniter))
 9 FCPATH\index.php(56): CodeIgniter\Boot::bootWeb(Object(Config\Paths))
ERROR - 2024-11-13 07:21:22 --> Error connecting to the database: ErrorException: pg_connect(): Unable to connect to PostgreSQL server: FATAL:  remaining connection slots are reserved for roles with the SUPERUSER attribute in C:\xampp\htdocs\OPDClinic\system\Database\Postgre\Connection.php:78
Stack trace:
#0 [internal function]: CodeIgniter\Debug\Exceptions->errorHandler(2, 'pg_connect(): U...', 'C:\\xampp\\htdocs...', 78)
#1 C:\xampp\htdocs\OPDClinic\system\Database\Postgre\Connection.php(78): pg_connect('host=db-postgre...')
#2 C:\xampp\htdocs\OPDClinic\system\Database\BaseConnection.php(421): CodeIgniter\Database\Postgre\Connection->connect(false)
#3 C:\xampp\htdocs\OPDClinic\system\Database\BaseConnection.php(604): CodeIgniter\Database\BaseConnection->initialize()
#4 C:\xampp\htdocs\OPDClinic\system\Database\BaseBuilder.php(1629): CodeIgniter\Database\BaseConnection->query('SELECT "tbl_app...', Array, false)
#5 C:\xampp\htdocs\OPDClinic\app\Controllers\Home.php(739): CodeIgniter\Database\BaseBuilder->get()
#6 C:\xampp\htdocs\OPDClinic\system\CodeIgniter.php(933): App\Controllers\Home->get_todays_appointment_data('tbl_appointment')
#7 C:\xampp\htdocs\OPDClinic\system\CodeIgniter.php(509): CodeIgniter\CodeIgniter->runController(Object(App\Controllers\Home))
#8 C:\xampp\htdocs\OPDClinic\system\CodeIgniter.php(355): CodeIgniter\CodeIgniter->handleRequest(NULL, Object(Config\Cache), false)
#9 C:\xampp\htdocs\OPDClinic\system\Boot.php(312): CodeIgniter\CodeIgniter->run()
#10 C:\xampp\htdocs\OPDClinic\system\Boot.php(67): CodeIgniter\Boot::runCodeIgniter(Object(CodeIgniter\CodeIgniter))
#11 C:\xampp\htdocs\OPDClinic\index.php(56): CodeIgniter\Boot::bootWeb(Object(Config\Paths))
#12 {main}
CRITICAL - 2024-11-13 07:21:22 --> CodeIgniter\Database\Exceptions\DatabaseException: Unable to connect to the database.
Main connection [Postgre]: pg_connect(): Unable to connect to PostgreSQL server: FATAL:  remaining connection slots are reserved for roles with the SUPERUSER attribute
[Method: GET, Route: get_todays_appointment_data/tbl_appointment]
in SYSTEMPATH\Database\BaseConnection.php on line 457.
 1 SYSTEMPATH\Database\BaseConnection.php(604): CodeIgniter\Database\BaseConnection->initialize()
 2 SYSTEMPATH\Database\BaseBuilder.php(1629): CodeIgniter\Database\BaseConnection->query('SELECT "tbl_appointment".*, "tbl_consultants"."name" AS "cname", "tbl_branch"."branch_name" AS "branch_name", "tbl_slots"."slots_time" AS "slots_time", "tbl_slots"."day_name" AS "day_name", "tbl_section"."section_name" AS "section_name"
FROM "tbl_appointment"
LEFT JOIN "tbl_consultants" ON "tbl_consultants"."id" = "tbl_appointment"."consultant"
LEFT JOIN "tbl_branch" ON "tbl_branch"."id" = "tbl_appointment"."branch"
LEFT JOIN "tbl_slots" ON "tbl_slots"."id" = CAST(tbl_appointment.slot AS INTEGER)
LEFT JOIN "tbl_section" ON "tbl_section"."id" = "tbl_appointment"."section"
WHERE "tbl_appointment"."is_deleted" = :tbl_appointment.is_deleted:
AND CAST(tbl_appointment.dates AS DATE) = :CAST(tbl_appointment.dates AS DATE):', [...], false)
 3 APPPATH\Controllers\Home.php(739): CodeIgniter\Database\BaseBuilder->get()
 4 SYSTEMPATH\CodeIgniter.php(933): App\Controllers\Home->get_todays_appointment_data('tbl_appointment')
 5 SYSTEMPATH\CodeIgniter.php(509): CodeIgniter\CodeIgniter->runController(Object(App\Controllers\Home))
 6 SYSTEMPATH\CodeIgniter.php(355): CodeIgniter\CodeIgniter->handleRequest(null, Object(Config\Cache), false)
 7 SYSTEMPATH\Boot.php(312): CodeIgniter\CodeIgniter->run()
 8 SYSTEMPATH\Boot.php(67): CodeIgniter\Boot::runCodeIgniter(Object(CodeIgniter\CodeIgniter))
 9 FCPATH\index.php(56): CodeIgniter\Boot::bootWeb(Object(Config\Paths))
ERROR - 2024-11-13 07:21:22 --> Error connecting to the database: ErrorException: pg_connect(): Unable to connect to PostgreSQL server: FATAL:  remaining connection slots are reserved for roles with the SUPERUSER attribute in C:\xampp\htdocs\OPDClinic\system\Database\Postgre\Connection.php:78
Stack trace:
#0 [internal function]: CodeIgniter\Debug\Exceptions->errorHandler(2, 'pg_connect(): U...', 'C:\\xampp\\htdocs...', 78)
#1 C:\xampp\htdocs\OPDClinic\system\Database\Postgre\Connection.php(78): pg_connect('host=db-postgre...')
#2 C:\xampp\htdocs\OPDClinic\system\Database\BaseConnection.php(421): CodeIgniter\Database\Postgre\Connection->connect(false)
#3 C:\xampp\htdocs\OPDClinic\system\Database\BaseConnection.php(604): CodeIgniter\Database\BaseConnection->initialize()
#4 C:\xampp\htdocs\OPDClinic\system\Database\BaseBuilder.php(1629): CodeIgniter\Database\BaseConnection->query('SELECT "tbl_app...', Array, false)
#5 C:\xampp\htdocs\OPDClinic\app\Controllers\Home.php(948): CodeIgniter\Database\BaseBuilder->get()
#6 C:\xampp\htdocs\OPDClinic\system\CodeIgniter.php(933): App\Controllers\Home->getUpcomingAppointments()
#7 C:\xampp\htdocs\OPDClinic\system\CodeIgniter.php(509): CodeIgniter\CodeIgniter->runController(Object(App\Controllers\Home))
#8 C:\xampp\htdocs\OPDClinic\system\CodeIgniter.php(355): CodeIgniter\CodeIgniter->handleRequest(NULL, Object(Config\Cache), false)
#9 C:\xampp\htdocs\OPDClinic\system\Boot.php(312): CodeIgniter\CodeIgniter->run()
#10 C:\xampp\htdocs\OPDClinic\system\Boot.php(67): CodeIgniter\Boot::runCodeIgniter(Object(CodeIgniter\CodeIgniter))
#11 C:\xampp\htdocs\OPDClinic\index.php(56): CodeIgniter\Boot::bootWeb(Object(Config\Paths))
#12 {main}
CRITICAL - 2024-11-13 07:21:22 --> CodeIgniter\Database\Exceptions\DatabaseException: Unable to connect to the database.
Main connection [Postgre]: pg_connect(): Unable to connect to PostgreSQL server: FATAL:  remaining connection slots are reserved for roles with the SUPERUSER attribute
[Method: GET, Route: get_upcoming_appointments]
in SYSTEMPATH\Database\BaseConnection.php on line 457.
 1 SYSTEMPATH\Database\BaseConnection.php(604): CodeIgniter\Database\BaseConnection->initialize()
 2 SYSTEMPATH\Database\BaseBuilder.php(1629): CodeIgniter\Database\BaseConnection->query('SELECT "tbl_appointment".*, "tbl_slots"."slots_time" AS "slot_time", "tbl_branch"."branch_name" AS "branch_name", "tbl_register"."name" AS "consultant_name", "tbl_section"."section_name" AS "section_name"
FROM "tbl_appointment"
LEFT JOIN "tbl_slots" ON CAST(tbl_appointment.slot AS INTEGER) = tbl_slots.id
LEFT JOIN "tbl_branch" ON "tbl_appointment"."branch" = "tbl_branch"."id"
LEFT JOIN "tbl_register" ON "tbl_appointment"."consultant" = "tbl_register"."id"
LEFT JOIN "tbl_section" ON "tbl_appointment"."section" = "tbl_section"."id"
WHERE "tbl_appointment"."appointment_status" = :tbl_appointment.appointment_status:', [...], false)
 3 APPPATH\Controllers\Home.php(948): CodeIgniter\Database\BaseBuilder->get()
 4 SYSTEMPATH\CodeIgniter.php(933): App\Controllers\Home->getUpcomingAppointments()
 5 SYSTEMPATH\CodeIgniter.php(509): CodeIgniter\CodeIgniter->runController(Object(App\Controllers\Home))
 6 SYSTEMPATH\CodeIgniter.php(355): CodeIgniter\CodeIgniter->handleRequest(null, Object(Config\Cache), false)
 7 SYSTEMPATH\Boot.php(312): CodeIgniter\CodeIgniter->run()
 8 SYSTEMPATH\Boot.php(67): CodeIgniter\Boot::runCodeIgniter(Object(CodeIgniter\CodeIgniter))
 9 FCPATH\index.php(56): CodeIgniter\Boot::bootWeb(Object(Config\Paths))
ERROR - 2024-11-13 07:21:22 --> Error connecting to the database: ErrorException: pg_connect(): Unable to connect to PostgreSQL server: FATAL:  remaining connection slots are reserved for roles with the SUPERUSER attribute in C:\xampp\htdocs\OPDClinic\system\Database\Postgre\Connection.php:78
Stack trace:
#0 [internal function]: CodeIgniter\Debug\Exceptions->errorHandler(2, 'pg_connect(): U...', 'C:\\xampp\\htdocs...', 78)
#1 C:\xampp\htdocs\OPDClinic\system\Database\Postgre\Connection.php(78): pg_connect('host=db-postgre...')
#2 C:\xampp\htdocs\OPDClinic\system\Database\BaseConnection.php(421): CodeIgniter\Database\Postgre\Connection->connect(false)
#3 C:\xampp\htdocs\OPDClinic\system\Database\BaseConnection.php(604): CodeIgniter\Database\BaseConnection->initialize()
#4 C:\xampp\htdocs\OPDClinic\system\Database\BaseBuilder.php(1629): CodeIgniter\Database\BaseConnection->query('SELECT "tbl_app...', Array, false)
#5 C:\xampp\htdocs\OPDClinic\app\Controllers\Home.php(739): CodeIgniter\Database\BaseBuilder->get()
#6 C:\xampp\htdocs\OPDClinic\system\CodeIgniter.php(933): App\Controllers\Home->get_todays_appointment_data('tbl_appointment')
#7 C:\xampp\htdocs\OPDClinic\system\CodeIgniter.php(509): CodeIgniter\CodeIgniter->runController(Object(App\Controllers\Home))
#8 C:\xampp\htdocs\OPDClinic\system\CodeIgniter.php(355): CodeIgniter\CodeIgniter->handleRequest(NULL, Object(Config\Cache), false)
#9 C:\xampp\htdocs\OPDClinic\system\Boot.php(312): CodeIgniter\CodeIgniter->run()
#10 C:\xampp\htdocs\OPDClinic\system\Boot.php(67): CodeIgniter\Boot::runCodeIgniter(Object(CodeIgniter\CodeIgniter))
#11 C:\xampp\htdocs\OPDClinic\index.php(56): CodeIgniter\Boot::bootWeb(Object(Config\Paths))
#12 {main}
CRITICAL - 2024-11-13 07:21:22 --> CodeIgniter\Database\Exceptions\DatabaseException: Unable to connect to the database.
Main connection [Postgre]: pg_connect(): Unable to connect to PostgreSQL server: FATAL:  remaining connection slots are reserved for roles with the SUPERUSER attribute
[Method: GET, Route: get_todays_appointment_data/tbl_appointment]
in SYSTEMPATH\Database\BaseConnection.php on line 457.
 1 SYSTEMPATH\Database\BaseConnection.php(604): CodeIgniter\Database\BaseConnection->initialize()
 2 SYSTEMPATH\Database\BaseBuilder.php(1629): CodeIgniter\Database\BaseConnection->query('SELECT "tbl_appointment".*, "tbl_consultants"."name" AS "cname", "tbl_branch"."branch_name" AS "branch_name", "tbl_slots"."slots_time" AS "slots_time", "tbl_slots"."day_name" AS "day_name", "tbl_section"."section_name" AS "section_name"
FROM "tbl_appointment"
LEFT JOIN "tbl_consultants" ON "tbl_consultants"."id" = "tbl_appointment"."consultant"
LEFT JOIN "tbl_branch" ON "tbl_branch"."id" = "tbl_appointment"."branch"
LEFT JOIN "tbl_slots" ON "tbl_slots"."id" = CAST(tbl_appointment.slot AS INTEGER)
LEFT JOIN "tbl_section" ON "tbl_section"."id" = "tbl_appointment"."section"
WHERE "tbl_appointment"."is_deleted" = :tbl_appointment.is_deleted:
AND CAST(tbl_appointment.dates AS DATE) = :CAST(tbl_appointment.dates AS DATE):', [...], false)
 3 APPPATH\Controllers\Home.php(739): CodeIgniter\Database\BaseBuilder->get()
 4 SYSTEMPATH\CodeIgniter.php(933): App\Controllers\Home->get_todays_appointment_data('tbl_appointment')
 5 SYSTEMPATH\CodeIgniter.php(509): CodeIgniter\CodeIgniter->runController(Object(App\Controllers\Home))
 6 SYSTEMPATH\CodeIgniter.php(355): CodeIgniter\CodeIgniter->handleRequest(null, Object(Config\Cache), false)
 7 SYSTEMPATH\Boot.php(312): CodeIgniter\CodeIgniter->run()
 8 SYSTEMPATH\Boot.php(67): CodeIgniter\Boot::runCodeIgniter(Object(CodeIgniter\CodeIgniter))
 9 FCPATH\index.php(56): CodeIgniter\Boot::bootWeb(Object(Config\Paths))
ERROR - 2024-11-13 07:21:22 --> Error connecting to the database: ErrorException: pg_connect(): Unable to connect to PostgreSQL server: FATAL:  remaining connection slots are reserved for roles with the SUPERUSER attribute in C:\xampp\htdocs\OPDClinic\system\Database\Postgre\Connection.php:78
Stack trace:
#0 [internal function]: CodeIgniter\Debug\Exceptions->errorHandler(2, 'pg_connect(): U...', 'C:\\xampp\\htdocs...', 78)
#1 C:\xampp\htdocs\OPDClinic\system\Database\Postgre\Connection.php(78): pg_connect('host=db-postgre...')
#2 C:\xampp\htdocs\OPDClinic\system\Database\BaseConnection.php(421): CodeIgniter\Database\Postgre\Connection->connect(false)
#3 C:\xampp\htdocs\OPDClinic\system\Database\BaseConnection.php(604): CodeIgniter\Database\BaseConnection->initialize()
#4 C:\xampp\htdocs\OPDClinic\system\Database\BaseBuilder.php(1629): CodeIgniter\Database\BaseConnection->query('SELECT "tbl_app...', Array, false)
#5 C:\xampp\htdocs\OPDClinic\app\Controllers\Home.php(948): CodeIgniter\Database\BaseBuilder->get()
#6 C:\xampp\htdocs\OPDClinic\system\CodeIgniter.php(933): App\Controllers\Home->getUpcomingAppointments()
#7 C:\xampp\htdocs\OPDClinic\system\CodeIgniter.php(509): CodeIgniter\CodeIgniter->runController(Object(App\Controllers\Home))
#8 C:\xampp\htdocs\OPDClinic\system\CodeIgniter.php(355): CodeIgniter\CodeIgniter->handleRequest(NULL, Object(Config\Cache), false)
#9 C:\xampp\htdocs\OPDClinic\system\Boot.php(312): CodeIgniter\CodeIgniter->run()
#10 C:\xampp\htdocs\OPDClinic\system\Boot.php(67): CodeIgniter\Boot::runCodeIgniter(Object(CodeIgniter\CodeIgniter))
#11 C:\xampp\htdocs\OPDClinic\index.php(56): CodeIgniter\Boot::bootWeb(Object(Config\Paths))
#12 {main}
CRITICAL - 2024-11-13 07:21:22 --> CodeIgniter\Database\Exceptions\DatabaseException: Unable to connect to the database.
Main connection [Postgre]: pg_connect(): Unable to connect to PostgreSQL server: FATAL:  remaining connection slots are reserved for roles with the SUPERUSER attribute
[Method: GET, Route: get_upcoming_appointments]
in SYSTEMPATH\Database\BaseConnection.php on line 457.
 1 SYSTEMPATH\Database\BaseConnection.php(604): CodeIgniter\Database\BaseConnection->initialize()
 2 SYSTEMPATH\Database\BaseBuilder.php(1629): CodeIgniter\Database\BaseConnection->query('SELECT "tbl_appointment".*, "tbl_slots"."slots_time" AS "slot_time", "tbl_branch"."branch_name" AS "branch_name", "tbl_register"."name" AS "consultant_name", "tbl_section"."section_name" AS "section_name"
FROM "tbl_appointment"
LEFT JOIN "tbl_slots" ON CAST(tbl_appointment.slot AS INTEGER) = tbl_slots.id
LEFT JOIN "tbl_branch" ON "tbl_appointment"."branch" = "tbl_branch"."id"
LEFT JOIN "tbl_register" ON "tbl_appointment"."consultant" = "tbl_register"."id"
LEFT JOIN "tbl_section" ON "tbl_appointment"."section" = "tbl_section"."id"
WHERE "tbl_appointment"."appointment_status" = :tbl_appointment.appointment_status:', [...], false)
 3 APPPATH\Controllers\Home.php(948): CodeIgniter\Database\BaseBuilder->get()
 4 SYSTEMPATH\CodeIgniter.php(933): App\Controllers\Home->getUpcomingAppointments()
 5 SYSTEMPATH\CodeIgniter.php(509): CodeIgniter\CodeIgniter->runController(Object(App\Controllers\Home))
 6 SYSTEMPATH\CodeIgniter.php(355): CodeIgniter\CodeIgniter->handleRequest(null, Object(Config\Cache), false)
 7 SYSTEMPATH\Boot.php(312): CodeIgniter\CodeIgniter->run()
 8 SYSTEMPATH\Boot.php(67): CodeIgniter\Boot::runCodeIgniter(Object(CodeIgniter\CodeIgniter))
 9 FCPATH\index.php(56): CodeIgniter\Boot::bootWeb(Object(Config\Paths))
ERROR - 2024-11-13 07:21:25 --> Error connecting to the database: ErrorException: pg_connect(): Unable to connect to PostgreSQL server: FATAL:  remaining connection slots are reserved for roles with the SUPERUSER attribute in C:\xampp\htdocs\OPDClinic\system\Database\Postgre\Connection.php:78
Stack trace:
#0 [internal function]: CodeIgniter\Debug\Exceptions->errorHandler(2, 'pg_connect(): U...', 'C:\\xampp\\htdocs...', 78)
#1 C:\xampp\htdocs\OPDClinic\system\Database\Postgre\Connection.php(78): pg_connect('host=db-postgre...')
#2 C:\xampp\htdocs\OPDClinic\system\Database\BaseConnection.php(421): CodeIgniter\Database\Postgre\Connection->connect(false)
#3 C:\xampp\htdocs\OPDClinic\system\Database\BaseConnection.php(604): CodeIgniter\Database\BaseConnection->initialize()
#4 C:\xampp\htdocs\OPDClinic\system\Database\BaseBuilder.php(1629): CodeIgniter\Database\BaseConnection->query('SELECT "tbl_app...', Array, false)
#5 C:\xampp\htdocs\OPDClinic\app\Controllers\Home.php(922): CodeIgniter\Database\BaseBuilder->get()
#6 C:\xampp\htdocs\OPDClinic\system\CodeIgniter.php(933): App\Controllers\Home->getConductedAppointments()
#7 C:\xampp\htdocs\OPDClinic\system\CodeIgniter.php(509): CodeIgniter\CodeIgniter->runController(Object(App\Controllers\Home))
#8 C:\xampp\htdocs\OPDClinic\system\CodeIgniter.php(355): CodeIgniter\CodeIgniter->handleRequest(NULL, Object(Config\Cache), false)
#9 C:\xampp\htdocs\OPDClinic\system\Boot.php(312): CodeIgniter\CodeIgniter->run()
#10 C:\xampp\htdocs\OPDClinic\system\Boot.php(67): CodeIgniter\Boot::runCodeIgniter(Object(CodeIgniter\CodeIgniter))
#11 C:\xampp\htdocs\OPDClinic\index.php(56): CodeIgniter\Boot::bootWeb(Object(Config\Paths))
#12 {main}
CRITICAL - 2024-11-13 07:21:25 --> CodeIgniter\Database\Exceptions\DatabaseException: Unable to connect to the database.
Main connection [Postgre]: pg_connect(): Unable to connect to PostgreSQL server: FATAL:  remaining connection slots are reserved for roles with the SUPERUSER attribute
[Method: GET, Route: get_conducted_appointments]
in SYSTEMPATH\Database\BaseConnection.php on line 457.
 1 SYSTEMPATH\Database\BaseConnection.php(604): CodeIgniter\Database\BaseConnection->initialize()
 2 SYSTEMPATH\Database\BaseBuilder.php(1629): CodeIgniter\Database\BaseConnection->query('SELECT "tbl_appointment".*, "tbl_slots"."slots_time" AS "slot_time", "tbl_branch"."branch_name" AS "branch_name", "tbl_register"."name" AS "consultant_name", "tbl_section"."section_name" AS "section_name"
FROM "tbl_appointment"
LEFT JOIN "tbl_slots" ON CAST(tbl_appointment.slot AS INTEGER) = tbl_slots.id
LEFT JOIN "tbl_branch" ON "tbl_appointment"."branch" = "tbl_branch"."id"
LEFT JOIN "tbl_register" ON "tbl_appointment"."consultant" = "tbl_register"."id"
LEFT JOIN "tbl_section" ON "tbl_appointment"."section" = "tbl_section"."id"
WHERE "tbl_appointment"."appointment_status" = :tbl_appointment.appointment_status:', [...], false)
 3 APPPATH\Controllers\Home.php(922): CodeIgniter\Database\BaseBuilder->get()
 4 SYSTEMPATH\CodeIgniter.php(933): App\Controllers\Home->getConductedAppointments()
 5 SYSTEMPATH\CodeIgniter.php(509): CodeIgniter\CodeIgniter->runController(Object(App\Controllers\Home))
 6 SYSTEMPATH\CodeIgniter.php(355): CodeIgniter\CodeIgniter->handleRequest(null, Object(Config\Cache), false)
 7 SYSTEMPATH\Boot.php(312): CodeIgniter\CodeIgniter->run()
 8 SYSTEMPATH\Boot.php(67): CodeIgniter\Boot::runCodeIgniter(Object(CodeIgniter\CodeIgniter))
 9 FCPATH\index.php(56): CodeIgniter\Boot::bootWeb(Object(Config\Paths))
ERROR - 2024-11-13 07:22:53 --> Error connecting to the database: ErrorException: pg_connect(): Unable to connect to PostgreSQL server: FATAL:  remaining connection slots are reserved for roles with the SUPERUSER attribute in C:\xampp\htdocs\OPDClinic\system\Database\Postgre\Connection.php:78
Stack trace:
#0 [internal function]: CodeIgniter\Debug\Exceptions->errorHandler(2, 'pg_connect(): U...', 'C:\\xampp\\htdocs...', 78)
#1 C:\xampp\htdocs\OPDClinic\system\Database\Postgre\Connection.php(78): pg_connect('host=db-postgre...')
#2 C:\xampp\htdocs\OPDClinic\system\Database\BaseConnection.php(421): CodeIgniter\Database\Postgre\Connection->connect(false)
#3 C:\xampp\htdocs\OPDClinic\system\Database\BaseConnection.php(604): CodeIgniter\Database\BaseConnection->initialize()
#4 C:\xampp\htdocs\OPDClinic\system\Database\BaseBuilder.php(1629): CodeIgniter\Database\BaseConnection->query('SELECT "tbl_app...', Array, false)
#5 C:\xampp\htdocs\OPDClinic\app\Controllers\Home.php(739): CodeIgniter\Database\BaseBuilder->get()
#6 C:\xampp\htdocs\OPDClinic\system\CodeIgniter.php(933): App\Controllers\Home->get_todays_appointment_data('tbl_appointment')
#7 C:\xampp\htdocs\OPDClinic\system\CodeIgniter.php(509): CodeIgniter\CodeIgniter->runController(Object(App\Controllers\Home))
#8 C:\xampp\htdocs\OPDClinic\system\CodeIgniter.php(355): CodeIgniter\CodeIgniter->handleRequest(NULL, Object(Config\Cache), false)
#9 C:\xampp\htdocs\OPDClinic\system\Boot.php(312): CodeIgniter\CodeIgniter->run()
#10 C:\xampp\htdocs\OPDClinic\system\Boot.php(67): CodeIgniter\Boot::runCodeIgniter(Object(CodeIgniter\CodeIgniter))
#11 C:\xampp\htdocs\OPDClinic\index.php(56): CodeIgniter\Boot::bootWeb(Object(Config\Paths))
#12 {main}
CRITICAL - 2024-11-13 07:22:53 --> CodeIgniter\Database\Exceptions\DatabaseException: Unable to connect to the database.
Main connection [Postgre]: pg_connect(): Unable to connect to PostgreSQL server: FATAL:  remaining connection slots are reserved for roles with the SUPERUSER attribute
[Method: GET, Route: get_todays_appointment_data/tbl_appointment]
in SYSTEMPATH\Database\BaseConnection.php on line 457.
 1 SYSTEMPATH\Database\BaseConnection.php(604): CodeIgniter\Database\BaseConnection->initialize()
 2 SYSTEMPATH\Database\BaseBuilder.php(1629): CodeIgniter\Database\BaseConnection->query('SELECT "tbl_appointment".*, "tbl_consultants"."name" AS "cname", "tbl_branch"."branch_name" AS "branch_name", "tbl_slots"."slots_time" AS "slots_time", "tbl_slots"."day_name" AS "day_name", "tbl_section"."section_name" AS "section_name"
FROM "tbl_appointment"
LEFT JOIN "tbl_consultants" ON "tbl_consultants"."id" = "tbl_appointment"."consultant"
LEFT JOIN "tbl_branch" ON "tbl_branch"."id" = "tbl_appointment"."branch"
LEFT JOIN "tbl_slots" ON "tbl_slots"."id" = CAST(tbl_appointment.slot AS INTEGER)
LEFT JOIN "tbl_section" ON "tbl_section"."id" = "tbl_appointment"."section"
WHERE "tbl_appointment"."is_deleted" = :tbl_appointment.is_deleted:
AND CAST(tbl_appointment.dates AS DATE) = :CAST(tbl_appointment.dates AS DATE):', [...], false)
 3 APPPATH\Controllers\Home.php(739): CodeIgniter\Database\BaseBuilder->get()
 4 SYSTEMPATH\CodeIgniter.php(933): App\Controllers\Home->get_todays_appointment_data('tbl_appointment')
 5 SYSTEMPATH\CodeIgniter.php(509): CodeIgniter\CodeIgniter->runController(Object(App\Controllers\Home))
 6 SYSTEMPATH\CodeIgniter.php(355): CodeIgniter\CodeIgniter->handleRequest(null, Object(Config\Cache), false)
 7 SYSTEMPATH\Boot.php(312): CodeIgniter\CodeIgniter->run()
 8 SYSTEMPATH\Boot.php(67): CodeIgniter\Boot::runCodeIgniter(Object(CodeIgniter\CodeIgniter))
 9 FCPATH\index.php(56): CodeIgniter\Boot::bootWeb(Object(Config\Paths))
ERROR - 2024-11-13 07:22:55 --> Error connecting to the database: ErrorException: pg_connect(): Unable to connect to PostgreSQL server: FATAL:  remaining connection slots are reserved for roles with the SUPERUSER attribute in C:\xampp\htdocs\OPDClinic\system\Database\Postgre\Connection.php:78
Stack trace:
#0 [internal function]: CodeIgniter\Debug\Exceptions->errorHandler(2, 'pg_connect(): U...', 'C:\\xampp\\htdocs...', 78)
#1 C:\xampp\htdocs\OPDClinic\system\Database\Postgre\Connection.php(78): pg_connect('host=db-postgre...')
#2 C:\xampp\htdocs\OPDClinic\system\Database\BaseConnection.php(421): CodeIgniter\Database\Postgre\Connection->connect(false)
#3 C:\xampp\htdocs\OPDClinic\system\Database\BaseConnection.php(604): CodeIgniter\Database\BaseConnection->initialize()
#4 C:\xampp\htdocs\OPDClinic\system\Database\BaseBuilder.php(1629): CodeIgniter\Database\BaseConnection->query('SELECT "tbl_app...', Array, false)
#5 C:\xampp\htdocs\OPDClinic\app\Controllers\Home.php(922): CodeIgniter\Database\BaseBuilder->get()
#6 C:\xampp\htdocs\OPDClinic\system\CodeIgniter.php(933): App\Controllers\Home->getConductedAppointments()
#7 C:\xampp\htdocs\OPDClinic\system\CodeIgniter.php(509): CodeIgniter\CodeIgniter->runController(Object(App\Controllers\Home))
#8 C:\xampp\htdocs\OPDClinic\system\CodeIgniter.php(355): CodeIgniter\CodeIgniter->handleRequest(NULL, Object(Config\Cache), false)
#9 C:\xampp\htdocs\OPDClinic\system\Boot.php(312): CodeIgniter\CodeIgniter->run()
#10 C:\xampp\htdocs\OPDClinic\system\Boot.php(67): CodeIgniter\Boot::runCodeIgniter(Object(CodeIgniter\CodeIgniter))
#11 C:\xampp\htdocs\OPDClinic\index.php(56): CodeIgniter\Boot::bootWeb(Object(Config\Paths))
#12 {main}
CRITICAL - 2024-11-13 07:22:55 --> CodeIgniter\Database\Exceptions\DatabaseException: Unable to connect to the database.
Main connection [Postgre]: pg_connect(): Unable to connect to PostgreSQL server: FATAL:  remaining connection slots are reserved for roles with the SUPERUSER attribute
[Method: GET, Route: get_conducted_appointments]
in SYSTEMPATH\Database\BaseConnection.php on line 457.
 1 SYSTEMPATH\Database\BaseConnection.php(604): CodeIgniter\Database\BaseConnection->initialize()
 2 SYSTEMPATH\Database\BaseBuilder.php(1629): CodeIgniter\Database\BaseConnection->query('SELECT "tbl_appointment".*, "tbl_slots"."slots_time" AS "slot_time", "tbl_branch"."branch_name" AS "branch_name", "tbl_register"."name" AS "consultant_name", "tbl_section"."section_name" AS "section_name"
FROM "tbl_appointment"
LEFT JOIN "tbl_slots" ON CAST(tbl_appointment.slot AS INTEGER) = tbl_slots.id
LEFT JOIN "tbl_branch" ON "tbl_appointment"."branch" = "tbl_branch"."id"
LEFT JOIN "tbl_register" ON "tbl_appointment"."consultant" = "tbl_register"."id"
LEFT JOIN "tbl_section" ON "tbl_appointment"."section" = "tbl_section"."id"
WHERE "tbl_appointment"."appointment_status" = :tbl_appointment.appointment_status:', [...], false)
 3 APPPATH\Controllers\Home.php(922): CodeIgniter\Database\BaseBuilder->get()
 4 SYSTEMPATH\CodeIgniter.php(933): App\Controllers\Home->getConductedAppointments()
 5 SYSTEMPATH\CodeIgniter.php(509): CodeIgniter\CodeIgniter->runController(Object(App\Controllers\Home))
 6 SYSTEMPATH\CodeIgniter.php(355): CodeIgniter\CodeIgniter->handleRequest(null, Object(Config\Cache), false)
 7 SYSTEMPATH\Boot.php(312): CodeIgniter\CodeIgniter->run()
 8 SYSTEMPATH\Boot.php(67): CodeIgniter\Boot::runCodeIgniter(Object(CodeIgniter\CodeIgniter))
 9 FCPATH\index.php(56): CodeIgniter\Boot::bootWeb(Object(Config\Paths))
ERROR - 2024-11-13 07:23:02 --> Error connecting to the database: ErrorException: pg_connect(): Unable to connect to PostgreSQL server: FATAL:  remaining connection slots are reserved for roles with the SUPERUSER attribute in C:\xampp\htdocs\OPDClinic\system\Database\Postgre\Connection.php:78
Stack trace:
#0 [internal function]: CodeIgniter\Debug\Exceptions->errorHandler(2, 'pg_connect(): U...', 'C:\\xampp\\htdocs...', 78)
#1 C:\xampp\htdocs\OPDClinic\system\Database\Postgre\Connection.php(78): pg_connect('host=db-postgre...')
#2 C:\xampp\htdocs\OPDClinic\system\Database\BaseConnection.php(421): CodeIgniter\Database\Postgre\Connection->connect(false)
#3 C:\xampp\htdocs\OPDClinic\system\Database\BaseConnection.php(604): CodeIgniter\Database\BaseConnection->initialize()
#4 C:\xampp\htdocs\OPDClinic\system\Database\BaseBuilder.php(1629): CodeIgniter\Database\BaseConnection->query('SELECT "tbl_app...', Array, false)
#5 C:\xampp\htdocs\OPDClinic\app\Controllers\Home.php(999): CodeIgniter\Database\BaseBuilder->get()
#6 C:\xampp\htdocs\OPDClinic\system\CodeIgniter.php(933): App\Controllers\Home->getCancelledAppointments()
#7 C:\xampp\htdocs\OPDClinic\system\CodeIgniter.php(509): CodeIgniter\CodeIgniter->runController(Object(App\Controllers\Home))
#8 C:\xampp\htdocs\OPDClinic\system\CodeIgniter.php(355): CodeIgniter\CodeIgniter->handleRequest(NULL, Object(Config\Cache), false)
#9 C:\xampp\htdocs\OPDClinic\system\Boot.php(312): CodeIgniter\CodeIgniter->run()
#10 C:\xampp\htdocs\OPDClinic\system\Boot.php(67): CodeIgniter\Boot::runCodeIgniter(Object(CodeIgniter\CodeIgniter))
#11 C:\xampp\htdocs\OPDClinic\index.php(56): CodeIgniter\Boot::bootWeb(Object(Config\Paths))
#12 {main}
CRITICAL - 2024-11-13 07:23:02 --> CodeIgniter\Database\Exceptions\DatabaseException: Unable to connect to the database.
Main connection [Postgre]: pg_connect(): Unable to connect to PostgreSQL server: FATAL:  remaining connection slots are reserved for roles with the SUPERUSER attribute
[Method: GET, Route: get_cancelled_appointments]
in SYSTEMPATH\Database\BaseConnection.php on line 457.
 1 SYSTEMPATH\Database\BaseConnection.php(604): CodeIgniter\Database\BaseConnection->initialize()
 2 SYSTEMPATH\Database\BaseBuilder.php(1629): CodeIgniter\Database\BaseConnection->query('SELECT "tbl_appointment".*, "tbl_slots"."slots_time" AS "slot_time", "tbl_branch"."branch_name" AS "branch_name", "tbl_register"."name" AS "consultant_name", "tbl_section"."section_name" AS "section_name"
FROM "tbl_appointment"
LEFT JOIN "tbl_slots" ON CAST(tbl_appointment.slot AS INTEGER) = tbl_slots.id
LEFT JOIN "tbl_branch" ON "tbl_appointment"."branch" = "tbl_branch"."id"
LEFT JOIN "tbl_register" ON "tbl_appointment"."consultant" = "tbl_register"."id"
LEFT JOIN "tbl_section" ON "tbl_appointment"."section" = "tbl_section"."id"
WHERE "tbl_appointment"."appointment_status" = :tbl_appointment.appointment_status:', [...], false)
 3 APPPATH\Controllers\Home.php(999): CodeIgniter\Database\BaseBuilder->get()
 4 SYSTEMPATH\CodeIgniter.php(933): App\Controllers\Home->getCancelledAppointments()
 5 SYSTEMPATH\CodeIgniter.php(509): CodeIgniter\CodeIgniter->runController(Object(App\Controllers\Home))
 6 SYSTEMPATH\CodeIgniter.php(355): CodeIgniter\CodeIgniter->handleRequest(null, Object(Config\Cache), false)
 7 SYSTEMPATH\Boot.php(312): CodeIgniter\CodeIgniter->run()
 8 SYSTEMPATH\Boot.php(67): CodeIgniter\Boot::runCodeIgniter(Object(CodeIgniter\CodeIgniter))
 9 FCPATH\index.php(56): CodeIgniter\Boot::bootWeb(Object(Config\Paths))
ERROR - 2024-11-13 07:23:04 --> Error connecting to the database: ErrorException: pg_connect(): Unable to connect to PostgreSQL server: FATAL:  remaining connection slots are reserved for roles with the SUPERUSER attribute in C:\xampp\htdocs\OPDClinic\system\Database\Postgre\Connection.php:78
Stack trace:
#0 [internal function]: CodeIgniter\Debug\Exceptions->errorHandler(2, 'pg_connect(): U...', 'C:\\xampp\\htdocs...', 78)
#1 C:\xampp\htdocs\OPDClinic\system\Database\Postgre\Connection.php(78): pg_connect('host=db-postgre...')
#2 C:\xampp\htdocs\OPDClinic\system\Database\BaseConnection.php(421): CodeIgniter\Database\Postgre\Connection->connect(false)
#3 C:\xampp\htdocs\OPDClinic\system\Database\BaseConnection.php(604): CodeIgniter\Database\BaseConnection->initialize()
#4 C:\xampp\htdocs\OPDClinic\system\Database\BaseBuilder.php(1629): CodeIgniter\Database\BaseConnection->query('SELECT "tbl_app...', Array, false)
#5 C:\xampp\htdocs\OPDClinic\app\Controllers\Home.php(999): CodeIgniter\Database\BaseBuilder->get()
#6 C:\xampp\htdocs\OPDClinic\system\CodeIgniter.php(933): App\Controllers\Home->getCancelledAppointments()
#7 C:\xampp\htdocs\OPDClinic\system\CodeIgniter.php(509): CodeIgniter\CodeIgniter->runController(Object(App\Controllers\Home))
#8 C:\xampp\htdocs\OPDClinic\system\CodeIgniter.php(355): CodeIgniter\CodeIgniter->handleRequest(NULL, Object(Config\Cache), false)
#9 C:\xampp\htdocs\OPDClinic\system\Boot.php(312): CodeIgniter\CodeIgniter->run()
#10 C:\xampp\htdocs\OPDClinic\system\Boot.php(67): CodeIgniter\Boot::runCodeIgniter(Object(CodeIgniter\CodeIgniter))
#11 C:\xampp\htdocs\OPDClinic\index.php(56): CodeIgniter\Boot::bootWeb(Object(Config\Paths))
#12 {main}
CRITICAL - 2024-11-13 07:23:04 --> CodeIgniter\Database\Exceptions\DatabaseException: Unable to connect to the database.
Main connection [Postgre]: pg_connect(): Unable to connect to PostgreSQL server: FATAL:  remaining connection slots are reserved for roles with the SUPERUSER attribute
[Method: GET, Route: get_cancelled_appointments]
in SYSTEMPATH\Database\BaseConnection.php on line 457.
 1 SYSTEMPATH\Database\BaseConnection.php(604): CodeIgniter\Database\BaseConnection->initialize()
 2 SYSTEMPATH\Database\BaseBuilder.php(1629): CodeIgniter\Database\BaseConnection->query('SELECT "tbl_appointment".*, "tbl_slots"."slots_time" AS "slot_time", "tbl_branch"."branch_name" AS "branch_name", "tbl_register"."name" AS "consultant_name", "tbl_section"."section_name" AS "section_name"
FROM "tbl_appointment"
LEFT JOIN "tbl_slots" ON CAST(tbl_appointment.slot AS INTEGER) = tbl_slots.id
LEFT JOIN "tbl_branch" ON "tbl_appointment"."branch" = "tbl_branch"."id"
LEFT JOIN "tbl_register" ON "tbl_appointment"."consultant" = "tbl_register"."id"
LEFT JOIN "tbl_section" ON "tbl_appointment"."section" = "tbl_section"."id"
WHERE "tbl_appointment"."appointment_status" = :tbl_appointment.appointment_status:', [...], false)
 3 APPPATH\Controllers\Home.php(999): CodeIgniter\Database\BaseBuilder->get()
 4 SYSTEMPATH\CodeIgniter.php(933): App\Controllers\Home->getCancelledAppointments()
 5 SYSTEMPATH\CodeIgniter.php(509): CodeIgniter\CodeIgniter->runController(Object(App\Controllers\Home))
 6 SYSTEMPATH\CodeIgniter.php(355): CodeIgniter\CodeIgniter->handleRequest(null, Object(Config\Cache), false)
 7 SYSTEMPATH\Boot.php(312): CodeIgniter\CodeIgniter->run()
 8 SYSTEMPATH\Boot.php(67): CodeIgniter\Boot::runCodeIgniter(Object(CodeIgniter\CodeIgniter))
 9 FCPATH\index.php(56): CodeIgniter\Boot::bootWeb(Object(Config\Paths))
ERROR - 2024-11-13 07:23:04 --> Error connecting to the database: ErrorException: pg_connect(): Unable to connect to PostgreSQL server: FATAL:  remaining connection slots are reserved for roles with the SUPERUSER attribute in C:\xampp\htdocs\OPDClinic\system\Database\Postgre\Connection.php:78
Stack trace:
#0 [internal function]: CodeIgniter\Debug\Exceptions->errorHandler(2, 'pg_connect(): U...', 'C:\\xampp\\htdocs...', 78)
#1 C:\xampp\htdocs\OPDClinic\system\Database\Postgre\Connection.php(78): pg_connect('host=db-postgre...')
#2 C:\xampp\htdocs\OPDClinic\system\Database\BaseConnection.php(421): CodeIgniter\Database\Postgre\Connection->connect(false)
#3 C:\xampp\htdocs\OPDClinic\system\Database\BaseConnection.php(604): CodeIgniter\Database\BaseConnection->initialize()
#4 C:\xampp\htdocs\OPDClinic\system\Database\BaseBuilder.php(1629): CodeIgniter\Database\BaseConnection->query('SELECT "tbl_app...', Array, false)
#5 C:\xampp\htdocs\OPDClinic\app\Controllers\Home.php(999): CodeIgniter\Database\BaseBuilder->get()
#6 C:\xampp\htdocs\OPDClinic\system\CodeIgniter.php(933): App\Controllers\Home->getCancelledAppointments()
#7 C:\xampp\htdocs\OPDClinic\system\CodeIgniter.php(509): CodeIgniter\CodeIgniter->runController(Object(App\Controllers\Home))
#8 C:\xampp\htdocs\OPDClinic\system\CodeIgniter.php(355): CodeIgniter\CodeIgniter->handleRequest(NULL, Object(Config\Cache), false)
#9 C:\xampp\htdocs\OPDClinic\system\Boot.php(312): CodeIgniter\CodeIgniter->run()
#10 C:\xampp\htdocs\OPDClinic\system\Boot.php(67): CodeIgniter\Boot::runCodeIgniter(Object(CodeIgniter\CodeIgniter))
#11 C:\xampp\htdocs\OPDClinic\index.php(56): CodeIgniter\Boot::bootWeb(Object(Config\Paths))
#12 {main}
CRITICAL - 2024-11-13 07:23:04 --> CodeIgniter\Database\Exceptions\DatabaseException: Unable to connect to the database.
Main connection [Postgre]: pg_connect(): Unable to connect to PostgreSQL server: FATAL:  remaining connection slots are reserved for roles with the SUPERUSER attribute
[Method: GET, Route: get_cancelled_appointments]
in SYSTEMPATH\Database\BaseConnection.php on line 457.
 1 SYSTEMPATH\Database\BaseConnection.php(604): CodeIgniter\Database\BaseConnection->initialize()
 2 SYSTEMPATH\Database\BaseBuilder.php(1629): CodeIgniter\Database\BaseConnection->query('SELECT "tbl_appointment".*, "tbl_slots"."slots_time" AS "slot_time", "tbl_branch"."branch_name" AS "branch_name", "tbl_register"."name" AS "consultant_name", "tbl_section"."section_name" AS "section_name"
FROM "tbl_appointment"
LEFT JOIN "tbl_slots" ON CAST(tbl_appointment.slot AS INTEGER) = tbl_slots.id
LEFT JOIN "tbl_branch" ON "tbl_appointment"."branch" = "tbl_branch"."id"
LEFT JOIN "tbl_register" ON "tbl_appointment"."consultant" = "tbl_register"."id"
LEFT JOIN "tbl_section" ON "tbl_appointment"."section" = "tbl_section"."id"
WHERE "tbl_appointment"."appointment_status" = :tbl_appointment.appointment_status:', [...], false)
 3 APPPATH\Controllers\Home.php(999): CodeIgniter\Database\BaseBuilder->get()
 4 SYSTEMPATH\CodeIgniter.php(933): App\Controllers\Home->getCancelledAppointments()
 5 SYSTEMPATH\CodeIgniter.php(509): CodeIgniter\CodeIgniter->runController(Object(App\Controllers\Home))
 6 SYSTEMPATH\CodeIgniter.php(355): CodeIgniter\CodeIgniter->handleRequest(null, Object(Config\Cache), false)
 7 SYSTEMPATH\Boot.php(312): CodeIgniter\CodeIgniter->run()
 8 SYSTEMPATH\Boot.php(67): CodeIgniter\Boot::runCodeIgniter(Object(CodeIgniter\CodeIgniter))
 9 FCPATH\index.php(56): CodeIgniter\Boot::bootWeb(Object(Config\Paths))
ERROR - 2024-11-13 15:36:38 --> ErrorException: pg_query(): Query failed: ERROR:  null value in column &quot;slots_id&quot; of relation &quot;tbl_booked_slots&quot; violates not-null constraint
DETAIL:  Failing row contains (3, null, 20, B, 11, 2024-11-13, N, 2024-11-13 10:06:37.677769, 3). in C:\xampp\htdocs\OPDClinic\system\Database\Postgre\Connection.php:193
Stack trace:
#0 [internal function]: CodeIgniter\Debug\Exceptions->errorHandler(2, 'pg_query(): Que...', 'C:\\xampp\\htdocs...', 193)
#1 C:\xampp\htdocs\OPDClinic\system\Database\Postgre\Connection.php(193): pg_query(Object(PgSql\Connection), 'INSERT INTO tbl...')
#2 C:\xampp\htdocs\OPDClinic\system\Database\BaseConnection.php(722): CodeIgniter\Database\Postgre\Connection->execute('INSERT INTO tbl...')
#3 C:\xampp\htdocs\OPDClinic\system\Database\BaseConnection.php(636): CodeIgniter\Database\BaseConnection->simpleQuery('INSERT INTO tbl...')
#4 C:\xampp\htdocs\OPDClinic\app\Controllers\Home.php(1180): CodeIgniter\Database\BaseConnection->query('INSERT INTO tbl...', Array)
#5 C:\xampp\htdocs\OPDClinic\system\CodeIgniter.php(933): App\Controllers\Home->submitappointment()
#6 C:\xampp\htdocs\OPDClinic\system\CodeIgniter.php(509): CodeIgniter\CodeIgniter->runController(Object(App\Controllers\Home))
#7 C:\xampp\htdocs\OPDClinic\system\CodeIgniter.php(355): CodeIgniter\CodeIgniter->handleRequest(NULL, Object(Config\Cache), false)
#8 C:\xampp\htdocs\OPDClinic\system\Boot.php(312): CodeIgniter\CodeIgniter->run()
#9 C:\xampp\htdocs\OPDClinic\system\Boot.php(67): CodeIgniter\Boot::runCodeIgniter(Object(CodeIgniter\CodeIgniter))
#10 C:\xampp\htdocs\OPDClinic\index.php(56): CodeIgniter\Boot::bootWeb(Object(Config\Paths))
#11 {main}
ERROR - 2024-11-13 15:38:04 --> ErrorException: pg_query(): Query failed: ERROR:  null value in column &quot;slots_id&quot; of relation &quot;tbl_booked_slots&quot; violates not-null constraint
DETAIL:  Failing row contains (4, null, 20, B, 11, 2024-11-13, N, 2024-11-13 10:08:04.671101, 4). in C:\xampp\htdocs\OPDClinic\system\Database\Postgre\Connection.php:193
Stack trace:
#0 [internal function]: CodeIgniter\Debug\Exceptions->errorHandler(2, 'pg_query(): Que...', 'C:\\xampp\\htdocs...', 193)
#1 C:\xampp\htdocs\OPDClinic\system\Database\Postgre\Connection.php(193): pg_query(Object(PgSql\Connection), 'INSERT INTO tbl...')
#2 C:\xampp\htdocs\OPDClinic\system\Database\BaseConnection.php(722): CodeIgniter\Database\Postgre\Connection->execute('INSERT INTO tbl...')
#3 C:\xampp\htdocs\OPDClinic\system\Database\BaseConnection.php(636): CodeIgniter\Database\BaseConnection->simpleQuery('INSERT INTO tbl...')
#4 C:\xampp\htdocs\OPDClinic\app\Controllers\Home.php(1180): CodeIgniter\Database\BaseConnection->query('INSERT INTO tbl...', Array)
#5 C:\xampp\htdocs\OPDClinic\system\CodeIgniter.php(933): App\Controllers\Home->submitappointment()
#6 C:\xampp\htdocs\OPDClinic\system\CodeIgniter.php(509): CodeIgniter\CodeIgniter->runController(Object(App\Controllers\Home))
#7 C:\xampp\htdocs\OPDClinic\system\CodeIgniter.php(355): CodeIgniter\CodeIgniter->handleRequest(NULL, Object(Config\Cache), false)
#8 C:\xampp\htdocs\OPDClinic\system\Boot.php(312): CodeIgniter\CodeIgniter->run()
#9 C:\xampp\htdocs\OPDClinic\system\Boot.php(67): CodeIgniter\Boot::runCodeIgniter(Object(CodeIgniter\CodeIgniter))
#10 C:\xampp\htdocs\OPDClinic\index.php(56): CodeIgniter\Boot::bootWeb(Object(Config\Paths))
#11 {main}
ERROR - 2024-11-13 11:29:02 --> Error connecting to the database: ErrorException: pg_connect(): Unable to connect to PostgreSQL server: FATAL:  remaining connection slots are reserved for roles with the SUPERUSER attribute in C:\xampp\htdocs\OPDClinic\system\Database\Postgre\Connection.php:78
Stack trace:
#0 [internal function]: CodeIgniter\Debug\Exceptions->errorHandler(2, 'pg_connect(): U...', 'C:\\xampp\\htdocs...', 78)
#1 C:\xampp\htdocs\OPDClinic\system\Database\Postgre\Connection.php(78): pg_connect('host=db-postgre...')
#2 C:\xampp\htdocs\OPDClinic\system\Database\BaseConnection.php(421): CodeIgniter\Database\Postgre\Connection->connect(false)
#3 C:\xampp\htdocs\OPDClinic\system\Database\BaseConnection.php(604): CodeIgniter\Database\BaseConnection->initialize()
#4 C:\xampp\htdocs\OPDClinic\system\Database\BaseBuilder.php(1629): CodeIgniter\Database\BaseConnection->query('SELECT "tbl_app...', Array, false)
#5 C:\xampp\htdocs\OPDClinic\app\Controllers\Home.php(969): CodeIgniter\Database\BaseBuilder->get()
#6 C:\xampp\htdocs\OPDClinic\system\CodeIgniter.php(933): App\Controllers\Home->getConductedAppointments()
#7 C:\xampp\htdocs\OPDClinic\system\CodeIgniter.php(509): CodeIgniter\CodeIgniter->runController(Object(App\Controllers\Home))
#8 C:\xampp\htdocs\OPDClinic\system\CodeIgniter.php(355): CodeIgniter\CodeIgniter->handleRequest(NULL, Object(Config\Cache), false)
#9 C:\xampp\htdocs\OPDClinic\system\Boot.php(312): CodeIgniter\CodeIgniter->run()
#10 C:\xampp\htdocs\OPDClinic\system\Boot.php(67): CodeIgniter\Boot::runCodeIgniter(Object(CodeIgniter\CodeIgniter))
#11 C:\xampp\htdocs\OPDClinic\index.php(56): CodeIgniter\Boot::bootWeb(Object(Config\Paths))
#12 {main}
CRITICAL - 2024-11-13 11:29:02 --> CodeIgniter\Database\Exceptions\DatabaseException: Unable to connect to the database.
Main connection [Postgre]: pg_connect(): Unable to connect to PostgreSQL server: FATAL:  remaining connection slots are reserved for roles with the SUPERUSER attribute
[Method: GET, Route: get_conducted_appointments]
in SYSTEMPATH\Database\BaseConnection.php on line 457.
 1 SYSTEMPATH\Database\BaseConnection.php(604): CodeIgniter\Database\BaseConnection->initialize()
 2 SYSTEMPATH\Database\BaseBuilder.php(1629): CodeIgniter\Database\BaseConnection->query('SELECT "tbl_appointment".*, "tbl_slots"."slots_time" AS "slot_time", "tbl_branch"."branch_name" AS "branch_name", "tbl_register"."name" AS "consultant_name", "tbl_section"."section_name" AS "section_name"
FROM "tbl_appointment"
LEFT JOIN "tbl_slots" ON CAST(tbl_appointment.slot AS INTEGER) = tbl_slots.id
LEFT JOIN "tbl_branch" ON "tbl_appointment"."branch" = "tbl_branch"."id"
LEFT JOIN "tbl_register" ON "tbl_appointment"."consultant" = "tbl_register"."id"
LEFT JOIN "tbl_section" ON "tbl_appointment"."section" = "tbl_section"."id"
WHERE "tbl_appointment"."appointment_status" = :tbl_appointment.appointment_status:', [...], false)
 3 APPPATH\Controllers\Home.php(969): CodeIgniter\Database\BaseBuilder->get()
 4 SYSTEMPATH\CodeIgniter.php(933): App\Controllers\Home->getConductedAppointments()
 5 SYSTEMPATH\CodeIgniter.php(509): CodeIgniter\CodeIgniter->runController(Object(App\Controllers\Home))
 6 SYSTEMPATH\CodeIgniter.php(355): CodeIgniter\CodeIgniter->handleRequest(null, Object(Config\Cache), false)
 7 SYSTEMPATH\Boot.php(312): CodeIgniter\CodeIgniter->run()
 8 SYSTEMPATH\Boot.php(67): CodeIgniter\Boot::runCodeIgniter(Object(CodeIgniter\CodeIgniter))
 9 FCPATH\index.php(56): CodeIgniter\Boot::bootWeb(Object(Config\Paths))
ERROR - 2024-11-13 11:29:02 --> Error connecting to the database: ErrorException: pg_connect(): Unable to connect to PostgreSQL server: FATAL:  remaining connection slots are reserved for roles with the SUPERUSER attribute in C:\xampp\htdocs\OPDClinic\system\Database\Postgre\Connection.php:78
Stack trace:
#0 [internal function]: CodeIgniter\Debug\Exceptions->errorHandler(2, 'pg_connect(): U...', 'C:\\xampp\\htdocs...', 78)
#1 C:\xampp\htdocs\OPDClinic\system\Database\Postgre\Connection.php(78): pg_connect('host=db-postgre...')
#2 C:\xampp\htdocs\OPDClinic\system\Database\BaseConnection.php(421): CodeIgniter\Database\Postgre\Connection->connect(false)
#3 C:\xampp\htdocs\OPDClinic\system\Database\BaseConnection.php(604): CodeIgniter\Database\BaseConnection->initialize()
#4 C:\xampp\htdocs\OPDClinic\system\Database\BaseBuilder.php(1629): CodeIgniter\Database\BaseConnection->query('SELECT "tbl_app...', Array, false)
#5 C:\xampp\htdocs\OPDClinic\app\Controllers\Home.php(786): CodeIgniter\Database\BaseBuilder->get()
#6 C:\xampp\htdocs\OPDClinic\system\CodeIgniter.php(933): App\Controllers\Home->get_todays_appointment_data('tbl_appointment')
#7 C:\xampp\htdocs\OPDClinic\system\CodeIgniter.php(509): CodeIgniter\CodeIgniter->runController(Object(App\Controllers\Home))
#8 C:\xampp\htdocs\OPDClinic\system\CodeIgniter.php(355): CodeIgniter\CodeIgniter->handleRequest(NULL, Object(Config\Cache), false)
#9 C:\xampp\htdocs\OPDClinic\system\Boot.php(312): CodeIgniter\CodeIgniter->run()
#10 C:\xampp\htdocs\OPDClinic\system\Boot.php(67): CodeIgniter\Boot::runCodeIgniter(Object(CodeIgniter\CodeIgniter))
#11 C:\xampp\htdocs\OPDClinic\index.php(56): CodeIgniter\Boot::bootWeb(Object(Config\Paths))
#12 {main}
CRITICAL - 2024-11-13 11:29:02 --> CodeIgniter\Database\Exceptions\DatabaseException: Unable to connect to the database.
Main connection [Postgre]: pg_connect(): Unable to connect to PostgreSQL server: FATAL:  remaining connection slots are reserved for roles with the SUPERUSER attribute
[Method: GET, Route: get_todays_appointment_data/tbl_appointment]
in SYSTEMPATH\Database\BaseConnection.php on line 457.
 1 SYSTEMPATH\Database\BaseConnection.php(604): CodeIgniter\Database\BaseConnection->initialize()
 2 SYSTEMPATH\Database\BaseBuilder.php(1629): CodeIgniter\Database\BaseConnection->query('SELECT "tbl_appointment".*, "tbl_consultants"."name" AS "cname", "tbl_branch"."branch_name" AS "branch_name", "tbl_slots"."slots_time" AS "slots_time", "tbl_slots"."day_name" AS "day_name", "tbl_section"."section_name" AS "section_name"
FROM "tbl_appointment"
LEFT JOIN "tbl_consultants" ON "tbl_consultants"."id" = "tbl_appointment"."consultant"
LEFT JOIN "tbl_branch" ON "tbl_branch"."id" = "tbl_appointment"."branch"
LEFT JOIN "tbl_slots" ON "tbl_slots"."id" = CAST(tbl_appointment.slot AS INTEGER)
LEFT JOIN "tbl_section" ON "tbl_section"."id" = "tbl_appointment"."section"
WHERE "tbl_appointment"."is_deleted" = :tbl_appointment.is_deleted:
AND CAST(tbl_appointment.dates AS DATE) = :CAST(tbl_appointment.dates AS DATE):', [...], false)
 3 APPPATH\Controllers\Home.php(786): CodeIgniter\Database\BaseBuilder->get()
 4 SYSTEMPATH\CodeIgniter.php(933): App\Controllers\Home->get_todays_appointment_data('tbl_appointment')
 5 SYSTEMPATH\CodeIgniter.php(509): CodeIgniter\CodeIgniter->runController(Object(App\Controllers\Home))
 6 SYSTEMPATH\CodeIgniter.php(355): CodeIgniter\CodeIgniter->handleRequest(null, Object(Config\Cache), false)
 7 SYSTEMPATH\Boot.php(312): CodeIgniter\CodeIgniter->run()
 8 SYSTEMPATH\Boot.php(67): CodeIgniter\Boot::runCodeIgniter(Object(CodeIgniter\CodeIgniter))
 9 FCPATH\index.php(56): CodeIgniter\Boot::bootWeb(Object(Config\Paths))
ERROR - 2024-11-13 11:29:02 --> Error connecting to the database: ErrorException: pg_connect(): Unable to connect to PostgreSQL server: FATAL:  remaining connection slots are reserved for roles with the SUPERUSER attribute in C:\xampp\htdocs\OPDClinic\system\Database\Postgre\Connection.php:78
Stack trace:
#0 [internal function]: CodeIgniter\Debug\Exceptions->errorHandler(2, 'pg_connect(): U...', 'C:\\xampp\\htdocs...', 78)
#1 C:\xampp\htdocs\OPDClinic\system\Database\Postgre\Connection.php(78): pg_connect('host=db-postgre...')
#2 C:\xampp\htdocs\OPDClinic\system\Database\BaseConnection.php(421): CodeIgniter\Database\Postgre\Connection->connect(false)
#3 C:\xampp\htdocs\OPDClinic\system\Database\BaseConnection.php(604): CodeIgniter\Database\BaseConnection->initialize()
#4 C:\xampp\htdocs\OPDClinic\system\Database\BaseBuilder.php(1629): CodeIgniter\Database\BaseConnection->query('SELECT "tbl_app...', Array, false)
#5 C:\xampp\htdocs\OPDClinic\app\Controllers\Home.php(1046): CodeIgniter\Database\BaseBuilder->get()
#6 C:\xampp\htdocs\OPDClinic\system\CodeIgniter.php(933): App\Controllers\Home->getCancelledAppointments()
#7 C:\xampp\htdocs\OPDClinic\system\CodeIgniter.php(509): CodeIgniter\CodeIgniter->runController(Object(App\Controllers\Home))
#8 C:\xampp\htdocs\OPDClinic\system\CodeIgniter.php(355): CodeIgniter\CodeIgniter->handleRequest(NULL, Object(Config\Cache), false)
#9 C:\xampp\htdocs\OPDClinic\system\Boot.php(312): CodeIgniter\CodeIgniter->run()
#10 C:\xampp\htdocs\OPDClinic\system\Boot.php(67): CodeIgniter\Boot::runCodeIgniter(Object(CodeIgniter\CodeIgniter))
#11 C:\xampp\htdocs\OPDClinic\index.php(56): CodeIgniter\Boot::bootWeb(Object(Config\Paths))
#12 {main}
CRITICAL - 2024-11-13 11:29:02 --> CodeIgniter\Database\Exceptions\DatabaseException: Unable to connect to the database.
Main connection [Postgre]: pg_connect(): Unable to connect to PostgreSQL server: FATAL:  remaining connection slots are reserved for roles with the SUPERUSER attribute
[Method: GET, Route: get_cancelled_appointments]
in SYSTEMPATH\Database\BaseConnection.php on line 457.
 1 SYSTEMPATH\Database\BaseConnection.php(604): CodeIgniter\Database\BaseConnection->initialize()
 2 SYSTEMPATH\Database\BaseBuilder.php(1629): CodeIgniter\Database\BaseConnection->query('SELECT "tbl_appointment".*, "tbl_slots"."slots_time" AS "slot_time", "tbl_branch"."branch_name" AS "branch_name", "tbl_register"."name" AS "consultant_name", "tbl_section"."section_name" AS "section_name"
FROM "tbl_appointment"
LEFT JOIN "tbl_slots" ON CAST(tbl_appointment.slot AS INTEGER) = tbl_slots.id
LEFT JOIN "tbl_branch" ON "tbl_appointment"."branch" = "tbl_branch"."id"
LEFT JOIN "tbl_register" ON "tbl_appointment"."consultant" = "tbl_register"."id"
LEFT JOIN "tbl_section" ON "tbl_appointment"."section" = "tbl_section"."id"
WHERE "tbl_appointment"."appointment_status" = :tbl_appointment.appointment_status:', [...], false)
 3 APPPATH\Controllers\Home.php(1046): CodeIgniter\Database\BaseBuilder->get()
 4 SYSTEMPATH\CodeIgniter.php(933): App\Controllers\Home->getCancelledAppointments()
 5 SYSTEMPATH\CodeIgniter.php(509): CodeIgniter\CodeIgniter->runController(Object(App\Controllers\Home))
 6 SYSTEMPATH\CodeIgniter.php(355): CodeIgniter\CodeIgniter->handleRequest(null, Object(Config\Cache), false)
 7 SYSTEMPATH\Boot.php(312): CodeIgniter\CodeIgniter->run()
 8 SYSTEMPATH\Boot.php(67): CodeIgniter\Boot::runCodeIgniter(Object(CodeIgniter\CodeIgniter))
 9 FCPATH\index.php(56): CodeIgniter\Boot::bootWeb(Object(Config\Paths))
ERROR - 2024-11-13 11:34:57 --> Error connecting to the database: ErrorException: pg_connect(): Unable to connect to PostgreSQL server: FATAL:  remaining connection slots are reserved for roles with the SUPERUSER attribute in C:\xampp\htdocs\OPDClinic\system\Database\Postgre\Connection.php:78
Stack trace:
#0 [internal function]: CodeIgniter\Debug\Exceptions->errorHandler(2, 'pg_connect(): U...', 'C:\\xampp\\htdocs...', 78)
#1 C:\xampp\htdocs\OPDClinic\system\Database\Postgre\Connection.php(78): pg_connect('host=db-postgre...')
#2 C:\xampp\htdocs\OPDClinic\system\Database\BaseConnection.php(421): CodeIgniter\Database\Postgre\Connection->connect(false)
#3 C:\xampp\htdocs\OPDClinic\system\Database\BaseConnection.php(604): CodeIgniter\Database\BaseConnection->initialize()
#4 C:\xampp\htdocs\OPDClinic\system\Database\BaseBuilder.php(1629): CodeIgniter\Database\BaseConnection->query('SELECT "tbl_app...', Array, false)
#5 C:\xampp\htdocs\OPDClinic\app\Controllers\Home.php(786): CodeIgniter\Database\BaseBuilder->get()
#6 C:\xampp\htdocs\OPDClinic\system\CodeIgniter.php(933): App\Controllers\Home->get_todays_appointment_data('tbl_appointment')
#7 C:\xampp\htdocs\OPDClinic\system\CodeIgniter.php(509): CodeIgniter\CodeIgniter->runController(Object(App\Controllers\Home))
#8 C:\xampp\htdocs\OPDClinic\system\CodeIgniter.php(355): CodeIgniter\CodeIgniter->handleRequest(NULL, Object(Config\Cache), false)
#9 C:\xampp\htdocs\OPDClinic\system\Boot.php(312): CodeIgniter\CodeIgniter->run()
#10 C:\xampp\htdocs\OPDClinic\system\Boot.php(67): CodeIgniter\Boot::runCodeIgniter(Object(CodeIgniter\CodeIgniter))
#11 C:\xampp\htdocs\OPDClinic\index.php(56): CodeIgniter\Boot::bootWeb(Object(Config\Paths))
#12 {main}
CRITICAL - 2024-11-13 11:34:57 --> CodeIgniter\Database\Exceptions\DatabaseException: Unable to connect to the database.
Main connection [Postgre]: pg_connect(): Unable to connect to PostgreSQL server: FATAL:  remaining connection slots are reserved for roles with the SUPERUSER attribute
[Method: GET, Route: get_todays_appointment_data/tbl_appointment]
in SYSTEMPATH\Database\BaseConnection.php on line 457.
 1 SYSTEMPATH\Database\BaseConnection.php(604): CodeIgniter\Database\BaseConnection->initialize()
 2 SYSTEMPATH\Database\BaseBuilder.php(1629): CodeIgniter\Database\BaseConnection->query('SELECT "tbl_appointment".*, "tbl_consultants"."name" AS "cname", "tbl_branch"."branch_name" AS "branch_name", "tbl_slots"."slots_time" AS "slots_time", "tbl_slots"."day_name" AS "day_name", "tbl_section"."section_name" AS "section_name"
FROM "tbl_appointment"
LEFT JOIN "tbl_consultants" ON "tbl_consultants"."id" = "tbl_appointment"."consultant"
LEFT JOIN "tbl_branch" ON "tbl_branch"."id" = "tbl_appointment"."branch"
LEFT JOIN "tbl_slots" ON "tbl_slots"."id" = CAST(tbl_appointment.slot AS INTEGER)
LEFT JOIN "tbl_section" ON "tbl_section"."id" = "tbl_appointment"."section"
WHERE "tbl_appointment"."is_deleted" = :tbl_appointment.is_deleted:
AND CAST(tbl_appointment.dates AS DATE) = :CAST(tbl_appointment.dates AS DATE):', [...], false)
 3 APPPATH\Controllers\Home.php(786): CodeIgniter\Database\BaseBuilder->get()
 4 SYSTEMPATH\CodeIgniter.php(933): App\Controllers\Home->get_todays_appointment_data('tbl_appointment')
 5 SYSTEMPATH\CodeIgniter.php(509): CodeIgniter\CodeIgniter->runController(Object(App\Controllers\Home))
 6 SYSTEMPATH\CodeIgniter.php(355): CodeIgniter\CodeIgniter->handleRequest(null, Object(Config\Cache), false)
 7 SYSTEMPATH\Boot.php(312): CodeIgniter\CodeIgniter->run()
 8 SYSTEMPATH\Boot.php(67): CodeIgniter\Boot::runCodeIgniter(Object(CodeIgniter\CodeIgniter))
 9 FCPATH\index.php(56): CodeIgniter\Boot::bootWeb(Object(Config\Paths))
ERROR - 2024-11-13 11:36:49 --> Error connecting to the database: ErrorException: pg_connect(): Unable to connect to PostgreSQL server: FATAL:  remaining connection slots are reserved for roles with the SUPERUSER attribute in C:\xampp\htdocs\OPDClinic\system\Database\Postgre\Connection.php:78
Stack trace:
#0 [internal function]: CodeIgniter\Debug\Exceptions->errorHandler(2, 'pg_connect(): U...', 'C:\\xampp\\htdocs...', 78)
#1 C:\xampp\htdocs\OPDClinic\system\Database\Postgre\Connection.php(78): pg_connect('host=db-postgre...')
#2 C:\xampp\htdocs\OPDClinic\system\Database\BaseConnection.php(421): CodeIgniter\Database\Postgre\Connection->connect(false)
#3 C:\xampp\htdocs\OPDClinic\system\Database\BaseConnection.php(604): CodeIgniter\Database\BaseConnection->initialize()
#4 C:\xampp\htdocs\OPDClinic\system\Database\BaseBuilder.php(1629): CodeIgniter\Database\BaseConnection->query('SELECT "tbl_app...', Array, false)
#5 C:\xampp\htdocs\OPDClinic\app\Controllers\Home.php(1046): CodeIgniter\Database\BaseBuilder->get()
#6 C:\xampp\htdocs\OPDClinic\system\CodeIgniter.php(933): App\Controllers\Home->getCancelledAppointments()
#7 C:\xampp\htdocs\OPDClinic\system\CodeIgniter.php(509): CodeIgniter\CodeIgniter->runController(Object(App\Controllers\Home))
#8 C:\xampp\htdocs\OPDClinic\system\CodeIgniter.php(355): CodeIgniter\CodeIgniter->handleRequest(NULL, Object(Config\Cache), false)
#9 C:\xampp\htdocs\OPDClinic\system\Boot.php(312): CodeIgniter\CodeIgniter->run()
#10 C:\xampp\htdocs\OPDClinic\system\Boot.php(67): CodeIgniter\Boot::runCodeIgniter(Object(CodeIgniter\CodeIgniter))
#11 C:\xampp\htdocs\OPDClinic\index.php(56): CodeIgniter\Boot::bootWeb(Object(Config\Paths))
#12 {main}
CRITICAL - 2024-11-13 11:36:49 --> CodeIgniter\Database\Exceptions\DatabaseException: Unable to connect to the database.
Main connection [Postgre]: pg_connect(): Unable to connect to PostgreSQL server: FATAL:  remaining connection slots are reserved for roles with the SUPERUSER attribute
[Method: GET, Route: get_cancelled_appointments]
in SYSTEMPATH\Database\BaseConnection.php on line 457.
 1 SYSTEMPATH\Database\BaseConnection.php(604): CodeIgniter\Database\BaseConnection->initialize()
 2 SYSTEMPATH\Database\BaseBuilder.php(1629): CodeIgniter\Database\BaseConnection->query('SELECT "tbl_appointment".*, "tbl_slots"."slots_time" AS "slot_time", "tbl_branch"."branch_name" AS "branch_name", "tbl_register"."name" AS "consultant_name", "tbl_section"."section_name" AS "section_name"
FROM "tbl_appointment"
LEFT JOIN "tbl_slots" ON CAST(tbl_appointment.slot AS INTEGER) = tbl_slots.id
LEFT JOIN "tbl_branch" ON "tbl_appointment"."branch" = "tbl_branch"."id"
LEFT JOIN "tbl_register" ON "tbl_appointment"."consultant" = "tbl_register"."id"
LEFT JOIN "tbl_section" ON "tbl_appointment"."section" = "tbl_section"."id"
WHERE "tbl_appointment"."appointment_status" = :tbl_appointment.appointment_status:', [...], false)
 3 APPPATH\Controllers\Home.php(1046): CodeIgniter\Database\BaseBuilder->get()
 4 SYSTEMPATH\CodeIgniter.php(933): App\Controllers\Home->getCancelledAppointments()
 5 SYSTEMPATH\CodeIgniter.php(509): CodeIgniter\CodeIgniter->runController(Object(App\Controllers\Home))
 6 SYSTEMPATH\CodeIgniter.php(355): CodeIgniter\CodeIgniter->handleRequest(null, Object(Config\Cache), false)
 7 SYSTEMPATH\Boot.php(312): CodeIgniter\CodeIgniter->run()
 8 SYSTEMPATH\Boot.php(67): CodeIgniter\Boot::runCodeIgniter(Object(CodeIgniter\CodeIgniter))
 9 FCPATH\index.php(56): CodeIgniter\Boot::bootWeb(Object(Config\Paths))
ERROR - 2024-11-13 11:37:02 --> ErrorException: pg_query(): Query failed: ERROR:  column &quot;doctor_id&quot; does not exist
LINE 4: AND &quot;doctor_id&quot; = 1
            ^ in C:\xampp\htdocs\OPDClinic\system\Database\Postgre\Connection.php:193
Stack trace:
#0 [internal function]: CodeIgniter\Debug\Exceptions->errorHandler(2, 'pg_query(): Que...', 'C:\\xampp\\htdocs...', 193)
#1 C:\xampp\htdocs\OPDClinic\system\Database\Postgre\Connection.php(193): pg_query(Object(PgSql\Connection), 'SELECT *\nFROM "...')
#2 C:\xampp\htdocs\OPDClinic\system\Database\BaseConnection.php(722): CodeIgniter\Database\Postgre\Connection->execute('SELECT *\nFROM "...')
#3 C:\xampp\htdocs\OPDClinic\system\Database\BaseConnection.php(636): CodeIgniter\Database\BaseConnection->simpleQuery('SELECT *\nFROM "...')
#4 C:\xampp\htdocs\OPDClinic\system\Database\BaseBuilder.php(1629): CodeIgniter\Database\BaseConnection->query('SELECT *\nFROM "...', Array, false)
#5 C:\xampp\htdocs\OPDClinic\app\Controllers\Home.php(522): CodeIgniter\Database\BaseBuilder->get()
#6 C:\xampp\htdocs\OPDClinic\system\CodeIgniter.php(933): App\Controllers\Home->getFilteredAppointments('tbl_appointment')
#7 C:\xampp\htdocs\OPDClinic\system\CodeIgniter.php(509): CodeIgniter\CodeIgniter->runController(Object(App\Controllers\Home))
#8 C:\xampp\htdocs\OPDClinic\system\CodeIgniter.php(355): CodeIgniter\CodeIgniter->handleRequest(NULL, Object(Config\Cache), false)
#9 C:\xampp\htdocs\OPDClinic\system\Boot.php(312): CodeIgniter\CodeIgniter->run()
#10 C:\xampp\htdocs\OPDClinic\system\Boot.php(67): CodeIgniter\Boot::runCodeIgniter(Object(CodeIgniter\CodeIgniter))
#11 C:\xampp\htdocs\OPDClinic\index.php(56): CodeIgniter\Boot::bootWeb(Object(Config\Paths))
#12 {main}
CRITICAL - 2024-11-13 11:37:02 --> CodeIgniter\Database\Exceptions\DatabaseException: pg_query(): Query failed: ERROR:  column &quot;doctor_id&quot; does not exist
LINE 4: AND &quot;doctor_id&quot; = 1
            ^
[Method: POST, Route: get_filtered_appointments/tbl_appointment]
in SYSTEMPATH\Database\BaseConnection.php on line 676.
 1 SYSTEMPATH\Database\BaseBuilder.php(1629): CodeIgniter\Database\BaseConnection->query('SELECT *
FROM "tbl_appointment"
WHERE "is_deleted" = :is_deleted:
AND "doctor_id" = :doctor_id:
AND "branch_id" = :branch_id:', [...], false)
 2 APPPATH\Controllers\Home.php(522): CodeIgniter\Database\BaseBuilder->get()
 3 SYSTEMPATH\CodeIgniter.php(933): App\Controllers\Home->getFilteredAppointments('tbl_appointment')
 4 SYSTEMPATH\CodeIgniter.php(509): CodeIgniter\CodeIgniter->runController(Object(App\Controllers\Home))
 5 SYSTEMPATH\CodeIgniter.php(355): CodeIgniter\CodeIgniter->handleRequest(null, Object(Config\Cache), false)
 6 SYSTEMPATH\Boot.php(312): CodeIgniter\CodeIgniter->run()
 7 SYSTEMPATH\Boot.php(67): CodeIgniter\Boot::runCodeIgniter(Object(CodeIgniter\CodeIgniter))
 8 FCPATH\index.php(56): CodeIgniter\Boot::bootWeb(Object(Config\Paths))
CRITICAL - 2024-11-13 11:37:02 --> [Caused by] CodeIgniter\Database\Exceptions\DatabaseException: pg_query(): Query failed: ERROR:  column &quot;doctor_id&quot; does not exist
LINE 4: AND &quot;doctor_id&quot; = 1
            ^
in SYSTEMPATH\Database\Postgre\Connection.php on line 198.
 1 SYSTEMPATH\Database\BaseConnection.php(722): CodeIgniter\Database\Postgre\Connection->execute('SELECT *
FROM "tbl_appointment"
WHERE "is_deleted" = \'N\'
AND "doctor_id" = 1
AND "branch_id" = 12')
 2 SYSTEMPATH\Database\BaseConnection.php(636): CodeIgniter\Database\BaseConnection->simpleQuery('SELECT *
FROM "tbl_appointment"
WHERE "is_deleted" = \'N\'
AND "doctor_id" = 1
AND "branch_id" = 12')
 3 SYSTEMPATH\Database\BaseBuilder.php(1629): CodeIgniter\Database\BaseConnection->query('SELECT *
FROM "tbl_appointment"
WHERE "is_deleted" = :is_deleted:
AND "doctor_id" = :doctor_id:
AND "branch_id" = :branch_id:', [...], false)
 4 APPPATH\Controllers\Home.php(522): CodeIgniter\Database\BaseBuilder->get()
 5 SYSTEMPATH\CodeIgniter.php(933): App\Controllers\Home->getFilteredAppointments('tbl_appointment')
 6 SYSTEMPATH\CodeIgniter.php(509): CodeIgniter\CodeIgniter->runController(Object(App\Controllers\Home))
 7 SYSTEMPATH\CodeIgniter.php(355): CodeIgniter\CodeIgniter->handleRequest(null, Object(Config\Cache), false)
 8 SYSTEMPATH\Boot.php(312): CodeIgniter\CodeIgniter->run()
 9 SYSTEMPATH\Boot.php(67): CodeIgniter\Boot::runCodeIgniter(Object(CodeIgniter\CodeIgniter))
10 FCPATH\index.php(56): CodeIgniter\Boot::bootWeb(Object(Config\Paths))
CRITICAL - 2024-11-13 11:37:02 --> [Caused by] ErrorException: pg_query(): Query failed: ERROR:  column &quot;doctor_id&quot; does not exist
LINE 4: AND &quot;doctor_id&quot; = 1
            ^
in SYSTEMPATH\Database\Postgre\Connection.php on line 193.
 1 [internal function]: CodeIgniter\Debug\Exceptions->errorHandler(2, 'pg_query(): Query failed: ERROR:  column &quot;doctor_id&quot; does not exist
LINE 4: AND &quot;doctor_id&quot; = 1
            ^', 'C:\\xampp\\htdocs\\OPDClinic\\system\\Database\\Postgre\\Connection.php', 193)
 2 SYSTEMPATH\Database\Postgre\Connection.php(193): pg_query(Object(PgSql\Connection), 'SELECT *
FROM "tbl_appointment"
WHERE "is_deleted" = \'N\'
AND "doctor_id" = 1
AND "branch_id" = 12')
 3 SYSTEMPATH\Database\BaseConnection.php(722): CodeIgniter\Database\Postgre\Connection->execute('SELECT *
FROM "tbl_appointment"
WHERE "is_deleted" = \'N\'
AND "doctor_id" = 1
AND "branch_id" = 12')
 4 SYSTEMPATH\Database\BaseConnection.php(636): CodeIgniter\Database\BaseConnection->simpleQuery('SELECT *
FROM "tbl_appointment"
WHERE "is_deleted" = \'N\'
AND "doctor_id" = 1
AND "branch_id" = 12')
 5 SYSTEMPATH\Database\BaseBuilder.php(1629): CodeIgniter\Database\BaseConnection->query('SELECT *
FROM "tbl_appointment"
WHERE "is_deleted" = :is_deleted:
AND "doctor_id" = :doctor_id:
AND "branch_id" = :branch_id:', [...], false)
 6 APPPATH\Controllers\Home.php(522): CodeIgniter\Database\BaseBuilder->get()
 7 SYSTEMPATH\CodeIgniter.php(933): App\Controllers\Home->getFilteredAppointments('tbl_appointment')
 8 SYSTEMPATH\CodeIgniter.php(509): CodeIgniter\CodeIgniter->runController(Object(App\Controllers\Home))
 9 SYSTEMPATH\CodeIgniter.php(355): CodeIgniter\CodeIgniter->handleRequest(null, Object(Config\Cache), false)
10 SYSTEMPATH\Boot.php(312): CodeIgniter\CodeIgniter->run()
11 SYSTEMPATH\Boot.php(67): CodeIgniter\Boot::runCodeIgniter(Object(CodeIgniter\CodeIgniter))
12 FCPATH\index.php(56): CodeIgniter\Boot::bootWeb(Object(Config\Paths))
ERROR - 2024-11-13 11:38:32 --> Error connecting to the database: ErrorException: pg_connect(): Unable to connect to PostgreSQL server: FATAL:  remaining connection slots are reserved for roles with the SUPERUSER attribute in C:\xampp\htdocs\OPDClinic\system\Database\Postgre\Connection.php:78
Stack trace:
#0 [internal function]: CodeIgniter\Debug\Exceptions->errorHandler(2, 'pg_connect(): U...', 'C:\\xampp\\htdocs...', 78)
#1 C:\xampp\htdocs\OPDClinic\system\Database\Postgre\Connection.php(78): pg_connect('host=db-postgre...')
#2 C:\xampp\htdocs\OPDClinic\system\Database\BaseConnection.php(421): CodeIgniter\Database\Postgre\Connection->connect(false)
#3 C:\xampp\htdocs\OPDClinic\system\Database\BaseConnection.php(604): CodeIgniter\Database\BaseConnection->initialize()
#4 C:\xampp\htdocs\OPDClinic\system\Database\BaseBuilder.php(1629): CodeIgniter\Database\BaseConnection->query('SELECT "tbl_app...', Array, false)
#5 C:\xampp\htdocs\OPDClinic\app\Controllers\Home.php(786): CodeIgniter\Database\BaseBuilder->get()
#6 C:\xampp\htdocs\OPDClinic\system\CodeIgniter.php(933): App\Controllers\Home->get_todays_appointment_data('tbl_appointment')
#7 C:\xampp\htdocs\OPDClinic\system\CodeIgniter.php(509): CodeIgniter\CodeIgniter->runController(Object(App\Controllers\Home))
#8 C:\xampp\htdocs\OPDClinic\system\CodeIgniter.php(355): CodeIgniter\CodeIgniter->handleRequest(NULL, Object(Config\Cache), false)
#9 C:\xampp\htdocs\OPDClinic\system\Boot.php(312): CodeIgniter\CodeIgniter->run()
#10 C:\xampp\htdocs\OPDClinic\system\Boot.php(67): CodeIgniter\Boot::runCodeIgniter(Object(CodeIgniter\CodeIgniter))
#11 C:\xampp\htdocs\OPDClinic\index.php(56): CodeIgniter\Boot::bootWeb(Object(Config\Paths))
#12 {main}
CRITICAL - 2024-11-13 11:38:32 --> CodeIgniter\Database\Exceptions\DatabaseException: Unable to connect to the database.
Main connection [Postgre]: pg_connect(): Unable to connect to PostgreSQL server: FATAL:  remaining connection slots are reserved for roles with the SUPERUSER attribute
[Method: GET, Route: get_todays_appointment_data/tbl_appointment]
in SYSTEMPATH\Database\BaseConnection.php on line 457.
 1 SYSTEMPATH\Database\BaseConnection.php(604): CodeIgniter\Database\BaseConnection->initialize()
 2 SYSTEMPATH\Database\BaseBuilder.php(1629): CodeIgniter\Database\BaseConnection->query('SELECT "tbl_appointment".*, "tbl_consultants"."name" AS "cname", "tbl_branch"."branch_name" AS "branch_name", "tbl_slots"."slots_time" AS "slots_time", "tbl_slots"."day_name" AS "day_name", "tbl_section"."section_name" AS "section_name"
FROM "tbl_appointment"
LEFT JOIN "tbl_consultants" ON "tbl_consultants"."id" = "tbl_appointment"."consultant"
LEFT JOIN "tbl_branch" ON "tbl_branch"."id" = "tbl_appointment"."branch"
LEFT JOIN "tbl_slots" ON "tbl_slots"."id" = CAST(tbl_appointment.slot AS INTEGER)
LEFT JOIN "tbl_section" ON "tbl_section"."id" = "tbl_appointment"."section"
WHERE "tbl_appointment"."is_deleted" = :tbl_appointment.is_deleted:
AND CAST(tbl_appointment.dates AS DATE) = :CAST(tbl_appointment.dates AS DATE):', [...], false)
 3 APPPATH\Controllers\Home.php(786): CodeIgniter\Database\BaseBuilder->get()
 4 SYSTEMPATH\CodeIgniter.php(933): App\Controllers\Home->get_todays_appointment_data('tbl_appointment')
 5 SYSTEMPATH\CodeIgniter.php(509): CodeIgniter\CodeIgniter->runController(Object(App\Controllers\Home))
 6 SYSTEMPATH\CodeIgniter.php(355): CodeIgniter\CodeIgniter->handleRequest(null, Object(Config\Cache), false)
 7 SYSTEMPATH\Boot.php(312): CodeIgniter\CodeIgniter->run()
 8 SYSTEMPATH\Boot.php(67): CodeIgniter\Boot::runCodeIgniter(Object(CodeIgniter\CodeIgniter))
 9 FCPATH\index.php(56): CodeIgniter\Boot::bootWeb(Object(Config\Paths))
ERROR - 2024-11-13 11:38:43 --> Error connecting to the database: ErrorException: pg_connect(): Unable to connect to PostgreSQL server: FATAL:  remaining connection slots are reserved for roles with the SUPERUSER attribute in C:\xampp\htdocs\OPDClinic\system\Database\Postgre\Connection.php:78
Stack trace:
#0 [internal function]: CodeIgniter\Debug\Exceptions->errorHandler(2, 'pg_connect(): U...', 'C:\\xampp\\htdocs...', 78)
#1 C:\xampp\htdocs\OPDClinic\system\Database\Postgre\Connection.php(78): pg_connect('host=db-postgre...')
#2 C:\xampp\htdocs\OPDClinic\system\Database\BaseConnection.php(421): CodeIgniter\Database\Postgre\Connection->connect(false)
#3 C:\xampp\htdocs\OPDClinic\system\Database\BaseConnection.php(604): CodeIgniter\Database\BaseConnection->initialize()
#4 C:\xampp\htdocs\OPDClinic\system\Database\BaseBuilder.php(1629): CodeIgniter\Database\BaseConnection->query('SELECT "tbl_app...', Array, false)
#5 C:\xampp\htdocs\OPDClinic\app\Controllers\Home.php(1046): CodeIgniter\Database\BaseBuilder->get()
#6 C:\xampp\htdocs\OPDClinic\system\CodeIgniter.php(933): App\Controllers\Home->getCancelledAppointments()
#7 C:\xampp\htdocs\OPDClinic\system\CodeIgniter.php(509): CodeIgniter\CodeIgniter->runController(Object(App\Controllers\Home))
#8 C:\xampp\htdocs\OPDClinic\system\CodeIgniter.php(355): CodeIgniter\CodeIgniter->handleRequest(NULL, Object(Config\Cache), false)
#9 C:\xampp\htdocs\OPDClinic\system\Boot.php(312): CodeIgniter\CodeIgniter->run()
#10 C:\xampp\htdocs\OPDClinic\system\Boot.php(67): CodeIgniter\Boot::runCodeIgniter(Object(CodeIgniter\CodeIgniter))
#11 C:\xampp\htdocs\OPDClinic\index.php(56): CodeIgniter\Boot::bootWeb(Object(Config\Paths))
#12 {main}
CRITICAL - 2024-11-13 11:38:43 --> CodeIgniter\Database\Exceptions\DatabaseException: Unable to connect to the database.
Main connection [Postgre]: pg_connect(): Unable to connect to PostgreSQL server: FATAL:  remaining connection slots are reserved for roles with the SUPERUSER attribute
[Method: GET, Route: get_cancelled_appointments]
in SYSTEMPATH\Database\BaseConnection.php on line 457.
 1 SYSTEMPATH\Database\BaseConnection.php(604): CodeIgniter\Database\BaseConnection->initialize()
 2 SYSTEMPATH\Database\BaseBuilder.php(1629): CodeIgniter\Database\BaseConnection->query('SELECT "tbl_appointment".*, "tbl_slots"."slots_time" AS "slot_time", "tbl_branch"."branch_name" AS "branch_name", "tbl_register"."name" AS "consultant_name", "tbl_section"."section_name" AS "section_name"
FROM "tbl_appointment"
LEFT JOIN "tbl_slots" ON CAST(tbl_appointment.slot AS INTEGER) = tbl_slots.id
LEFT JOIN "tbl_branch" ON "tbl_appointment"."branch" = "tbl_branch"."id"
LEFT JOIN "tbl_register" ON "tbl_appointment"."consultant" = "tbl_register"."id"
LEFT JOIN "tbl_section" ON "tbl_appointment"."section" = "tbl_section"."id"
WHERE "tbl_appointment"."appointment_status" = :tbl_appointment.appointment_status:', [...], false)
 3 APPPATH\Controllers\Home.php(1046): CodeIgniter\Database\BaseBuilder->get()
 4 SYSTEMPATH\CodeIgniter.php(933): App\Controllers\Home->getCancelledAppointments()
 5 SYSTEMPATH\CodeIgniter.php(509): CodeIgniter\CodeIgniter->runController(Object(App\Controllers\Home))
 6 SYSTEMPATH\CodeIgniter.php(355): CodeIgniter\CodeIgniter->handleRequest(null, Object(Config\Cache), false)
 7 SYSTEMPATH\Boot.php(312): CodeIgniter\CodeIgniter->run()
 8 SYSTEMPATH\Boot.php(67): CodeIgniter\Boot::runCodeIgniter(Object(CodeIgniter\CodeIgniter))
 9 FCPATH\index.php(56): CodeIgniter\Boot::bootWeb(Object(Config\Paths))
ERROR - 2024-11-13 11:40:25 --> Error connecting to the database: ErrorException: pg_connect(): Unable to connect to PostgreSQL server: FATAL:  remaining connection slots are reserved for roles with the SUPERUSER attribute in C:\xampp\htdocs\OPDClinic\system\Database\Postgre\Connection.php:78
Stack trace:
#0 [internal function]: CodeIgniter\Debug\Exceptions->errorHandler(2, 'pg_connect(): U...', 'C:\\xampp\\htdocs...', 78)
#1 C:\xampp\htdocs\OPDClinic\system\Database\Postgre\Connection.php(78): pg_connect('host=db-postgre...')
#2 C:\xampp\htdocs\OPDClinic\system\Database\BaseConnection.php(421): CodeIgniter\Database\Postgre\Connection->connect(false)
#3 C:\xampp\htdocs\OPDClinic\system\Database\BaseConnection.php(604): CodeIgniter\Database\BaseConnection->initialize()
#4 C:\xampp\htdocs\OPDClinic\system\Database\BaseBuilder.php(1629): CodeIgniter\Database\BaseConnection->query('SELECT "tbl_app...', Array, false)
#5 C:\xampp\htdocs\OPDClinic\app\Controllers\Home.php(1046): CodeIgniter\Database\BaseBuilder->get()
#6 C:\xampp\htdocs\OPDClinic\system\CodeIgniter.php(933): App\Controllers\Home->getCancelledAppointments()
#7 C:\xampp\htdocs\OPDClinic\system\CodeIgniter.php(509): CodeIgniter\CodeIgniter->runController(Object(App\Controllers\Home))
#8 C:\xampp\htdocs\OPDClinic\system\CodeIgniter.php(355): CodeIgniter\CodeIgniter->handleRequest(NULL, Object(Config\Cache), false)
#9 C:\xampp\htdocs\OPDClinic\system\Boot.php(312): CodeIgniter\CodeIgniter->run()
#10 C:\xampp\htdocs\OPDClinic\system\Boot.php(67): CodeIgniter\Boot::runCodeIgniter(Object(CodeIgniter\CodeIgniter))
#11 C:\xampp\htdocs\OPDClinic\index.php(56): CodeIgniter\Boot::bootWeb(Object(Config\Paths))
#12 {main}
CRITICAL - 2024-11-13 11:40:25 --> CodeIgniter\Database\Exceptions\DatabaseException: Unable to connect to the database.
Main connection [Postgre]: pg_connect(): Unable to connect to PostgreSQL server: FATAL:  remaining connection slots are reserved for roles with the SUPERUSER attribute
[Method: GET, Route: get_cancelled_appointments]
in SYSTEMPATH\Database\BaseConnection.php on line 457.
 1 SYSTEMPATH\Database\BaseConnection.php(604): CodeIgniter\Database\BaseConnection->initialize()
 2 SYSTEMPATH\Database\BaseBuilder.php(1629): CodeIgniter\Database\BaseConnection->query('SELECT "tbl_appointment".*, "tbl_slots"."slots_time" AS "slot_time", "tbl_branch"."branch_name" AS "branch_name", "tbl_register"."name" AS "consultant_name", "tbl_section"."section_name" AS "section_name"
FROM "tbl_appointment"
LEFT JOIN "tbl_slots" ON CAST(tbl_appointment.slot AS INTEGER) = tbl_slots.id
LEFT JOIN "tbl_branch" ON "tbl_appointment"."branch" = "tbl_branch"."id"
LEFT JOIN "tbl_register" ON "tbl_appointment"."consultant" = "tbl_register"."id"
LEFT JOIN "tbl_section" ON "tbl_appointment"."section" = "tbl_section"."id"
WHERE "tbl_appointment"."appointment_status" = :tbl_appointment.appointment_status:', [...], false)
 3 APPPATH\Controllers\Home.php(1046): CodeIgniter\Database\BaseBuilder->get()
 4 SYSTEMPATH\CodeIgniter.php(933): App\Controllers\Home->getCancelledAppointments()
 5 SYSTEMPATH\CodeIgniter.php(509): CodeIgniter\CodeIgniter->runController(Object(App\Controllers\Home))
 6 SYSTEMPATH\CodeIgniter.php(355): CodeIgniter\CodeIgniter->handleRequest(null, Object(Config\Cache), false)
 7 SYSTEMPATH\Boot.php(312): CodeIgniter\CodeIgniter->run()
 8 SYSTEMPATH\Boot.php(67): CodeIgniter\Boot::runCodeIgniter(Object(CodeIgniter\CodeIgniter))
 9 FCPATH\index.php(56): CodeIgniter\Boot::bootWeb(Object(Config\Paths))
ERROR - 2024-11-13 11:40:25 --> Error connecting to the database: ErrorException: pg_connect(): Unable to connect to PostgreSQL server: FATAL:  remaining connection slots are reserved for roles with the SUPERUSER attribute in C:\xampp\htdocs\OPDClinic\system\Database\Postgre\Connection.php:78
Stack trace:
#0 [internal function]: CodeIgniter\Debug\Exceptions->errorHandler(2, 'pg_connect(): U...', 'C:\\xampp\\htdocs...', 78)
#1 C:\xampp\htdocs\OPDClinic\system\Database\Postgre\Connection.php(78): pg_connect('host=db-postgre...')
#2 C:\xampp\htdocs\OPDClinic\system\Database\BaseConnection.php(421): CodeIgniter\Database\Postgre\Connection->connect(false)
#3 C:\xampp\htdocs\OPDClinic\system\Database\BaseConnection.php(604): CodeIgniter\Database\BaseConnection->initialize()
#4 C:\xampp\htdocs\OPDClinic\system\Database\BaseBuilder.php(1629): CodeIgniter\Database\BaseConnection->query('SELECT "tbl_app...', Array, false)
#5 C:\xampp\htdocs\OPDClinic\app\Controllers\Home.php(786): CodeIgniter\Database\BaseBuilder->get()
#6 C:\xampp\htdocs\OPDClinic\system\CodeIgniter.php(933): App\Controllers\Home->get_todays_appointment_data('tbl_appointment')
#7 C:\xampp\htdocs\OPDClinic\system\CodeIgniter.php(509): CodeIgniter\CodeIgniter->runController(Object(App\Controllers\Home))
#8 C:\xampp\htdocs\OPDClinic\system\CodeIgniter.php(355): CodeIgniter\CodeIgniter->handleRequest(NULL, Object(Config\Cache), false)
#9 C:\xampp\htdocs\OPDClinic\system\Boot.php(312): CodeIgniter\CodeIgniter->run()
#10 C:\xampp\htdocs\OPDClinic\system\Boot.php(67): CodeIgniter\Boot::runCodeIgniter(Object(CodeIgniter\CodeIgniter))
#11 C:\xampp\htdocs\OPDClinic\index.php(56): CodeIgniter\Boot::bootWeb(Object(Config\Paths))
#12 {main}
CRITICAL - 2024-11-13 11:40:25 --> CodeIgniter\Database\Exceptions\DatabaseException: Unable to connect to the database.
Main connection [Postgre]: pg_connect(): Unable to connect to PostgreSQL server: FATAL:  remaining connection slots are reserved for roles with the SUPERUSER attribute
[Method: GET, Route: get_todays_appointment_data/tbl_appointment]
in SYSTEMPATH\Database\BaseConnection.php on line 457.
 1 SYSTEMPATH\Database\BaseConnection.php(604): CodeIgniter\Database\BaseConnection->initialize()
 2 SYSTEMPATH\Database\BaseBuilder.php(1629): CodeIgniter\Database\BaseConnection->query('SELECT "tbl_appointment".*, "tbl_consultants"."name" AS "cname", "tbl_branch"."branch_name" AS "branch_name", "tbl_slots"."slots_time" AS "slots_time", "tbl_slots"."day_name" AS "day_name", "tbl_section"."section_name" AS "section_name"
FROM "tbl_appointment"
LEFT JOIN "tbl_consultants" ON "tbl_consultants"."id" = "tbl_appointment"."consultant"
LEFT JOIN "tbl_branch" ON "tbl_branch"."id" = "tbl_appointment"."branch"
LEFT JOIN "tbl_slots" ON "tbl_slots"."id" = CAST(tbl_appointment.slot AS INTEGER)
LEFT JOIN "tbl_section" ON "tbl_section"."id" = "tbl_appointment"."section"
WHERE "tbl_appointment"."is_deleted" = :tbl_appointment.is_deleted:
AND CAST(tbl_appointment.dates AS DATE) = :CAST(tbl_appointment.dates AS DATE):', [...], false)
 3 APPPATH\Controllers\Home.php(786): CodeIgniter\Database\BaseBuilder->get()
 4 SYSTEMPATH\CodeIgniter.php(933): App\Controllers\Home->get_todays_appointment_data('tbl_appointment')
 5 SYSTEMPATH\CodeIgniter.php(509): CodeIgniter\CodeIgniter->runController(Object(App\Controllers\Home))
 6 SYSTEMPATH\CodeIgniter.php(355): CodeIgniter\CodeIgniter->handleRequest(null, Object(Config\Cache), false)
 7 SYSTEMPATH\Boot.php(312): CodeIgniter\CodeIgniter->run()
 8 SYSTEMPATH\Boot.php(67): CodeIgniter\Boot::runCodeIgniter(Object(CodeIgniter\CodeIgniter))
 9 FCPATH\index.php(56): CodeIgniter\Boot::bootWeb(Object(Config\Paths))
ERROR - 2024-11-13 11:49:40 --> ErrorException: pg_query(): Query failed: ERROR:  column &quot;doctor_id&quot; does not exist
LINE 4: AND &quot;doctor_id&quot; = 1
            ^ in C:\xampp\htdocs\OPDClinic\system\Database\Postgre\Connection.php:193
Stack trace:
#0 [internal function]: CodeIgniter\Debug\Exceptions->errorHandler(2, 'pg_query(): Que...', 'C:\\xampp\\htdocs...', 193)
#1 C:\xampp\htdocs\OPDClinic\system\Database\Postgre\Connection.php(193): pg_query(Object(PgSql\Connection), 'SELECT *\nFROM "...')
#2 C:\xampp\htdocs\OPDClinic\system\Database\BaseConnection.php(722): CodeIgniter\Database\Postgre\Connection->execute('SELECT *\nFROM "...')
#3 C:\xampp\htdocs\OPDClinic\system\Database\BaseConnection.php(636): CodeIgniter\Database\BaseConnection->simpleQuery('SELECT *\nFROM "...')
#4 C:\xampp\htdocs\OPDClinic\system\Database\BaseBuilder.php(1629): CodeIgniter\Database\BaseConnection->query('SELECT *\nFROM "...', Array, false)
#5 C:\xampp\htdocs\OPDClinic\app\Controllers\Home.php(522): CodeIgniter\Database\BaseBuilder->get()
#6 C:\xampp\htdocs\OPDClinic\system\CodeIgniter.php(933): App\Controllers\Home->getFilteredAppointments('tbl_appointment')
#7 C:\xampp\htdocs\OPDClinic\system\CodeIgniter.php(509): CodeIgniter\CodeIgniter->runController(Object(App\Controllers\Home))
#8 C:\xampp\htdocs\OPDClinic\system\CodeIgniter.php(355): CodeIgniter\CodeIgniter->handleRequest(NULL, Object(Config\Cache), false)
#9 C:\xampp\htdocs\OPDClinic\system\Boot.php(312): CodeIgniter\CodeIgniter->run()
#10 C:\xampp\htdocs\OPDClinic\system\Boot.php(67): CodeIgniter\Boot::runCodeIgniter(Object(CodeIgniter\CodeIgniter))
#11 C:\xampp\htdocs\OPDClinic\index.php(56): CodeIgniter\Boot::bootWeb(Object(Config\Paths))
#12 {main}
CRITICAL - 2024-11-13 11:49:40 --> CodeIgniter\Database\Exceptions\DatabaseException: pg_query(): Query failed: ERROR:  column &quot;doctor_id&quot; does not exist
LINE 4: AND &quot;doctor_id&quot; = 1
            ^
[Method: POST, Route: get_filtered_appointments/tbl_appointment]
in SYSTEMPATH\Database\BaseConnection.php on line 676.
 1 SYSTEMPATH\Database\BaseBuilder.php(1629): CodeIgniter\Database\BaseConnection->query('SELECT *
FROM "tbl_appointment"
WHERE "is_deleted" = :is_deleted:
AND "doctor_id" = :doctor_id:
AND "branch_id" = :branch_id:', [...], false)
 2 APPPATH\Controllers\Home.php(522): CodeIgniter\Database\BaseBuilder->get()
 3 SYSTEMPATH\CodeIgniter.php(933): App\Controllers\Home->getFilteredAppointments('tbl_appointment')
 4 SYSTEMPATH\CodeIgniter.php(509): CodeIgniter\CodeIgniter->runController(Object(App\Controllers\Home))
 5 SYSTEMPATH\CodeIgniter.php(355): CodeIgniter\CodeIgniter->handleRequest(null, Object(Config\Cache), false)
 6 SYSTEMPATH\Boot.php(312): CodeIgniter\CodeIgniter->run()
 7 SYSTEMPATH\Boot.php(67): CodeIgniter\Boot::runCodeIgniter(Object(CodeIgniter\CodeIgniter))
 8 FCPATH\index.php(56): CodeIgniter\Boot::bootWeb(Object(Config\Paths))
CRITICAL - 2024-11-13 11:49:40 --> [Caused by] CodeIgniter\Database\Exceptions\DatabaseException: pg_query(): Query failed: ERROR:  column &quot;doctor_id&quot; does not exist
LINE 4: AND &quot;doctor_id&quot; = 1
            ^
in SYSTEMPATH\Database\Postgre\Connection.php on line 198.
 1 SYSTEMPATH\Database\BaseConnection.php(722): CodeIgniter\Database\Postgre\Connection->execute('SELECT *
FROM "tbl_appointment"
WHERE "is_deleted" = \'N\'
AND "doctor_id" = 1
AND "branch_id" = 12')
 2 SYSTEMPATH\Database\BaseConnection.php(636): CodeIgniter\Database\BaseConnection->simpleQuery('SELECT *
FROM "tbl_appointment"
WHERE "is_deleted" = \'N\'
AND "doctor_id" = 1
AND "branch_id" = 12')
 3 SYSTEMPATH\Database\BaseBuilder.php(1629): CodeIgniter\Database\BaseConnection->query('SELECT *
FROM "tbl_appointment"
WHERE "is_deleted" = :is_deleted:
AND "doctor_id" = :doctor_id:
AND "branch_id" = :branch_id:', [...], false)
 4 APPPATH\Controllers\Home.php(522): CodeIgniter\Database\BaseBuilder->get()
 5 SYSTEMPATH\CodeIgniter.php(933): App\Controllers\Home->getFilteredAppointments('tbl_appointment')
 6 SYSTEMPATH\CodeIgniter.php(509): CodeIgniter\CodeIgniter->runController(Object(App\Controllers\Home))
 7 SYSTEMPATH\CodeIgniter.php(355): CodeIgniter\CodeIgniter->handleRequest(null, Object(Config\Cache), false)
 8 SYSTEMPATH\Boot.php(312): CodeIgniter\CodeIgniter->run()
 9 SYSTEMPATH\Boot.php(67): CodeIgniter\Boot::runCodeIgniter(Object(CodeIgniter\CodeIgniter))
10 FCPATH\index.php(56): CodeIgniter\Boot::bootWeb(Object(Config\Paths))
CRITICAL - 2024-11-13 11:49:40 --> [Caused by] ErrorException: pg_query(): Query failed: ERROR:  column &quot;doctor_id&quot; does not exist
LINE 4: AND &quot;doctor_id&quot; = 1
            ^
in SYSTEMPATH\Database\Postgre\Connection.php on line 193.
 1 [internal function]: CodeIgniter\Debug\Exceptions->errorHandler(2, 'pg_query(): Query failed: ERROR:  column &quot;doctor_id&quot; does not exist
LINE 4: AND &quot;doctor_id&quot; = 1
            ^', 'C:\\xampp\\htdocs\\OPDClinic\\system\\Database\\Postgre\\Connection.php', 193)
 2 SYSTEMPATH\Database\Postgre\Connection.php(193): pg_query(Object(PgSql\Connection), 'SELECT *
FROM "tbl_appointment"
WHERE "is_deleted" = \'N\'
AND "doctor_id" = 1
AND "branch_id" = 12')
 3 SYSTEMPATH\Database\BaseConnection.php(722): CodeIgniter\Database\Postgre\Connection->execute('SELECT *
FROM "tbl_appointment"
WHERE "is_deleted" = \'N\'
AND "doctor_id" = 1
AND "branch_id" = 12')
 4 SYSTEMPATH\Database\BaseConnection.php(636): CodeIgniter\Database\BaseConnection->simpleQuery('SELECT *
FROM "tbl_appointment"
WHERE "is_deleted" = \'N\'
AND "doctor_id" = 1
AND "branch_id" = 12')
 5 SYSTEMPATH\Database\BaseBuilder.php(1629): CodeIgniter\Database\BaseConnection->query('SELECT *
FROM "tbl_appointment"
WHERE "is_deleted" = :is_deleted:
AND "doctor_id" = :doctor_id:
AND "branch_id" = :branch_id:', [...], false)
 6 APPPATH\Controllers\Home.php(522): CodeIgniter\Database\BaseBuilder->get()
 7 SYSTEMPATH\CodeIgniter.php(933): App\Controllers\Home->getFilteredAppointments('tbl_appointment')
 8 SYSTEMPATH\CodeIgniter.php(509): CodeIgniter\CodeIgniter->runController(Object(App\Controllers\Home))
 9 SYSTEMPATH\CodeIgniter.php(355): CodeIgniter\CodeIgniter->handleRequest(null, Object(Config\Cache), false)
10 SYSTEMPATH\Boot.php(312): CodeIgniter\CodeIgniter->run()
11 SYSTEMPATH\Boot.php(67): CodeIgniter\Boot::runCodeIgniter(Object(CodeIgniter\CodeIgniter))
12 FCPATH\index.php(56): CodeIgniter\Boot::bootWeb(Object(Config\Paths))
ERROR - 2024-11-13 11:54:55 --> Error connecting to the database: ErrorException: pg_connect(): Unable to connect to PostgreSQL server: FATAL:  remaining connection slots are reserved for roles with the SUPERUSER attribute in C:\xampp\htdocs\OPDClinic\system\Database\Postgre\Connection.php:78
Stack trace:
#0 [internal function]: CodeIgniter\Debug\Exceptions->errorHandler(2, 'pg_connect(): U...', 'C:\\xampp\\htdocs...', 78)
#1 C:\xampp\htdocs\OPDClinic\system\Database\Postgre\Connection.php(78): pg_connect('host=db-postgre...')
#2 C:\xampp\htdocs\OPDClinic\system\Database\BaseConnection.php(421): CodeIgniter\Database\Postgre\Connection->connect(false)
#3 C:\xampp\htdocs\OPDClinic\system\Database\BaseConnection.php(604): CodeIgniter\Database\BaseConnection->initialize()
#4 C:\xampp\htdocs\OPDClinic\system\Database\BaseBuilder.php(1629): CodeIgniter\Database\BaseConnection->query('SELECT "tbl_app...', Array, false)
#5 C:\xampp\htdocs\OPDClinic\app\Controllers\Home.php(786): CodeIgniter\Database\BaseBuilder->get()
#6 C:\xampp\htdocs\OPDClinic\system\CodeIgniter.php(933): App\Controllers\Home->get_todays_appointment_data('tbl_appointment')
#7 C:\xampp\htdocs\OPDClinic\system\CodeIgniter.php(509): CodeIgniter\CodeIgniter->runController(Object(App\Controllers\Home))
#8 C:\xampp\htdocs\OPDClinic\system\CodeIgniter.php(355): CodeIgniter\CodeIgniter->handleRequest(NULL, Object(Config\Cache), false)
#9 C:\xampp\htdocs\OPDClinic\system\Boot.php(312): CodeIgniter\CodeIgniter->run()
#10 C:\xampp\htdocs\OPDClinic\system\Boot.php(67): CodeIgniter\Boot::runCodeIgniter(Object(CodeIgniter\CodeIgniter))
#11 C:\xampp\htdocs\OPDClinic\index.php(56): CodeIgniter\Boot::bootWeb(Object(Config\Paths))
#12 {main}
CRITICAL - 2024-11-13 11:54:55 --> CodeIgniter\Database\Exceptions\DatabaseException: Unable to connect to the database.
Main connection [Postgre]: pg_connect(): Unable to connect to PostgreSQL server: FATAL:  remaining connection slots are reserved for roles with the SUPERUSER attribute
[Method: GET, Route: get_todays_appointment_data/tbl_appointment]
in SYSTEMPATH\Database\BaseConnection.php on line 457.
 1 SYSTEMPATH\Database\BaseConnection.php(604): CodeIgniter\Database\BaseConnection->initialize()
 2 SYSTEMPATH\Database\BaseBuilder.php(1629): CodeIgniter\Database\BaseConnection->query('SELECT "tbl_appointment".*, "tbl_register"."name" AS "cname", "tbl_branch"."branch_name" AS "branch_name", "tbl_slots"."slots_time" AS "slots_time", "tbl_slots"."day_name" AS "day_name", "tbl_section"."section_name" AS "section_name"
FROM "tbl_appointment"
LEFT JOIN "tbl_register" ON "tbl_register"."id" = "tbl_appointment"."consultant"
LEFT JOIN "tbl_branch" ON "tbl_branch"."id" = "tbl_appointment"."branch"
LEFT JOIN "tbl_slots" ON "tbl_slots"."id" = CAST(tbl_appointment.slot AS INTEGER)
LEFT JOIN "tbl_section" ON "tbl_section"."id" = "tbl_appointment"."section"
WHERE "tbl_appointment"."is_deleted" = :tbl_appointment.is_deleted:
AND CAST(tbl_appointment.dates AS DATE) = :CAST(tbl_appointment.dates AS DATE):', [...], false)
 3 APPPATH\Controllers\Home.php(786): CodeIgniter\Database\BaseBuilder->get()
 4 SYSTEMPATH\CodeIgniter.php(933): App\Controllers\Home->get_todays_appointment_data('tbl_appointment')
 5 SYSTEMPATH\CodeIgniter.php(509): CodeIgniter\CodeIgniter->runController(Object(App\Controllers\Home))
 6 SYSTEMPATH\CodeIgniter.php(355): CodeIgniter\CodeIgniter->handleRequest(null, Object(Config\Cache), false)
 7 SYSTEMPATH\Boot.php(312): CodeIgniter\CodeIgniter->run()
 8 SYSTEMPATH\Boot.php(67): CodeIgniter\Boot::runCodeIgniter(Object(CodeIgniter\CodeIgniter))
 9 FCPATH\index.php(56): CodeIgniter\Boot::bootWeb(Object(Config\Paths))
ERROR - 2024-11-13 11:54:59 --> Error connecting to the database: ErrorException: pg_connect(): Unable to connect to PostgreSQL server: FATAL:  remaining connection slots are reserved for roles with the SUPERUSER attribute in C:\xampp\htdocs\OPDClinic\system\Database\Postgre\Connection.php:78
Stack trace:
#0 [internal function]: CodeIgniter\Debug\Exceptions->errorHandler(2, 'pg_connect(): U...', 'C:\\xampp\\htdocs...', 78)
#1 C:\xampp\htdocs\OPDClinic\system\Database\Postgre\Connection.php(78): pg_connect('host=db-postgre...')
#2 C:\xampp\htdocs\OPDClinic\system\Database\BaseConnection.php(421): CodeIgniter\Database\Postgre\Connection->connect(false)
#3 C:\xampp\htdocs\OPDClinic\system\Database\BaseConnection.php(604): CodeIgniter\Database\BaseConnection->initialize()
#4 C:\xampp\htdocs\OPDClinic\system\Database\BaseBuilder.php(1629): CodeIgniter\Database\BaseConnection->query('SELECT "tbl_app...', Array, false)
#5 C:\xampp\htdocs\OPDClinic\app\Controllers\Home.php(995): CodeIgniter\Database\BaseBuilder->get()
#6 C:\xampp\htdocs\OPDClinic\system\CodeIgniter.php(933): App\Controllers\Home->getUpcomingAppointments()
#7 C:\xampp\htdocs\OPDClinic\system\CodeIgniter.php(509): CodeIgniter\CodeIgniter->runController(Object(App\Controllers\Home))
#8 C:\xampp\htdocs\OPDClinic\system\CodeIgniter.php(355): CodeIgniter\CodeIgniter->handleRequest(NULL, Object(Config\Cache), false)
#9 C:\xampp\htdocs\OPDClinic\system\Boot.php(312): CodeIgniter\CodeIgniter->run()
#10 C:\xampp\htdocs\OPDClinic\system\Boot.php(67): CodeIgniter\Boot::runCodeIgniter(Object(CodeIgniter\CodeIgniter))
#11 C:\xampp\htdocs\OPDClinic\index.php(56): CodeIgniter\Boot::bootWeb(Object(Config\Paths))
#12 {main}
CRITICAL - 2024-11-13 11:54:59 --> CodeIgniter\Database\Exceptions\DatabaseException: Unable to connect to the database.
Main connection [Postgre]: pg_connect(): Unable to connect to PostgreSQL server: FATAL:  remaining connection slots are reserved for roles with the SUPERUSER attribute
[Method: GET, Route: get_upcoming_appointments]
in SYSTEMPATH\Database\BaseConnection.php on line 457.
 1 SYSTEMPATH\Database\BaseConnection.php(604): CodeIgniter\Database\BaseConnection->initialize()
 2 SYSTEMPATH\Database\BaseBuilder.php(1629): CodeIgniter\Database\BaseConnection->query('SELECT "tbl_appointment".*, "tbl_slots"."slots_time" AS "slot_time", "tbl_branch"."branch_name" AS "branch_name", "tbl_register"."name" AS "consultant_name", "tbl_section"."section_name" AS "section_name"
FROM "tbl_appointment"
LEFT JOIN "tbl_slots" ON CAST(tbl_appointment.slot AS INTEGER) = tbl_slots.id
LEFT JOIN "tbl_branch" ON "tbl_appointment"."branch" = "tbl_branch"."id"
LEFT JOIN "tbl_register" ON "tbl_appointment"."consultant" = "tbl_register"."id"
LEFT JOIN "tbl_section" ON "tbl_appointment"."section" = "tbl_section"."id"
WHERE "tbl_appointment"."appointment_status" = :tbl_appointment.appointment_status:', [...], false)
 3 APPPATH\Controllers\Home.php(995): CodeIgniter\Database\BaseBuilder->get()
 4 SYSTEMPATH\CodeIgniter.php(933): App\Controllers\Home->getUpcomingAppointments()
 5 SYSTEMPATH\CodeIgniter.php(509): CodeIgniter\CodeIgniter->runController(Object(App\Controllers\Home))
 6 SYSTEMPATH\CodeIgniter.php(355): CodeIgniter\CodeIgniter->handleRequest(null, Object(Config\Cache), false)
 7 SYSTEMPATH\Boot.php(312): CodeIgniter\CodeIgniter->run()
 8 SYSTEMPATH\Boot.php(67): CodeIgniter\Boot::runCodeIgniter(Object(CodeIgniter\CodeIgniter))
 9 FCPATH\index.php(56): CodeIgniter\Boot::bootWeb(Object(Config\Paths))
ERROR - 2024-11-13 12:01:55 --> Error connecting to the database: ErrorException: pg_connect(): Unable to connect to PostgreSQL server: FATAL:  remaining connection slots are reserved for roles with the SUPERUSER attribute in C:\xampp\htdocs\OPDClinic\system\Database\Postgre\Connection.php:78
Stack trace:
#0 [internal function]: CodeIgniter\Debug\Exceptions->errorHandler(2, 'pg_connect(): U...', 'C:\\xampp\\htdocs...', 78)
#1 C:\xampp\htdocs\OPDClinic\system\Database\Postgre\Connection.php(78): pg_connect('host=db-postgre...')
#2 C:\xampp\htdocs\OPDClinic\system\Database\BaseConnection.php(421): CodeIgniter\Database\Postgre\Connection->connect(false)
#3 C:\xampp\htdocs\OPDClinic\system\Database\BaseConnection.php(604): CodeIgniter\Database\BaseConnection->initialize()
#4 C:\xampp\htdocs\OPDClinic\system\Database\BaseBuilder.php(1629): CodeIgniter\Database\BaseConnection->query('SELECT "tbl_app...', Array, false)
#5 C:\xampp\htdocs\OPDClinic\app\Controllers\Home.php(1046): CodeIgniter\Database\BaseBuilder->get()
#6 C:\xampp\htdocs\OPDClinic\system\CodeIgniter.php(933): App\Controllers\Home->getCancelledAppointments()
#7 C:\xampp\htdocs\OPDClinic\system\CodeIgniter.php(509): CodeIgniter\CodeIgniter->runController(Object(App\Controllers\Home))
#8 C:\xampp\htdocs\OPDClinic\system\CodeIgniter.php(355): CodeIgniter\CodeIgniter->handleRequest(NULL, Object(Config\Cache), false)
#9 C:\xampp\htdocs\OPDClinic\system\Boot.php(312): CodeIgniter\CodeIgniter->run()
#10 C:\xampp\htdocs\OPDClinic\system\Boot.php(67): CodeIgniter\Boot::runCodeIgniter(Object(CodeIgniter\CodeIgniter))
#11 C:\xampp\htdocs\OPDClinic\index.php(56): CodeIgniter\Boot::bootWeb(Object(Config\Paths))
#12 {main}
CRITICAL - 2024-11-13 12:01:55 --> CodeIgniter\Database\Exceptions\DatabaseException: Unable to connect to the database.
Main connection [Postgre]: pg_connect(): Unable to connect to PostgreSQL server: FATAL:  remaining connection slots are reserved for roles with the SUPERUSER attribute
[Method: GET, Route: get_cancelled_appointments]
in SYSTEMPATH\Database\BaseConnection.php on line 457.
 1 SYSTEMPATH\Database\BaseConnection.php(604): CodeIgniter\Database\BaseConnection->initialize()
 2 SYSTEMPATH\Database\BaseBuilder.php(1629): CodeIgniter\Database\BaseConnection->query('SELECT "tbl_appointment".*, "tbl_slots"."slots_time" AS "slot_time", "tbl_branch"."branch_name" AS "branch_name", "tbl_register"."name" AS "consultant_name", "tbl_section"."section_name" AS "section_name"
FROM "tbl_appointment"
LEFT JOIN "tbl_slots" ON CAST(tbl_appointment.slot AS INTEGER) = tbl_slots.id
LEFT JOIN "tbl_branch" ON "tbl_appointment"."branch" = "tbl_branch"."id"
LEFT JOIN "tbl_register" ON "tbl_appointment"."consultant" = "tbl_register"."id"
LEFT JOIN "tbl_section" ON "tbl_appointment"."section" = "tbl_section"."id"
WHERE "tbl_appointment"."appointment_status" = :tbl_appointment.appointment_status:', [...], false)
 3 APPPATH\Controllers\Home.php(1046): CodeIgniter\Database\BaseBuilder->get()
 4 SYSTEMPATH\CodeIgniter.php(933): App\Controllers\Home->getCancelledAppointments()
 5 SYSTEMPATH\CodeIgniter.php(509): CodeIgniter\CodeIgniter->runController(Object(App\Controllers\Home))
 6 SYSTEMPATH\CodeIgniter.php(355): CodeIgniter\CodeIgniter->handleRequest(null, Object(Config\Cache), false)
 7 SYSTEMPATH\Boot.php(312): CodeIgniter\CodeIgniter->run()
 8 SYSTEMPATH\Boot.php(67): CodeIgniter\Boot::runCodeIgniter(Object(CodeIgniter\CodeIgniter))
 9 FCPATH\index.php(56): CodeIgniter\Boot::bootWeb(Object(Config\Paths))
ERROR - 2024-11-13 12:01:55 --> Error connecting to the database: ErrorException: pg_connect(): Unable to connect to PostgreSQL server: FATAL:  remaining connection slots are reserved for roles with the SUPERUSER attribute in C:\xampp\htdocs\OPDClinic\system\Database\Postgre\Connection.php:78
Stack trace:
#0 [internal function]: CodeIgniter\Debug\Exceptions->errorHandler(2, 'pg_connect(): U...', 'C:\\xampp\\htdocs...', 78)
#1 C:\xampp\htdocs\OPDClinic\system\Database\Postgre\Connection.php(78): pg_connect('host=db-postgre...')
#2 C:\xampp\htdocs\OPDClinic\system\Database\BaseConnection.php(421): CodeIgniter\Database\Postgre\Connection->connect(false)
#3 C:\xampp\htdocs\OPDClinic\system\Database\BaseConnection.php(604): CodeIgniter\Database\BaseConnection->initialize()
#4 C:\xampp\htdocs\OPDClinic\system\Database\BaseBuilder.php(1629): CodeIgniter\Database\BaseConnection->query('SELECT "tbl_app...', Array, false)
#5 C:\xampp\htdocs\OPDClinic\app\Controllers\Home.php(786): CodeIgniter\Database\BaseBuilder->get()
#6 C:\xampp\htdocs\OPDClinic\system\CodeIgniter.php(933): App\Controllers\Home->get_todays_appointment_data('tbl_appointment')
#7 C:\xampp\htdocs\OPDClinic\system\CodeIgniter.php(509): CodeIgniter\CodeIgniter->runController(Object(App\Controllers\Home))
#8 C:\xampp\htdocs\OPDClinic\system\CodeIgniter.php(355): CodeIgniter\CodeIgniter->handleRequest(NULL, Object(Config\Cache), false)
#9 C:\xampp\htdocs\OPDClinic\system\Boot.php(312): CodeIgniter\CodeIgniter->run()
#10 C:\xampp\htdocs\OPDClinic\system\Boot.php(67): CodeIgniter\Boot::runCodeIgniter(Object(CodeIgniter\CodeIgniter))
#11 C:\xampp\htdocs\OPDClinic\index.php(56): CodeIgniter\Boot::bootWeb(Object(Config\Paths))
#12 {main}
CRITICAL - 2024-11-13 12:01:55 --> CodeIgniter\Database\Exceptions\DatabaseException: Unable to connect to the database.
Main connection [Postgre]: pg_connect(): Unable to connect to PostgreSQL server: FATAL:  remaining connection slots are reserved for roles with the SUPERUSER attribute
[Method: GET, Route: get_todays_appointment_data/tbl_appointment]
in SYSTEMPATH\Database\BaseConnection.php on line 457.
 1 SYSTEMPATH\Database\BaseConnection.php(604): CodeIgniter\Database\BaseConnection->initialize()
 2 SYSTEMPATH\Database\BaseBuilder.php(1629): CodeIgniter\Database\BaseConnection->query('SELECT "tbl_appointment".*, "tbl_register"."name" AS "cname", "tbl_branch"."branch_name" AS "branch_name", "tbl_slots"."slots_time" AS "slots_time", "tbl_slots"."day_name" AS "day_name", "tbl_section"."section_name" AS "section_name"
FROM "tbl_appointment"
LEFT JOIN "tbl_register" ON "tbl_register"."id" = "tbl_appointment"."consultant"
LEFT JOIN "tbl_branch" ON "tbl_branch"."id" = "tbl_appointment"."branch"
LEFT JOIN "tbl_slots" ON "tbl_slots"."id" = CAST(tbl_appointment.slot AS INTEGER)
LEFT JOIN "tbl_section" ON "tbl_section"."id" = "tbl_appointment"."section"
WHERE "tbl_appointment"."is_deleted" = :tbl_appointment.is_deleted:
AND CAST(tbl_appointment.dates AS DATE) = :CAST(tbl_appointment.dates AS DATE):', [...], false)
 3 APPPATH\Controllers\Home.php(786): CodeIgniter\Database\BaseBuilder->get()
 4 SYSTEMPATH\CodeIgniter.php(933): App\Controllers\Home->get_todays_appointment_data('tbl_appointment')
 5 SYSTEMPATH\CodeIgniter.php(509): CodeIgniter\CodeIgniter->runController(Object(App\Controllers\Home))
 6 SYSTEMPATH\CodeIgniter.php(355): CodeIgniter\CodeIgniter->handleRequest(null, Object(Config\Cache), false)
 7 SYSTEMPATH\Boot.php(312): CodeIgniter\CodeIgniter->run()
 8 SYSTEMPATH\Boot.php(67): CodeIgniter\Boot::runCodeIgniter(Object(CodeIgniter\CodeIgniter))
 9 FCPATH\index.php(56): CodeIgniter\Boot::bootWeb(Object(Config\Paths))
ERROR - 2024-11-13 12:01:55 --> Error connecting to the database: ErrorException: pg_connect(): Unable to connect to PostgreSQL server: FATAL:  remaining connection slots are reserved for roles with the SUPERUSER attribute in C:\xampp\htdocs\OPDClinic\system\Database\Postgre\Connection.php:78
Stack trace:
#0 [internal function]: CodeIgniter\Debug\Exceptions->errorHandler(2, 'pg_connect(): U...', 'C:\\xampp\\htdocs...', 78)
#1 C:\xampp\htdocs\OPDClinic\system\Database\Postgre\Connection.php(78): pg_connect('host=db-postgre...')
#2 C:\xampp\htdocs\OPDClinic\system\Database\BaseConnection.php(421): CodeIgniter\Database\Postgre\Connection->connect(false)
#3 C:\xampp\htdocs\OPDClinic\system\Database\BaseConnection.php(604): CodeIgniter\Database\BaseConnection->initialize()
#4 C:\xampp\htdocs\OPDClinic\system\Database\BaseBuilder.php(1629): CodeIgniter\Database\BaseConnection->query('SELECT "tbl_app...', Array, false)
#5 C:\xampp\htdocs\OPDClinic\app\Controllers\Home.php(969): CodeIgniter\Database\BaseBuilder->get()
#6 C:\xampp\htdocs\OPDClinic\system\CodeIgniter.php(933): App\Controllers\Home->getConductedAppointments()
#7 C:\xampp\htdocs\OPDClinic\system\CodeIgniter.php(509): CodeIgniter\CodeIgniter->runController(Object(App\Controllers\Home))
#8 C:\xampp\htdocs\OPDClinic\system\CodeIgniter.php(355): CodeIgniter\CodeIgniter->handleRequest(NULL, Object(Config\Cache), false)
#9 C:\xampp\htdocs\OPDClinic\system\Boot.php(312): CodeIgniter\CodeIgniter->run()
#10 C:\xampp\htdocs\OPDClinic\system\Boot.php(67): CodeIgniter\Boot::runCodeIgniter(Object(CodeIgniter\CodeIgniter))
#11 C:\xampp\htdocs\OPDClinic\index.php(56): CodeIgniter\Boot::bootWeb(Object(Config\Paths))
#12 {main}
CRITICAL - 2024-11-13 12:01:55 --> CodeIgniter\Database\Exceptions\DatabaseException: Unable to connect to the database.
Main connection [Postgre]: pg_connect(): Unable to connect to PostgreSQL server: FATAL:  remaining connection slots are reserved for roles with the SUPERUSER attribute
[Method: GET, Route: get_conducted_appointments]
in SYSTEMPATH\Database\BaseConnection.php on line 457.
 1 SYSTEMPATH\Database\BaseConnection.php(604): CodeIgniter\Database\BaseConnection->initialize()
 2 SYSTEMPATH\Database\BaseBuilder.php(1629): CodeIgniter\Database\BaseConnection->query('SELECT "tbl_appointment".*, "tbl_slots"."slots_time" AS "slot_time", "tbl_branch"."branch_name" AS "branch_name", "tbl_register"."name" AS "consultant_name", "tbl_section"."section_name" AS "section_name"
FROM "tbl_appointment"
LEFT JOIN "tbl_slots" ON CAST(tbl_appointment.slot AS INTEGER) = tbl_slots.id
LEFT JOIN "tbl_branch" ON "tbl_appointment"."branch" = "tbl_branch"."id"
LEFT JOIN "tbl_register" ON "tbl_appointment"."consultant" = "tbl_register"."id"
LEFT JOIN "tbl_section" ON "tbl_appointment"."section" = "tbl_section"."id"
WHERE "tbl_appointment"."appointment_status" = :tbl_appointment.appointment_status:', [...], false)
 3 APPPATH\Controllers\Home.php(969): CodeIgniter\Database\BaseBuilder->get()
 4 SYSTEMPATH\CodeIgniter.php(933): App\Controllers\Home->getConductedAppointments()
 5 SYSTEMPATH\CodeIgniter.php(509): CodeIgniter\CodeIgniter->runController(Object(App\Controllers\Home))
 6 SYSTEMPATH\CodeIgniter.php(355): CodeIgniter\CodeIgniter->handleRequest(null, Object(Config\Cache), false)
 7 SYSTEMPATH\Boot.php(312): CodeIgniter\CodeIgniter->run()
 8 SYSTEMPATH\Boot.php(67): CodeIgniter\Boot::runCodeIgniter(Object(CodeIgniter\CodeIgniter))
 9 FCPATH\index.php(56): CodeIgniter\Boot::bootWeb(Object(Config\Paths))
ERROR - 2024-11-13 12:01:55 --> Error connecting to the database: ErrorException: pg_connect(): Unable to connect to PostgreSQL server: FATAL:  remaining connection slots are reserved for roles with the SUPERUSER attribute in C:\xampp\htdocs\OPDClinic\system\Database\Postgre\Connection.php:78
Stack trace:
#0 [internal function]: CodeIgniter\Debug\Exceptions->errorHandler(2, 'pg_connect(): U...', 'C:\\xampp\\htdocs...', 78)
#1 C:\xampp\htdocs\OPDClinic\system\Database\Postgre\Connection.php(78): pg_connect('host=db-postgre...')
#2 C:\xampp\htdocs\OPDClinic\system\Database\BaseConnection.php(421): CodeIgniter\Database\Postgre\Connection->connect(false)
#3 C:\xampp\htdocs\OPDClinic\system\Database\BaseConnection.php(604): CodeIgniter\Database\BaseConnection->initialize()
#4 C:\xampp\htdocs\OPDClinic\system\Database\BaseBuilder.php(1629): CodeIgniter\Database\BaseConnection->query('SELECT "tbl_app...', Array, false)
#5 C:\xampp\htdocs\OPDClinic\app\Controllers\Home.php(786): CodeIgniter\Database\BaseBuilder->get()
#6 C:\xampp\htdocs\OPDClinic\system\CodeIgniter.php(933): App\Controllers\Home->get_todays_appointment_data('tbl_appointment')
#7 C:\xampp\htdocs\OPDClinic\system\CodeIgniter.php(509): CodeIgniter\CodeIgniter->runController(Object(App\Controllers\Home))
#8 C:\xampp\htdocs\OPDClinic\system\CodeIgniter.php(355): CodeIgniter\CodeIgniter->handleRequest(NULL, Object(Config\Cache), false)
#9 C:\xampp\htdocs\OPDClinic\system\Boot.php(312): CodeIgniter\CodeIgniter->run()
#10 C:\xampp\htdocs\OPDClinic\system\Boot.php(67): CodeIgniter\Boot::runCodeIgniter(Object(CodeIgniter\CodeIgniter))
#11 C:\xampp\htdocs\OPDClinic\index.php(56): CodeIgniter\Boot::bootWeb(Object(Config\Paths))
#12 {main}
CRITICAL - 2024-11-13 12:01:55 --> CodeIgniter\Database\Exceptions\DatabaseException: Unable to connect to the database.
Main connection [Postgre]: pg_connect(): Unable to connect to PostgreSQL server: FATAL:  remaining connection slots are reserved for roles with the SUPERUSER attribute
[Method: GET, Route: get_todays_appointment_data/tbl_appointment]
in SYSTEMPATH\Database\BaseConnection.php on line 457.
 1 SYSTEMPATH\Database\BaseConnection.php(604): CodeIgniter\Database\BaseConnection->initialize()
 2 SYSTEMPATH\Database\BaseBuilder.php(1629): CodeIgniter\Database\BaseConnection->query('SELECT "tbl_appointment".*, "tbl_register"."name" AS "cname", "tbl_branch"."branch_name" AS "branch_name", "tbl_slots"."slots_time" AS "slots_time", "tbl_slots"."day_name" AS "day_name", "tbl_section"."section_name" AS "section_name"
FROM "tbl_appointment"
LEFT JOIN "tbl_register" ON "tbl_register"."id" = "tbl_appointment"."consultant"
LEFT JOIN "tbl_branch" ON "tbl_branch"."id" = "tbl_appointment"."branch"
LEFT JOIN "tbl_slots" ON "tbl_slots"."id" = CAST(tbl_appointment.slot AS INTEGER)
LEFT JOIN "tbl_section" ON "tbl_section"."id" = "tbl_appointment"."section"
WHERE "tbl_appointment"."is_deleted" = :tbl_appointment.is_deleted:
AND CAST(tbl_appointment.dates AS DATE) = :CAST(tbl_appointment.dates AS DATE):', [...], false)
 3 APPPATH\Controllers\Home.php(786): CodeIgniter\Database\BaseBuilder->get()
 4 SYSTEMPATH\CodeIgniter.php(933): App\Controllers\Home->get_todays_appointment_data('tbl_appointment')
 5 SYSTEMPATH\CodeIgniter.php(509): CodeIgniter\CodeIgniter->runController(Object(App\Controllers\Home))
 6 SYSTEMPATH\CodeIgniter.php(355): CodeIgniter\CodeIgniter->handleRequest(null, Object(Config\Cache), false)
 7 SYSTEMPATH\Boot.php(312): CodeIgniter\CodeIgniter->run()
 8 SYSTEMPATH\Boot.php(67): CodeIgniter\Boot::runCodeIgniter(Object(CodeIgniter\CodeIgniter))
 9 FCPATH\index.php(56): CodeIgniter\Boot::bootWeb(Object(Config\Paths))
ERROR - 2024-11-13 12:01:55 --> Error connecting to the database: ErrorException: pg_connect(): Unable to connect to PostgreSQL server: FATAL:  remaining connection slots are reserved for roles with the SUPERUSER attribute in C:\xampp\htdocs\OPDClinic\system\Database\Postgre\Connection.php:78
Stack trace:
#0 [internal function]: CodeIgniter\Debug\Exceptions->errorHandler(2, 'pg_connect(): U...', 'C:\\xampp\\htdocs...', 78)
#1 C:\xampp\htdocs\OPDClinic\system\Database\Postgre\Connection.php(78): pg_connect('host=db-postgre...')
#2 C:\xampp\htdocs\OPDClinic\system\Database\BaseConnection.php(421): CodeIgniter\Database\Postgre\Connection->connect(false)
#3 C:\xampp\htdocs\OPDClinic\system\Database\BaseConnection.php(604): CodeIgniter\Database\BaseConnection->initialize()
#4 C:\xampp\htdocs\OPDClinic\system\Database\BaseBuilder.php(1629): CodeIgniter\Database\BaseConnection->query('SELECT "tbl_app...', Array, false)
#5 C:\xampp\htdocs\OPDClinic\app\Controllers\Home.php(995): CodeIgniter\Database\BaseBuilder->get()
#6 C:\xampp\htdocs\OPDClinic\system\CodeIgniter.php(933): App\Controllers\Home->getUpcomingAppointments()
#7 C:\xampp\htdocs\OPDClinic\system\CodeIgniter.php(509): CodeIgniter\CodeIgniter->runController(Object(App\Controllers\Home))
#8 C:\xampp\htdocs\OPDClinic\system\CodeIgniter.php(355): CodeIgniter\CodeIgniter->handleRequest(NULL, Object(Config\Cache), false)
#9 C:\xampp\htdocs\OPDClinic\system\Boot.php(312): CodeIgniter\CodeIgniter->run()
#10 C:\xampp\htdocs\OPDClinic\system\Boot.php(67): CodeIgniter\Boot::runCodeIgniter(Object(CodeIgniter\CodeIgniter))
#11 C:\xampp\htdocs\OPDClinic\index.php(56): CodeIgniter\Boot::bootWeb(Object(Config\Paths))
#12 {main}
CRITICAL - 2024-11-13 12:01:55 --> CodeIgniter\Database\Exceptions\DatabaseException: Unable to connect to the database.
Main connection [Postgre]: pg_connect(): Unable to connect to PostgreSQL server: FATAL:  remaining connection slots are reserved for roles with the SUPERUSER attribute
[Method: GET, Route: get_upcoming_appointments]
in SYSTEMPATH\Database\BaseConnection.php on line 457.
 1 SYSTEMPATH\Database\BaseConnection.php(604): CodeIgniter\Database\BaseConnection->initialize()
 2 SYSTEMPATH\Database\BaseBuilder.php(1629): CodeIgniter\Database\BaseConnection->query('SELECT "tbl_appointment".*, "tbl_slots"."slots_time" AS "slot_time", "tbl_branch"."branch_name" AS "branch_name", "tbl_register"."name" AS "consultant_name", "tbl_section"."section_name" AS "section_name"
FROM "tbl_appointment"
LEFT JOIN "tbl_slots" ON CAST(tbl_appointment.slot AS INTEGER) = tbl_slots.id
LEFT JOIN "tbl_branch" ON "tbl_appointment"."branch" = "tbl_branch"."id"
LEFT JOIN "tbl_register" ON "tbl_appointment"."consultant" = "tbl_register"."id"
LEFT JOIN "tbl_section" ON "tbl_appointment"."section" = "tbl_section"."id"
WHERE "tbl_appointment"."appointment_status" = :tbl_appointment.appointment_status:', [...], false)
 3 APPPATH\Controllers\Home.php(995): CodeIgniter\Database\BaseBuilder->get()
 4 SYSTEMPATH\CodeIgniter.php(933): App\Controllers\Home->getUpcomingAppointments()
 5 SYSTEMPATH\CodeIgniter.php(509): CodeIgniter\CodeIgniter->runController(Object(App\Controllers\Home))
 6 SYSTEMPATH\CodeIgniter.php(355): CodeIgniter\CodeIgniter->handleRequest(null, Object(Config\Cache), false)
 7 SYSTEMPATH\Boot.php(312): CodeIgniter\CodeIgniter->run()
 8 SYSTEMPATH\Boot.php(67): CodeIgniter\Boot::runCodeIgniter(Object(CodeIgniter\CodeIgniter))
 9 FCPATH\index.php(56): CodeIgniter\Boot::bootWeb(Object(Config\Paths))
ERROR - 2024-11-13 12:01:55 --> Error connecting to the database: ErrorException: pg_connect(): Unable to connect to PostgreSQL server: FATAL:  remaining connection slots are reserved for roles with the SUPERUSER attribute in C:\xampp\htdocs\OPDClinic\system\Database\Postgre\Connection.php:78
Stack trace:
#0 [internal function]: CodeIgniter\Debug\Exceptions->errorHandler(2, 'pg_connect(): U...', 'C:\\xampp\\htdocs...', 78)
#1 C:\xampp\htdocs\OPDClinic\system\Database\Postgre\Connection.php(78): pg_connect('host=db-postgre...')
#2 C:\xampp\htdocs\OPDClinic\system\Database\BaseConnection.php(421): CodeIgniter\Database\Postgre\Connection->connect(false)
#3 C:\xampp\htdocs\OPDClinic\system\Database\BaseConnection.php(604): CodeIgniter\Database\BaseConnection->initialize()
#4 C:\xampp\htdocs\OPDClinic\system\Database\BaseBuilder.php(1629): CodeIgniter\Database\BaseConnection->query('SELECT "tbl_app...', Array, false)
#5 C:\xampp\htdocs\OPDClinic\app\Controllers\Home.php(969): CodeIgniter\Database\BaseBuilder->get()
#6 C:\xampp\htdocs\OPDClinic\system\CodeIgniter.php(933): App\Controllers\Home->getConductedAppointments()
#7 C:\xampp\htdocs\OPDClinic\system\CodeIgniter.php(509): CodeIgniter\CodeIgniter->runController(Object(App\Controllers\Home))
#8 C:\xampp\htdocs\OPDClinic\system\CodeIgniter.php(355): CodeIgniter\CodeIgniter->handleRequest(NULL, Object(Config\Cache), false)
#9 C:\xampp\htdocs\OPDClinic\system\Boot.php(312): CodeIgniter\CodeIgniter->run()
#10 C:\xampp\htdocs\OPDClinic\system\Boot.php(67): CodeIgniter\Boot::runCodeIgniter(Object(CodeIgniter\CodeIgniter))
#11 C:\xampp\htdocs\OPDClinic\index.php(56): CodeIgniter\Boot::bootWeb(Object(Config\Paths))
#12 {main}
CRITICAL - 2024-11-13 12:01:56 --> CodeIgniter\Database\Exceptions\DatabaseException: Unable to connect to the database.
Main connection [Postgre]: pg_connect(): Unable to connect to PostgreSQL server: FATAL:  remaining connection slots are reserved for roles with the SUPERUSER attribute
[Method: GET, Route: get_conducted_appointments]
in SYSTEMPATH\Database\BaseConnection.php on line 457.
 1 SYSTEMPATH\Database\BaseConnection.php(604): CodeIgniter\Database\BaseConnection->initialize()
 2 SYSTEMPATH\Database\BaseBuilder.php(1629): CodeIgniter\Database\BaseConnection->query('SELECT "tbl_appointment".*, "tbl_slots"."slots_time" AS "slot_time", "tbl_branch"."branch_name" AS "branch_name", "tbl_register"."name" AS "consultant_name", "tbl_section"."section_name" AS "section_name"
FROM "tbl_appointment"
LEFT JOIN "tbl_slots" ON CAST(tbl_appointment.slot AS INTEGER) = tbl_slots.id
LEFT JOIN "tbl_branch" ON "tbl_appointment"."branch" = "tbl_branch"."id"
LEFT JOIN "tbl_register" ON "tbl_appointment"."consultant" = "tbl_register"."id"
LEFT JOIN "tbl_section" ON "tbl_appointment"."section" = "tbl_section"."id"
WHERE "tbl_appointment"."appointment_status" = :tbl_appointment.appointment_status:', [...], false)
 3 APPPATH\Controllers\Home.php(969): CodeIgniter\Database\BaseBuilder->get()
 4 SYSTEMPATH\CodeIgniter.php(933): App\Controllers\Home->getConductedAppointments()
 5 SYSTEMPATH\CodeIgniter.php(509): CodeIgniter\CodeIgniter->runController(Object(App\Controllers\Home))
 6 SYSTEMPATH\CodeIgniter.php(355): CodeIgniter\CodeIgniter->handleRequest(null, Object(Config\Cache), false)
 7 SYSTEMPATH\Boot.php(312): CodeIgniter\CodeIgniter->run()
 8 SYSTEMPATH\Boot.php(67): CodeIgniter\Boot::runCodeIgniter(Object(CodeIgniter\CodeIgniter))
 9 FCPATH\index.php(56): CodeIgniter\Boot::bootWeb(Object(Config\Paths))
ERROR - 2024-11-13 12:03:06 --> Error connecting to the database: ErrorException: pg_connect(): Unable to connect to PostgreSQL server: FATAL:  remaining connection slots are reserved for roles with the SUPERUSER attribute in C:\xampp\htdocs\OPDClinic\system\Database\Postgre\Connection.php:78
Stack trace:
#0 [internal function]: CodeIgniter\Debug\Exceptions->errorHandler(2, 'pg_connect(): U...', 'C:\\xampp\\htdocs...', 78)
#1 C:\xampp\htdocs\OPDClinic\system\Database\Postgre\Connection.php(78): pg_connect('host=db-postgre...')
#2 C:\xampp\htdocs\OPDClinic\system\Database\BaseConnection.php(421): CodeIgniter\Database\Postgre\Connection->connect(false)
#3 C:\xampp\htdocs\OPDClinic\system\Database\BaseConnection.php(604): CodeIgniter\Database\BaseConnection->initialize()
#4 C:\xampp\htdocs\OPDClinic\system\Database\BaseBuilder.php(1629): CodeIgniter\Database\BaseConnection->query('SELECT "tbl_app...', Array, false)
#5 C:\xampp\htdocs\OPDClinic\app\Controllers\Home.php(1046): CodeIgniter\Database\BaseBuilder->get()
#6 C:\xampp\htdocs\OPDClinic\system\CodeIgniter.php(933): App\Controllers\Home->getCancelledAppointments()
#7 C:\xampp\htdocs\OPDClinic\system\CodeIgniter.php(509): CodeIgniter\CodeIgniter->runController(Object(App\Controllers\Home))
#8 C:\xampp\htdocs\OPDClinic\system\CodeIgniter.php(355): CodeIgniter\CodeIgniter->handleRequest(NULL, Object(Config\Cache), false)
#9 C:\xampp\htdocs\OPDClinic\system\Boot.php(312): CodeIgniter\CodeIgniter->run()
#10 C:\xampp\htdocs\OPDClinic\system\Boot.php(67): CodeIgniter\Boot::runCodeIgniter(Object(CodeIgniter\CodeIgniter))
#11 C:\xampp\htdocs\OPDClinic\index.php(56): CodeIgniter\Boot::bootWeb(Object(Config\Paths))
#12 {main}
CRITICAL - 2024-11-13 12:03:06 --> CodeIgniter\Database\Exceptions\DatabaseException: Unable to connect to the database.
Main connection [Postgre]: pg_connect(): Unable to connect to PostgreSQL server: FATAL:  remaining connection slots are reserved for roles with the SUPERUSER attribute
[Method: GET, Route: get_cancelled_appointments]
in SYSTEMPATH\Database\BaseConnection.php on line 457.
 1 SYSTEMPATH\Database\BaseConnection.php(604): CodeIgniter\Database\BaseConnection->initialize()
 2 SYSTEMPATH\Database\BaseBuilder.php(1629): CodeIgniter\Database\BaseConnection->query('SELECT "tbl_appointment".*, "tbl_slots"."slots_time" AS "slot_time", "tbl_branch"."branch_name" AS "branch_name", "tbl_register"."name" AS "consultant_name", "tbl_section"."section_name" AS "section_name"
FROM "tbl_appointment"
LEFT JOIN "tbl_slots" ON CAST(tbl_appointment.slot AS INTEGER) = tbl_slots.id
LEFT JOIN "tbl_branch" ON "tbl_appointment"."branch" = "tbl_branch"."id"
LEFT JOIN "tbl_register" ON "tbl_appointment"."consultant" = "tbl_register"."id"
LEFT JOIN "tbl_section" ON "tbl_appointment"."section" = "tbl_section"."id"
WHERE "tbl_appointment"."appointment_status" = :tbl_appointment.appointment_status:', [...], false)
 3 APPPATH\Controllers\Home.php(1046): CodeIgniter\Database\BaseBuilder->get()
 4 SYSTEMPATH\CodeIgniter.php(933): App\Controllers\Home->getCancelledAppointments()
 5 SYSTEMPATH\CodeIgniter.php(509): CodeIgniter\CodeIgniter->runController(Object(App\Controllers\Home))
 6 SYSTEMPATH\CodeIgniter.php(355): CodeIgniter\CodeIgniter->handleRequest(null, Object(Config\Cache), false)
 7 SYSTEMPATH\Boot.php(312): CodeIgniter\CodeIgniter->run()
 8 SYSTEMPATH\Boot.php(67): CodeIgniter\Boot::runCodeIgniter(Object(CodeIgniter\CodeIgniter))
 9 FCPATH\index.php(56): CodeIgniter\Boot::bootWeb(Object(Config\Paths))
ERROR - 2024-11-13 12:03:06 --> Error connecting to the database: ErrorException: pg_connect(): Unable to connect to PostgreSQL server: FATAL:  remaining connection slots are reserved for roles with the SUPERUSER attribute in C:\xampp\htdocs\OPDClinic\system\Database\Postgre\Connection.php:78
Stack trace:
#0 [internal function]: CodeIgniter\Debug\Exceptions->errorHandler(2, 'pg_connect(): U...', 'C:\\xampp\\htdocs...', 78)
#1 C:\xampp\htdocs\OPDClinic\system\Database\Postgre\Connection.php(78): pg_connect('host=db-postgre...')
#2 C:\xampp\htdocs\OPDClinic\system\Database\BaseConnection.php(421): CodeIgniter\Database\Postgre\Connection->connect(false)
#3 C:\xampp\htdocs\OPDClinic\system\Database\BaseConnection.php(604): CodeIgniter\Database\BaseConnection->initialize()
#4 C:\xampp\htdocs\OPDClinic\system\Database\BaseBuilder.php(1629): CodeIgniter\Database\BaseConnection->query('SELECT "tbl_app...', Array, false)
#5 C:\xampp\htdocs\OPDClinic\app\Controllers\Home.php(786): CodeIgniter\Database\BaseBuilder->get()
#6 C:\xampp\htdocs\OPDClinic\system\CodeIgniter.php(933): App\Controllers\Home->get_todays_appointment_data('tbl_appointment')
#7 C:\xampp\htdocs\OPDClinic\system\CodeIgniter.php(509): CodeIgniter\CodeIgniter->runController(Object(App\Controllers\Home))
#8 C:\xampp\htdocs\OPDClinic\system\CodeIgniter.php(355): CodeIgniter\CodeIgniter->handleRequest(NULL, Object(Config\Cache), false)
#9 C:\xampp\htdocs\OPDClinic\system\Boot.php(312): CodeIgniter\CodeIgniter->run()
#10 C:\xampp\htdocs\OPDClinic\system\Boot.php(67): CodeIgniter\Boot::runCodeIgniter(Object(CodeIgniter\CodeIgniter))
#11 C:\xampp\htdocs\OPDClinic\index.php(56): CodeIgniter\Boot::bootWeb(Object(Config\Paths))
#12 {main}
CRITICAL - 2024-11-13 12:03:06 --> CodeIgniter\Database\Exceptions\DatabaseException: Unable to connect to the database.
Main connection [Postgre]: pg_connect(): Unable to connect to PostgreSQL server: FATAL:  remaining connection slots are reserved for roles with the SUPERUSER attribute
[Method: GET, Route: get_todays_appointment_data/tbl_appointment]
in SYSTEMPATH\Database\BaseConnection.php on line 457.
 1 SYSTEMPATH\Database\BaseConnection.php(604): CodeIgniter\Database\BaseConnection->initialize()
 2 SYSTEMPATH\Database\BaseBuilder.php(1629): CodeIgniter\Database\BaseConnection->query('SELECT "tbl_appointment".*, "tbl_register"."name" AS "cname", "tbl_branch"."branch_name" AS "branch_name", "tbl_slots"."slots_time" AS "slots_time", "tbl_slots"."day_name" AS "day_name", "tbl_section"."section_name" AS "section_name"
FROM "tbl_appointment"
LEFT JOIN "tbl_register" ON "tbl_register"."id" = "tbl_appointment"."consultant"
LEFT JOIN "tbl_branch" ON "tbl_branch"."id" = "tbl_appointment"."branch"
LEFT JOIN "tbl_slots" ON "tbl_slots"."id" = CAST(tbl_appointment.slot AS INTEGER)
LEFT JOIN "tbl_section" ON "tbl_section"."id" = "tbl_appointment"."section"
WHERE "tbl_appointment"."is_deleted" = :tbl_appointment.is_deleted:
AND CAST(tbl_appointment.dates AS DATE) = :CAST(tbl_appointment.dates AS DATE):', [...], false)
 3 APPPATH\Controllers\Home.php(786): CodeIgniter\Database\BaseBuilder->get()
 4 SYSTEMPATH\CodeIgniter.php(933): App\Controllers\Home->get_todays_appointment_data('tbl_appointment')
 5 SYSTEMPATH\CodeIgniter.php(509): CodeIgniter\CodeIgniter->runController(Object(App\Controllers\Home))
 6 SYSTEMPATH\CodeIgniter.php(355): CodeIgniter\CodeIgniter->handleRequest(null, Object(Config\Cache), false)
 7 SYSTEMPATH\Boot.php(312): CodeIgniter\CodeIgniter->run()
 8 SYSTEMPATH\Boot.php(67): CodeIgniter\Boot::runCodeIgniter(Object(CodeIgniter\CodeIgniter))
 9 FCPATH\index.php(56): CodeIgniter\Boot::bootWeb(Object(Config\Paths))
ERROR - 2024-11-13 12:03:06 --> Error connecting to the database: ErrorException: pg_connect(): Unable to connect to PostgreSQL server: FATAL:  remaining connection slots are reserved for roles with the SUPERUSER attribute in C:\xampp\htdocs\OPDClinic\system\Database\Postgre\Connection.php:78
Stack trace:
#0 [internal function]: CodeIgniter\Debug\Exceptions->errorHandler(2, 'pg_connect(): U...', 'C:\\xampp\\htdocs...', 78)
#1 C:\xampp\htdocs\OPDClinic\system\Database\Postgre\Connection.php(78): pg_connect('host=db-postgre...')
#2 C:\xampp\htdocs\OPDClinic\system\Database\BaseConnection.php(421): CodeIgniter\Database\Postgre\Connection->connect(false)
#3 C:\xampp\htdocs\OPDClinic\system\Database\BaseConnection.php(604): CodeIgniter\Database\BaseConnection->initialize()
#4 C:\xampp\htdocs\OPDClinic\system\Database\BaseBuilder.php(1629): CodeIgniter\Database\BaseConnection->query('SELECT "tbl_app...', Array, false)
#5 C:\xampp\htdocs\OPDClinic\app\Controllers\Home.php(786): CodeIgniter\Database\BaseBuilder->get()
#6 C:\xampp\htdocs\OPDClinic\system\CodeIgniter.php(933): App\Controllers\Home->get_todays_appointment_data('tbl_appointment')
#7 C:\xampp\htdocs\OPDClinic\system\CodeIgniter.php(509): CodeIgniter\CodeIgniter->runController(Object(App\Controllers\Home))
#8 C:\xampp\htdocs\OPDClinic\system\CodeIgniter.php(355): CodeIgniter\CodeIgniter->handleRequest(NULL, Object(Config\Cache), false)
#9 C:\xampp\htdocs\OPDClinic\system\Boot.php(312): CodeIgniter\CodeIgniter->run()
#10 C:\xampp\htdocs\OPDClinic\system\Boot.php(67): CodeIgniter\Boot::runCodeIgniter(Object(CodeIgniter\CodeIgniter))
#11 C:\xampp\htdocs\OPDClinic\index.php(56): CodeIgniter\Boot::bootWeb(Object(Config\Paths))
#12 {main}
CRITICAL - 2024-11-13 12:03:06 --> CodeIgniter\Database\Exceptions\DatabaseException: Unable to connect to the database.
Main connection [Postgre]: pg_connect(): Unable to connect to PostgreSQL server: FATAL:  remaining connection slots are reserved for roles with the SUPERUSER attribute
[Method: GET, Route: get_todays_appointment_data/tbl_appointment]
in SYSTEMPATH\Database\BaseConnection.php on line 457.
 1 SYSTEMPATH\Database\BaseConnection.php(604): CodeIgniter\Database\BaseConnection->initialize()
 2 SYSTEMPATH\Database\BaseBuilder.php(1629): CodeIgniter\Database\BaseConnection->query('SELECT "tbl_appointment".*, "tbl_register"."name" AS "cname", "tbl_branch"."branch_name" AS "branch_name", "tbl_slots"."slots_time" AS "slots_time", "tbl_slots"."day_name" AS "day_name", "tbl_section"."section_name" AS "section_name"
FROM "tbl_appointment"
LEFT JOIN "tbl_register" ON "tbl_register"."id" = "tbl_appointment"."consultant"
LEFT JOIN "tbl_branch" ON "tbl_branch"."id" = "tbl_appointment"."branch"
LEFT JOIN "tbl_slots" ON "tbl_slots"."id" = CAST(tbl_appointment.slot AS INTEGER)
LEFT JOIN "tbl_section" ON "tbl_section"."id" = "tbl_appointment"."section"
WHERE "tbl_appointment"."is_deleted" = :tbl_appointment.is_deleted:
AND CAST(tbl_appointment.dates AS DATE) = :CAST(tbl_appointment.dates AS DATE):', [...], false)
 3 APPPATH\Controllers\Home.php(786): CodeIgniter\Database\BaseBuilder->get()
 4 SYSTEMPATH\CodeIgniter.php(933): App\Controllers\Home->get_todays_appointment_data('tbl_appointment')
 5 SYSTEMPATH\CodeIgniter.php(509): CodeIgniter\CodeIgniter->runController(Object(App\Controllers\Home))
 6 SYSTEMPATH\CodeIgniter.php(355): CodeIgniter\CodeIgniter->handleRequest(null, Object(Config\Cache), false)
 7 SYSTEMPATH\Boot.php(312): CodeIgniter\CodeIgniter->run()
 8 SYSTEMPATH\Boot.php(67): CodeIgniter\Boot::runCodeIgniter(Object(CodeIgniter\CodeIgniter))
 9 FCPATH\index.php(56): CodeIgniter\Boot::bootWeb(Object(Config\Paths))
ERROR - 2024-11-13 12:03:06 --> Error connecting to the database: ErrorException: pg_connect(): Unable to connect to PostgreSQL server: FATAL:  remaining connection slots are reserved for roles with the SUPERUSER attribute in C:\xampp\htdocs\OPDClinic\system\Database\Postgre\Connection.php:78
Stack trace:
#0 [internal function]: CodeIgniter\Debug\Exceptions->errorHandler(2, 'pg_connect(): U...', 'C:\\xampp\\htdocs...', 78)
#1 C:\xampp\htdocs\OPDClinic\system\Database\Postgre\Connection.php(78): pg_connect('host=db-postgre...')
#2 C:\xampp\htdocs\OPDClinic\system\Database\BaseConnection.php(421): CodeIgniter\Database\Postgre\Connection->connect(false)
#3 C:\xampp\htdocs\OPDClinic\system\Database\BaseConnection.php(604): CodeIgniter\Database\BaseConnection->initialize()
#4 C:\xampp\htdocs\OPDClinic\system\Database\BaseBuilder.php(1629): CodeIgniter\Database\BaseConnection->query('SELECT "tbl_app...', Array, false)
#5 C:\xampp\htdocs\OPDClinic\app\Controllers\Home.php(969): CodeIgniter\Database\BaseBuilder->get()
#6 C:\xampp\htdocs\OPDClinic\system\CodeIgniter.php(933): App\Controllers\Home->getConductedAppointments()
#7 C:\xampp\htdocs\OPDClinic\system\CodeIgniter.php(509): CodeIgniter\CodeIgniter->runController(Object(App\Controllers\Home))
#8 C:\xampp\htdocs\OPDClinic\system\CodeIgniter.php(355): CodeIgniter\CodeIgniter->handleRequest(NULL, Object(Config\Cache), false)
#9 C:\xampp\htdocs\OPDClinic\system\Boot.php(312): CodeIgniter\CodeIgniter->run()
#10 C:\xampp\htdocs\OPDClinic\system\Boot.php(67): CodeIgniter\Boot::runCodeIgniter(Object(CodeIgniter\CodeIgniter))
#11 C:\xampp\htdocs\OPDClinic\index.php(56): CodeIgniter\Boot::bootWeb(Object(Config\Paths))
#12 {main}
CRITICAL - 2024-11-13 12:03:06 --> CodeIgniter\Database\Exceptions\DatabaseException: Unable to connect to the database.
Main connection [Postgre]: pg_connect(): Unable to connect to PostgreSQL server: FATAL:  remaining connection slots are reserved for roles with the SUPERUSER attribute
[Method: GET, Route: get_conducted_appointments]
in SYSTEMPATH\Database\BaseConnection.php on line 457.
 1 SYSTEMPATH\Database\BaseConnection.php(604): CodeIgniter\Database\BaseConnection->initialize()
 2 SYSTEMPATH\Database\BaseBuilder.php(1629): CodeIgniter\Database\BaseConnection->query('SELECT "tbl_appointment".*, "tbl_slots"."slots_time" AS "slot_time", "tbl_branch"."branch_name" AS "branch_name", "tbl_register"."name" AS "consultant_name", "tbl_section"."section_name" AS "section_name"
FROM "tbl_appointment"
LEFT JOIN "tbl_slots" ON CAST(tbl_appointment.slot AS INTEGER) = tbl_slots.id
LEFT JOIN "tbl_branch" ON "tbl_appointment"."branch" = "tbl_branch"."id"
LEFT JOIN "tbl_register" ON "tbl_appointment"."consultant" = "tbl_register"."id"
LEFT JOIN "tbl_section" ON "tbl_appointment"."section" = "tbl_section"."id"
WHERE "tbl_appointment"."appointment_status" = :tbl_appointment.appointment_status:', [...], false)
 3 APPPATH\Controllers\Home.php(969): CodeIgniter\Database\BaseBuilder->get()
 4 SYSTEMPATH\CodeIgniter.php(933): App\Controllers\Home->getConductedAppointments()
 5 SYSTEMPATH\CodeIgniter.php(509): CodeIgniter\CodeIgniter->runController(Object(App\Controllers\Home))
 6 SYSTEMPATH\CodeIgniter.php(355): CodeIgniter\CodeIgniter->handleRequest(null, Object(Config\Cache), false)
 7 SYSTEMPATH\Boot.php(312): CodeIgniter\CodeIgniter->run()
 8 SYSTEMPATH\Boot.php(67): CodeIgniter\Boot::runCodeIgniter(Object(CodeIgniter\CodeIgniter))
 9 FCPATH\index.php(56): CodeIgniter\Boot::bootWeb(Object(Config\Paths))
ERROR - 2024-11-13 12:03:07 --> Error connecting to the database: ErrorException: pg_connect(): Unable to connect to PostgreSQL server: FATAL:  remaining connection slots are reserved for roles with the SUPERUSER attribute in C:\xampp\htdocs\OPDClinic\system\Database\Postgre\Connection.php:78
Stack trace:
#0 [internal function]: CodeIgniter\Debug\Exceptions->errorHandler(2, 'pg_connect(): U...', 'C:\\xampp\\htdocs...', 78)
#1 C:\xampp\htdocs\OPDClinic\system\Database\Postgre\Connection.php(78): pg_connect('host=db-postgre...')
#2 C:\xampp\htdocs\OPDClinic\system\Database\BaseConnection.php(421): CodeIgniter\Database\Postgre\Connection->connect(false)
#3 C:\xampp\htdocs\OPDClinic\system\Database\BaseConnection.php(604): CodeIgniter\Database\BaseConnection->initialize()
#4 C:\xampp\htdocs\OPDClinic\system\Database\BaseBuilder.php(1629): CodeIgniter\Database\BaseConnection->query('SELECT "tbl_app...', Array, false)
#5 C:\xampp\htdocs\OPDClinic\app\Controllers\Home.php(969): CodeIgniter\Database\BaseBuilder->get()
#6 C:\xampp\htdocs\OPDClinic\system\CodeIgniter.php(933): App\Controllers\Home->getConductedAppointments()
#7 C:\xampp\htdocs\OPDClinic\system\CodeIgniter.php(509): CodeIgniter\CodeIgniter->runController(Object(App\Controllers\Home))
#8 C:\xampp\htdocs\OPDClinic\system\CodeIgniter.php(355): CodeIgniter\CodeIgniter->handleRequest(NULL, Object(Config\Cache), false)
#9 C:\xampp\htdocs\OPDClinic\system\Boot.php(312): CodeIgniter\CodeIgniter->run()
#10 C:\xampp\htdocs\OPDClinic\system\Boot.php(67): CodeIgniter\Boot::runCodeIgniter(Object(CodeIgniter\CodeIgniter))
#11 C:\xampp\htdocs\OPDClinic\index.php(56): CodeIgniter\Boot::bootWeb(Object(Config\Paths))
#12 {main}
CRITICAL - 2024-11-13 12:03:07 --> CodeIgniter\Database\Exceptions\DatabaseException: Unable to connect to the database.
Main connection [Postgre]: pg_connect(): Unable to connect to PostgreSQL server: FATAL:  remaining connection slots are reserved for roles with the SUPERUSER attribute
[Method: GET, Route: get_conducted_appointments]
in SYSTEMPATH\Database\BaseConnection.php on line 457.
 1 SYSTEMPATH\Database\BaseConnection.php(604): CodeIgniter\Database\BaseConnection->initialize()
 2 SYSTEMPATH\Database\BaseBuilder.php(1629): CodeIgniter\Database\BaseConnection->query('SELECT "tbl_appointment".*, "tbl_slots"."slots_time" AS "slot_time", "tbl_branch"."branch_name" AS "branch_name", "tbl_register"."name" AS "consultant_name", "tbl_section"."section_name" AS "section_name"
FROM "tbl_appointment"
LEFT JOIN "tbl_slots" ON CAST(tbl_appointment.slot AS INTEGER) = tbl_slots.id
LEFT JOIN "tbl_branch" ON "tbl_appointment"."branch" = "tbl_branch"."id"
LEFT JOIN "tbl_register" ON "tbl_appointment"."consultant" = "tbl_register"."id"
LEFT JOIN "tbl_section" ON "tbl_appointment"."section" = "tbl_section"."id"
WHERE "tbl_appointment"."appointment_status" = :tbl_appointment.appointment_status:', [...], false)
 3 APPPATH\Controllers\Home.php(969): CodeIgniter\Database\BaseBuilder->get()
 4 SYSTEMPATH\CodeIgniter.php(933): App\Controllers\Home->getConductedAppointments()
 5 SYSTEMPATH\CodeIgniter.php(509): CodeIgniter\CodeIgniter->runController(Object(App\Controllers\Home))
 6 SYSTEMPATH\CodeIgniter.php(355): CodeIgniter\CodeIgniter->handleRequest(null, Object(Config\Cache), false)
 7 SYSTEMPATH\Boot.php(312): CodeIgniter\CodeIgniter->run()
 8 SYSTEMPATH\Boot.php(67): CodeIgniter\Boot::runCodeIgniter(Object(CodeIgniter\CodeIgniter))
 9 FCPATH\index.php(56): CodeIgniter\Boot::bootWeb(Object(Config\Paths))
ERROR - 2024-11-13 12:03:07 --> Error connecting to the database: ErrorException: pg_connect(): Unable to connect to PostgreSQL server: FATAL:  remaining connection slots are reserved for roles with the SUPERUSER attribute in C:\xampp\htdocs\OPDClinic\system\Database\Postgre\Connection.php:78
Stack trace:
#0 [internal function]: CodeIgniter\Debug\Exceptions->errorHandler(2, 'pg_connect(): U...', 'C:\\xampp\\htdocs...', 78)
#1 C:\xampp\htdocs\OPDClinic\system\Database\Postgre\Connection.php(78): pg_connect('host=db-postgre...')
#2 C:\xampp\htdocs\OPDClinic\system\Database\BaseConnection.php(421): CodeIgniter\Database\Postgre\Connection->connect(false)
#3 C:\xampp\htdocs\OPDClinic\system\Database\BaseConnection.php(604): CodeIgniter\Database\BaseConnection->initialize()
#4 C:\xampp\htdocs\OPDClinic\system\Database\BaseBuilder.php(1629): CodeIgniter\Database\BaseConnection->query('SELECT "tbl_app...', Array, false)
#5 C:\xampp\htdocs\OPDClinic\app\Controllers\Home.php(995): CodeIgniter\Database\BaseBuilder->get()
#6 C:\xampp\htdocs\OPDClinic\system\CodeIgniter.php(933): App\Controllers\Home->getUpcomingAppointments()
#7 C:\xampp\htdocs\OPDClinic\system\CodeIgniter.php(509): CodeIgniter\CodeIgniter->runController(Object(App\Controllers\Home))
#8 C:\xampp\htdocs\OPDClinic\system\CodeIgniter.php(355): CodeIgniter\CodeIgniter->handleRequest(NULL, Object(Config\Cache), false)
#9 C:\xampp\htdocs\OPDClinic\system\Boot.php(312): CodeIgniter\CodeIgniter->run()
#10 C:\xampp\htdocs\OPDClinic\system\Boot.php(67): CodeIgniter\Boot::runCodeIgniter(Object(CodeIgniter\CodeIgniter))
#11 C:\xampp\htdocs\OPDClinic\index.php(56): CodeIgniter\Boot::bootWeb(Object(Config\Paths))
#12 {main}
CRITICAL - 2024-11-13 12:03:07 --> CodeIgniter\Database\Exceptions\DatabaseException: Unable to connect to the database.
Main connection [Postgre]: pg_connect(): Unable to connect to PostgreSQL server: FATAL:  remaining connection slots are reserved for roles with the SUPERUSER attribute
[Method: GET, Route: get_upcoming_appointments]
in SYSTEMPATH\Database\BaseConnection.php on line 457.
 1 SYSTEMPATH\Database\BaseConnection.php(604): CodeIgniter\Database\BaseConnection->initialize()
 2 SYSTEMPATH\Database\BaseBuilder.php(1629): CodeIgniter\Database\BaseConnection->query('SELECT "tbl_appointment".*, "tbl_slots"."slots_time" AS "slot_time", "tbl_branch"."branch_name" AS "branch_name", "tbl_register"."name" AS "consultant_name", "tbl_section"."section_name" AS "section_name"
FROM "tbl_appointment"
LEFT JOIN "tbl_slots" ON CAST(tbl_appointment.slot AS INTEGER) = tbl_slots.id
LEFT JOIN "tbl_branch" ON "tbl_appointment"."branch" = "tbl_branch"."id"
LEFT JOIN "tbl_register" ON "tbl_appointment"."consultant" = "tbl_register"."id"
LEFT JOIN "tbl_section" ON "tbl_appointment"."section" = "tbl_section"."id"
WHERE "tbl_appointment"."appointment_status" = :tbl_appointment.appointment_status:', [...], false)
 3 APPPATH\Controllers\Home.php(995): CodeIgniter\Database\BaseBuilder->get()
 4 SYSTEMPATH\CodeIgniter.php(933): App\Controllers\Home->getUpcomingAppointments()
 5 SYSTEMPATH\CodeIgniter.php(509): CodeIgniter\CodeIgniter->runController(Object(App\Controllers\Home))
 6 SYSTEMPATH\CodeIgniter.php(355): CodeIgniter\CodeIgniter->handleRequest(null, Object(Config\Cache), false)
 7 SYSTEMPATH\Boot.php(312): CodeIgniter\CodeIgniter->run()
 8 SYSTEMPATH\Boot.php(67): CodeIgniter\Boot::runCodeIgniter(Object(CodeIgniter\CodeIgniter))
 9 FCPATH\index.php(56): CodeIgniter\Boot::bootWeb(Object(Config\Paths))
ERROR - 2024-11-13 12:03:50 --> Error connecting to the database: ErrorException: pg_connect(): Unable to connect to PostgreSQL server: FATAL:  remaining connection slots are reserved for roles with the SUPERUSER attribute in C:\xampp\htdocs\OPDClinic\system\Database\Postgre\Connection.php:78
Stack trace:
#0 [internal function]: CodeIgniter\Debug\Exceptions->errorHandler(2, 'pg_connect(): U...', 'C:\\xampp\\htdocs...', 78)
#1 C:\xampp\htdocs\OPDClinic\system\Database\Postgre\Connection.php(78): pg_connect('host=db-postgre...')
#2 C:\xampp\htdocs\OPDClinic\system\Database\BaseConnection.php(421): CodeIgniter\Database\Postgre\Connection->connect(false)
#3 C:\xampp\htdocs\OPDClinic\system\Database\BaseConnection.php(604): CodeIgniter\Database\BaseConnection->initialize()
#4 C:\xampp\htdocs\OPDClinic\system\Database\BaseBuilder.php(1629): CodeIgniter\Database\BaseConnection->query('SELECT "tbl_app...', Array, false)
#5 C:\xampp\htdocs\OPDClinic\app\Controllers\Home.php(786): CodeIgniter\Database\BaseBuilder->get()
#6 C:\xampp\htdocs\OPDClinic\system\CodeIgniter.php(933): App\Controllers\Home->get_todays_appointment_data('tbl_appointment')
#7 C:\xampp\htdocs\OPDClinic\system\CodeIgniter.php(509): CodeIgniter\CodeIgniter->runController(Object(App\Controllers\Home))
#8 C:\xampp\htdocs\OPDClinic\system\CodeIgniter.php(355): CodeIgniter\CodeIgniter->handleRequest(NULL, Object(Config\Cache), false)
#9 C:\xampp\htdocs\OPDClinic\system\Boot.php(312): CodeIgniter\CodeIgniter->run()
#10 C:\xampp\htdocs\OPDClinic\system\Boot.php(67): CodeIgniter\Boot::runCodeIgniter(Object(CodeIgniter\CodeIgniter))
#11 C:\xampp\htdocs\OPDClinic\index.php(56): CodeIgniter\Boot::bootWeb(Object(Config\Paths))
#12 {main}
CRITICAL - 2024-11-13 12:03:50 --> CodeIgniter\Database\Exceptions\DatabaseException: Unable to connect to the database.
Main connection [Postgre]: pg_connect(): Unable to connect to PostgreSQL server: FATAL:  remaining connection slots are reserved for roles with the SUPERUSER attribute
[Method: GET, Route: get_todays_appointment_data/tbl_appointment]
in SYSTEMPATH\Database\BaseConnection.php on line 457.
 1 SYSTEMPATH\Database\BaseConnection.php(604): CodeIgniter\Database\BaseConnection->initialize()
 2 SYSTEMPATH\Database\BaseBuilder.php(1629): CodeIgniter\Database\BaseConnection->query('SELECT "tbl_appointment".*, "tbl_register"."name" AS "cname", "tbl_branch"."branch_name" AS "branch_name", "tbl_slots"."slots_time" AS "slots_time", "tbl_slots"."day_name" AS "day_name", "tbl_section"."section_name" AS "section_name"
FROM "tbl_appointment"
LEFT JOIN "tbl_register" ON "tbl_register"."id" = "tbl_appointment"."consultant"
LEFT JOIN "tbl_branch" ON "tbl_branch"."id" = "tbl_appointment"."branch"
LEFT JOIN "tbl_slots" ON "tbl_slots"."id" = CAST(tbl_appointment.slot AS INTEGER)
LEFT JOIN "tbl_section" ON "tbl_section"."id" = "tbl_appointment"."section"
WHERE "tbl_appointment"."is_deleted" = :tbl_appointment.is_deleted:
AND CAST(tbl_appointment.dates AS DATE) = :CAST(tbl_appointment.dates AS DATE):', [...], false)
 3 APPPATH\Controllers\Home.php(786): CodeIgniter\Database\BaseBuilder->get()
 4 SYSTEMPATH\CodeIgniter.php(933): App\Controllers\Home->get_todays_appointment_data('tbl_appointment')
 5 SYSTEMPATH\CodeIgniter.php(509): CodeIgniter\CodeIgniter->runController(Object(App\Controllers\Home))
 6 SYSTEMPATH\CodeIgniter.php(355): CodeIgniter\CodeIgniter->handleRequest(null, Object(Config\Cache), false)
 7 SYSTEMPATH\Boot.php(312): CodeIgniter\CodeIgniter->run()
 8 SYSTEMPATH\Boot.php(67): CodeIgniter\Boot::runCodeIgniter(Object(CodeIgniter\CodeIgniter))
 9 FCPATH\index.php(56): CodeIgniter\Boot::bootWeb(Object(Config\Paths))
ERROR - 2024-11-13 12:03:50 --> Error connecting to the database: ErrorException: pg_connect(): Unable to connect to PostgreSQL server: FATAL:  remaining connection slots are reserved for roles with the SUPERUSER attribute in C:\xampp\htdocs\OPDClinic\system\Database\Postgre\Connection.php:78
Stack trace:
#0 [internal function]: CodeIgniter\Debug\Exceptions->errorHandler(2, 'pg_connect(): U...', 'C:\\xampp\\htdocs...', 78)
#1 C:\xampp\htdocs\OPDClinic\system\Database\Postgre\Connection.php(78): pg_connect('host=db-postgre...')
#2 C:\xampp\htdocs\OPDClinic\system\Database\BaseConnection.php(421): CodeIgniter\Database\Postgre\Connection->connect(false)
#3 C:\xampp\htdocs\OPDClinic\system\Database\BaseConnection.php(604): CodeIgniter\Database\BaseConnection->initialize()
#4 C:\xampp\htdocs\OPDClinic\system\Database\BaseBuilder.php(1629): CodeIgniter\Database\BaseConnection->query('SELECT "tbl_app...', Array, false)
#5 C:\xampp\htdocs\OPDClinic\app\Controllers\Home.php(1046): CodeIgniter\Database\BaseBuilder->get()
#6 C:\xampp\htdocs\OPDClinic\system\CodeIgniter.php(933): App\Controllers\Home->getCancelledAppointments()
#7 C:\xampp\htdocs\OPDClinic\system\CodeIgniter.php(509): CodeIgniter\CodeIgniter->runController(Object(App\Controllers\Home))
#8 C:\xampp\htdocs\OPDClinic\system\CodeIgniter.php(355): CodeIgniter\CodeIgniter->handleRequest(NULL, Object(Config\Cache), false)
#9 C:\xampp\htdocs\OPDClinic\system\Boot.php(312): CodeIgniter\CodeIgniter->run()
#10 C:\xampp\htdocs\OPDClinic\system\Boot.php(67): CodeIgniter\Boot::runCodeIgniter(Object(CodeIgniter\CodeIgniter))
#11 C:\xampp\htdocs\OPDClinic\index.php(56): CodeIgniter\Boot::bootWeb(Object(Config\Paths))
#12 {main}
CRITICAL - 2024-11-13 12:03:50 --> CodeIgniter\Database\Exceptions\DatabaseException: Unable to connect to the database.
Main connection [Postgre]: pg_connect(): Unable to connect to PostgreSQL server: FATAL:  remaining connection slots are reserved for roles with the SUPERUSER attribute
[Method: GET, Route: get_cancelled_appointments]
in SYSTEMPATH\Database\BaseConnection.php on line 457.
 1 SYSTEMPATH\Database\BaseConnection.php(604): CodeIgniter\Database\BaseConnection->initialize()
 2 SYSTEMPATH\Database\BaseBuilder.php(1629): CodeIgniter\Database\BaseConnection->query('SELECT "tbl_appointment".*, "tbl_slots"."slots_time" AS "slot_time", "tbl_branch"."branch_name" AS "branch_name", "tbl_register"."name" AS "consultant_name", "tbl_section"."section_name" AS "section_name"
FROM "tbl_appointment"
LEFT JOIN "tbl_slots" ON CAST(tbl_appointment.slot AS INTEGER) = tbl_slots.id
LEFT JOIN "tbl_branch" ON "tbl_appointment"."branch" = "tbl_branch"."id"
LEFT JOIN "tbl_register" ON "tbl_appointment"."consultant" = "tbl_register"."id"
LEFT JOIN "tbl_section" ON "tbl_appointment"."section" = "tbl_section"."id"
WHERE "tbl_appointment"."appointment_status" = :tbl_appointment.appointment_status:', [...], false)
 3 APPPATH\Controllers\Home.php(1046): CodeIgniter\Database\BaseBuilder->get()
 4 SYSTEMPATH\CodeIgniter.php(933): App\Controllers\Home->getCancelledAppointments()
 5 SYSTEMPATH\CodeIgniter.php(509): CodeIgniter\CodeIgniter->runController(Object(App\Controllers\Home))
 6 SYSTEMPATH\CodeIgniter.php(355): CodeIgniter\CodeIgniter->handleRequest(null, Object(Config\Cache), false)
 7 SYSTEMPATH\Boot.php(312): CodeIgniter\CodeIgniter->run()
 8 SYSTEMPATH\Boot.php(67): CodeIgniter\Boot::runCodeIgniter(Object(CodeIgniter\CodeIgniter))
 9 FCPATH\index.php(56): CodeIgniter\Boot::bootWeb(Object(Config\Paths))
ERROR - 2024-11-13 12:03:50 --> Error connecting to the database: ErrorException: pg_connect(): Unable to connect to PostgreSQL server: FATAL:  remaining connection slots are reserved for roles with the SUPERUSER attribute in C:\xampp\htdocs\OPDClinic\system\Database\Postgre\Connection.php:78
Stack trace:
#0 [internal function]: CodeIgniter\Debug\Exceptions->errorHandler(2, 'pg_connect(): U...', 'C:\\xampp\\htdocs...', 78)
#1 C:\xampp\htdocs\OPDClinic\system\Database\Postgre\Connection.php(78): pg_connect('host=db-postgre...')
#2 C:\xampp\htdocs\OPDClinic\system\Database\BaseConnection.php(421): CodeIgniter\Database\Postgre\Connection->connect(false)
#3 C:\xampp\htdocs\OPDClinic\system\Database\BaseConnection.php(604): CodeIgniter\Database\BaseConnection->initialize()
#4 C:\xampp\htdocs\OPDClinic\system\Database\BaseBuilder.php(1629): CodeIgniter\Database\BaseConnection->query('SELECT "tbl_app...', Array, false)
#5 C:\xampp\htdocs\OPDClinic\app\Controllers\Home.php(786): CodeIgniter\Database\BaseBuilder->get()
#6 C:\xampp\htdocs\OPDClinic\system\CodeIgniter.php(933): App\Controllers\Home->get_todays_appointment_data('tbl_appointment')
#7 C:\xampp\htdocs\OPDClinic\system\CodeIgniter.php(509): CodeIgniter\CodeIgniter->runController(Object(App\Controllers\Home))
#8 C:\xampp\htdocs\OPDClinic\system\CodeIgniter.php(355): CodeIgniter\CodeIgniter->handleRequest(NULL, Object(Config\Cache), false)
#9 C:\xampp\htdocs\OPDClinic\system\Boot.php(312): CodeIgniter\CodeIgniter->run()
#10 C:\xampp\htdocs\OPDClinic\system\Boot.php(67): CodeIgniter\Boot::runCodeIgniter(Object(CodeIgniter\CodeIgniter))
#11 C:\xampp\htdocs\OPDClinic\index.php(56): CodeIgniter\Boot::bootWeb(Object(Config\Paths))
#12 {main}
ERROR - 2024-11-13 12:03:50 --> Error connecting to the database: ErrorException: pg_connect(): Unable to connect to PostgreSQL server: FATAL:  remaining connection slots are reserved for roles with the SUPERUSER attribute in C:\xampp\htdocs\OPDClinic\system\Database\Postgre\Connection.php:78
Stack trace:
#0 [internal function]: CodeIgniter\Debug\Exceptions->errorHandler(2, 'pg_connect(): U...', 'C:\\xampp\\htdocs...', 78)
#1 C:\xampp\htdocs\OPDClinic\system\Database\Postgre\Connection.php(78): pg_connect('host=db-postgre...')
#2 C:\xampp\htdocs\OPDClinic\system\Database\BaseConnection.php(421): CodeIgniter\Database\Postgre\Connection->connect(false)
#3 C:\xampp\htdocs\OPDClinic\system\Database\BaseConnection.php(604): CodeIgniter\Database\BaseConnection->initialize()
#4 C:\xampp\htdocs\OPDClinic\system\Database\BaseBuilder.php(1629): CodeIgniter\Database\BaseConnection->query('SELECT "tbl_app...', Array, false)
#5 C:\xampp\htdocs\OPDClinic\app\Controllers\Home.php(969): CodeIgniter\Database\BaseBuilder->get()
#6 C:\xampp\htdocs\OPDClinic\system\CodeIgniter.php(933): App\Controllers\Home->getConductedAppointments()
#7 C:\xampp\htdocs\OPDClinic\system\CodeIgniter.php(509): CodeIgniter\CodeIgniter->runController(Object(App\Controllers\Home))
#8 C:\xampp\htdocs\OPDClinic\system\CodeIgniter.php(355): CodeIgniter\CodeIgniter->handleRequest(NULL, Object(Config\Cache), false)
#9 C:\xampp\htdocs\OPDClinic\system\Boot.php(312): CodeIgniter\CodeIgniter->run()
#10 C:\xampp\htdocs\OPDClinic\system\Boot.php(67): CodeIgniter\Boot::runCodeIgniter(Object(CodeIgniter\CodeIgniter))
#11 C:\xampp\htdocs\OPDClinic\index.php(56): CodeIgniter\Boot::bootWeb(Object(Config\Paths))
#12 {main}
CRITICAL - 2024-11-13 12:03:51 --> CodeIgniter\Database\Exceptions\DatabaseException: Unable to connect to the database.
Main connection [Postgre]: pg_connect(): Unable to connect to PostgreSQL server: FATAL:  remaining connection slots are reserved for roles with the SUPERUSER attribute
[Method: GET, Route: get_conducted_appointments]
in SYSTEMPATH\Database\BaseConnection.php on line 457.
 1 SYSTEMPATH\Database\BaseConnection.php(604): CodeIgniter\Database\BaseConnection->initialize()
 2 SYSTEMPATH\Database\BaseBuilder.php(1629): CodeIgniter\Database\BaseConnection->query('SELECT "tbl_appointment".*, "tbl_slots"."slots_time" AS "slot_time", "tbl_branch"."branch_name" AS "branch_name", "tbl_register"."name" AS "consultant_name", "tbl_section"."section_name" AS "section_name"
FROM "tbl_appointment"
LEFT JOIN "tbl_slots" ON CAST(tbl_appointment.slot AS INTEGER) = tbl_slots.id
LEFT JOIN "tbl_branch" ON "tbl_appointment"."branch" = "tbl_branch"."id"
LEFT JOIN "tbl_register" ON "tbl_appointment"."consultant" = "tbl_register"."id"
LEFT JOIN "tbl_section" ON "tbl_appointment"."section" = "tbl_section"."id"
WHERE "tbl_appointment"."appointment_status" = :tbl_appointment.appointment_status:', [...], false)
 3 APPPATH\Controllers\Home.php(969): CodeIgniter\Database\BaseBuilder->get()
 4 SYSTEMPATH\CodeIgniter.php(933): App\Controllers\Home->getConductedAppointments()
 5 SYSTEMPATH\CodeIgniter.php(509): CodeIgniter\CodeIgniter->runController(Object(App\Controllers\Home))
 6 SYSTEMPATH\CodeIgniter.php(355): CodeIgniter\CodeIgniter->handleRequest(null, Object(Config\Cache), false)
 7 SYSTEMPATH\Boot.php(312): CodeIgniter\CodeIgniter->run()
 8 SYSTEMPATH\Boot.php(67): CodeIgniter\Boot::runCodeIgniter(Object(CodeIgniter\CodeIgniter))
 9 FCPATH\index.php(56): CodeIgniter\Boot::bootWeb(Object(Config\Paths))
CRITICAL - 2024-11-13 12:03:51 --> CodeIgniter\Database\Exceptions\DatabaseException: Unable to connect to the database.
Main connection [Postgre]: pg_connect(): Unable to connect to PostgreSQL server: FATAL:  remaining connection slots are reserved for roles with the SUPERUSER attribute
[Method: GET, Route: get_todays_appointment_data/tbl_appointment]
in SYSTEMPATH\Database\BaseConnection.php on line 457.
 1 SYSTEMPATH\Database\BaseConnection.php(604): CodeIgniter\Database\BaseConnection->initialize()
 2 SYSTEMPATH\Database\BaseBuilder.php(1629): CodeIgniter\Database\BaseConnection->query('SELECT "tbl_appointment".*, "tbl_register"."name" AS "cname", "tbl_branch"."branch_name" AS "branch_name", "tbl_slots"."slots_time" AS "slots_time", "tbl_slots"."day_name" AS "day_name", "tbl_section"."section_name" AS "section_name"
FROM "tbl_appointment"
LEFT JOIN "tbl_register" ON "tbl_register"."id" = "tbl_appointment"."consultant"
LEFT JOIN "tbl_branch" ON "tbl_branch"."id" = "tbl_appointment"."branch"
LEFT JOIN "tbl_slots" ON "tbl_slots"."id" = CAST(tbl_appointment.slot AS INTEGER)
LEFT JOIN "tbl_section" ON "tbl_section"."id" = "tbl_appointment"."section"
WHERE "tbl_appointment"."is_deleted" = :tbl_appointment.is_deleted:
AND CAST(tbl_appointment.dates AS DATE) = :CAST(tbl_appointment.dates AS DATE):', [...], false)
 3 APPPATH\Controllers\Home.php(786): CodeIgniter\Database\BaseBuilder->get()
 4 SYSTEMPATH\CodeIgniter.php(933): App\Controllers\Home->get_todays_appointment_data('tbl_appointment')
 5 SYSTEMPATH\CodeIgniter.php(509): CodeIgniter\CodeIgniter->runController(Object(App\Controllers\Home))
 6 SYSTEMPATH\CodeIgniter.php(355): CodeIgniter\CodeIgniter->handleRequest(null, Object(Config\Cache), false)
 7 SYSTEMPATH\Boot.php(312): CodeIgniter\CodeIgniter->run()
 8 SYSTEMPATH\Boot.php(67): CodeIgniter\Boot::runCodeIgniter(Object(CodeIgniter\CodeIgniter))
 9 FCPATH\index.php(56): CodeIgniter\Boot::bootWeb(Object(Config\Paths))
ERROR - 2024-11-13 12:03:51 --> Error connecting to the database: ErrorException: pg_connect(): Unable to connect to PostgreSQL server: FATAL:  remaining connection slots are reserved for roles with the SUPERUSER attribute in C:\xampp\htdocs\OPDClinic\system\Database\Postgre\Connection.php:78
Stack trace:
#0 [internal function]: CodeIgniter\Debug\Exceptions->errorHandler(2, 'pg_connect(): U...', 'C:\\xampp\\htdocs...', 78)
#1 C:\xampp\htdocs\OPDClinic\system\Database\Postgre\Connection.php(78): pg_connect('host=db-postgre...')
#2 C:\xampp\htdocs\OPDClinic\system\Database\BaseConnection.php(421): CodeIgniter\Database\Postgre\Connection->connect(false)
#3 C:\xampp\htdocs\OPDClinic\system\Database\BaseConnection.php(604): CodeIgniter\Database\BaseConnection->initialize()
#4 C:\xampp\htdocs\OPDClinic\system\Database\BaseBuilder.php(1629): CodeIgniter\Database\BaseConnection->query('SELECT "tbl_app...', Array, false)
#5 C:\xampp\htdocs\OPDClinic\app\Controllers\Home.php(969): CodeIgniter\Database\BaseBuilder->get()
#6 C:\xampp\htdocs\OPDClinic\system\CodeIgniter.php(933): App\Controllers\Home->getConductedAppointments()
#7 C:\xampp\htdocs\OPDClinic\system\CodeIgniter.php(509): CodeIgniter\CodeIgniter->runController(Object(App\Controllers\Home))
#8 C:\xampp\htdocs\OPDClinic\system\CodeIgniter.php(355): CodeIgniter\CodeIgniter->handleRequest(NULL, Object(Config\Cache), false)
#9 C:\xampp\htdocs\OPDClinic\system\Boot.php(312): CodeIgniter\CodeIgniter->run()
#10 C:\xampp\htdocs\OPDClinic\system\Boot.php(67): CodeIgniter\Boot::runCodeIgniter(Object(CodeIgniter\CodeIgniter))
#11 C:\xampp\htdocs\OPDClinic\index.php(56): CodeIgniter\Boot::bootWeb(Object(Config\Paths))
#12 {main}
CRITICAL - 2024-11-13 12:03:51 --> CodeIgniter\Database\Exceptions\DatabaseException: Unable to connect to the database.
Main connection [Postgre]: pg_connect(): Unable to connect to PostgreSQL server: FATAL:  remaining connection slots are reserved for roles with the SUPERUSER attribute
[Method: GET, Route: get_conducted_appointments]
in SYSTEMPATH\Database\BaseConnection.php on line 457.
 1 SYSTEMPATH\Database\BaseConnection.php(604): CodeIgniter\Database\BaseConnection->initialize()
 2 SYSTEMPATH\Database\BaseBuilder.php(1629): CodeIgniter\Database\BaseConnection->query('SELECT "tbl_appointment".*, "tbl_slots"."slots_time" AS "slot_time", "tbl_branch"."branch_name" AS "branch_name", "tbl_register"."name" AS "consultant_name", "tbl_section"."section_name" AS "section_name"
FROM "tbl_appointment"
LEFT JOIN "tbl_slots" ON CAST(tbl_appointment.slot AS INTEGER) = tbl_slots.id
LEFT JOIN "tbl_branch" ON "tbl_appointment"."branch" = "tbl_branch"."id"
LEFT JOIN "tbl_register" ON "tbl_appointment"."consultant" = "tbl_register"."id"
LEFT JOIN "tbl_section" ON "tbl_appointment"."section" = "tbl_section"."id"
WHERE "tbl_appointment"."appointment_status" = :tbl_appointment.appointment_status:', [...], false)
 3 APPPATH\Controllers\Home.php(969): CodeIgniter\Database\BaseBuilder->get()
 4 SYSTEMPATH\CodeIgniter.php(933): App\Controllers\Home->getConductedAppointments()
 5 SYSTEMPATH\CodeIgniter.php(509): CodeIgniter\CodeIgniter->runController(Object(App\Controllers\Home))
 6 SYSTEMPATH\CodeIgniter.php(355): CodeIgniter\CodeIgniter->handleRequest(null, Object(Config\Cache), false)
 7 SYSTEMPATH\Boot.php(312): CodeIgniter\CodeIgniter->run()
 8 SYSTEMPATH\Boot.php(67): CodeIgniter\Boot::runCodeIgniter(Object(CodeIgniter\CodeIgniter))
 9 FCPATH\index.php(56): CodeIgniter\Boot::bootWeb(Object(Config\Paths))
ERROR - 2024-11-13 12:03:51 --> Error connecting to the database: ErrorException: pg_connect(): Unable to connect to PostgreSQL server: FATAL:  remaining connection slots are reserved for roles with the SUPERUSER attribute in C:\xampp\htdocs\OPDClinic\system\Database\Postgre\Connection.php:78
Stack trace:
#0 [internal function]: CodeIgniter\Debug\Exceptions->errorHandler(2, 'pg_connect(): U...', 'C:\\xampp\\htdocs...', 78)
#1 C:\xampp\htdocs\OPDClinic\system\Database\Postgre\Connection.php(78): pg_connect('host=db-postgre...')
#2 C:\xampp\htdocs\OPDClinic\system\Database\BaseConnection.php(421): CodeIgniter\Database\Postgre\Connection->connect(false)
#3 C:\xampp\htdocs\OPDClinic\system\Database\BaseConnection.php(604): CodeIgniter\Database\BaseConnection->initialize()
#4 C:\xampp\htdocs\OPDClinic\system\Database\BaseBuilder.php(1629): CodeIgniter\Database\BaseConnection->query('SELECT "tbl_app...', Array, false)
#5 C:\xampp\htdocs\OPDClinic\app\Controllers\Home.php(1046): CodeIgniter\Database\BaseBuilder->get()
#6 C:\xampp\htdocs\OPDClinic\system\CodeIgniter.php(933): App\Controllers\Home->getCancelledAppointments()
#7 C:\xampp\htdocs\OPDClinic\system\CodeIgniter.php(509): CodeIgniter\CodeIgniter->runController(Object(App\Controllers\Home))
#8 C:\xampp\htdocs\OPDClinic\system\CodeIgniter.php(355): CodeIgniter\CodeIgniter->handleRequest(NULL, Object(Config\Cache), false)
#9 C:\xampp\htdocs\OPDClinic\system\Boot.php(312): CodeIgniter\CodeIgniter->run()
#10 C:\xampp\htdocs\OPDClinic\system\Boot.php(67): CodeIgniter\Boot::runCodeIgniter(Object(CodeIgniter\CodeIgniter))
#11 C:\xampp\htdocs\OPDClinic\index.php(56): CodeIgniter\Boot::bootWeb(Object(Config\Paths))
#12 {main}
CRITICAL - 2024-11-13 12:03:51 --> CodeIgniter\Database\Exceptions\DatabaseException: Unable to connect to the database.
Main connection [Postgre]: pg_connect(): Unable to connect to PostgreSQL server: FATAL:  remaining connection slots are reserved for roles with the SUPERUSER attribute
[Method: GET, Route: get_cancelled_appointments]
in SYSTEMPATH\Database\BaseConnection.php on line 457.
 1 SYSTEMPATH\Database\BaseConnection.php(604): CodeIgniter\Database\BaseConnection->initialize()
 2 SYSTEMPATH\Database\BaseBuilder.php(1629): CodeIgniter\Database\BaseConnection->query('SELECT "tbl_appointment".*, "tbl_slots"."slots_time" AS "slot_time", "tbl_branch"."branch_name" AS "branch_name", "tbl_register"."name" AS "consultant_name", "tbl_section"."section_name" AS "section_name"
FROM "tbl_appointment"
LEFT JOIN "tbl_slots" ON CAST(tbl_appointment.slot AS INTEGER) = tbl_slots.id
LEFT JOIN "tbl_branch" ON "tbl_appointment"."branch" = "tbl_branch"."id"
LEFT JOIN "tbl_register" ON "tbl_appointment"."consultant" = "tbl_register"."id"
LEFT JOIN "tbl_section" ON "tbl_appointment"."section" = "tbl_section"."id"
WHERE "tbl_appointment"."appointment_status" = :tbl_appointment.appointment_status:', [...], false)
 3 APPPATH\Controllers\Home.php(1046): CodeIgniter\Database\BaseBuilder->get()
 4 SYSTEMPATH\CodeIgniter.php(933): App\Controllers\Home->getCancelledAppointments()
 5 SYSTEMPATH\CodeIgniter.php(509): CodeIgniter\CodeIgniter->runController(Object(App\Controllers\Home))
 6 SYSTEMPATH\CodeIgniter.php(355): CodeIgniter\CodeIgniter->handleRequest(null, Object(Config\Cache), false)
 7 SYSTEMPATH\Boot.php(312): CodeIgniter\CodeIgniter->run()
 8 SYSTEMPATH\Boot.php(67): CodeIgniter\Boot::runCodeIgniter(Object(CodeIgniter\CodeIgniter))
 9 FCPATH\index.php(56): CodeIgniter\Boot::bootWeb(Object(Config\Paths))
ERROR - 2024-11-13 12:03:51 --> Error connecting to the database: ErrorException: pg_connect(): Unable to connect to PostgreSQL server: FATAL:  remaining connection slots are reserved for roles with the SUPERUSER attribute in C:\xampp\htdocs\OPDClinic\system\Database\Postgre\Connection.php:78
Stack trace:
#0 [internal function]: CodeIgniter\Debug\Exceptions->errorHandler(2, 'pg_connect(): U...', 'C:\\xampp\\htdocs...', 78)
#1 C:\xampp\htdocs\OPDClinic\system\Database\Postgre\Connection.php(78): pg_connect('host=db-postgre...')
#2 C:\xampp\htdocs\OPDClinic\system\Database\BaseConnection.php(421): CodeIgniter\Database\Postgre\Connection->connect(false)
#3 C:\xampp\htdocs\OPDClinic\system\Database\BaseConnection.php(604): CodeIgniter\Database\BaseConnection->initialize()
#4 C:\xampp\htdocs\OPDClinic\system\Database\BaseBuilder.php(1629): CodeIgniter\Database\BaseConnection->query('SELECT "tbl_app...', Array, false)
#5 C:\xampp\htdocs\OPDClinic\app\Controllers\Home.php(995): CodeIgniter\Database\BaseBuilder->get()
#6 C:\xampp\htdocs\OPDClinic\system\CodeIgniter.php(933): App\Controllers\Home->getUpcomingAppointments()
#7 C:\xampp\htdocs\OPDClinic\system\CodeIgniter.php(509): CodeIgniter\CodeIgniter->runController(Object(App\Controllers\Home))
#8 C:\xampp\htdocs\OPDClinic\system\CodeIgniter.php(355): CodeIgniter\CodeIgniter->handleRequest(NULL, Object(Config\Cache), false)
#9 C:\xampp\htdocs\OPDClinic\system\Boot.php(312): CodeIgniter\CodeIgniter->run()
#10 C:\xampp\htdocs\OPDClinic\system\Boot.php(67): CodeIgniter\Boot::runCodeIgniter(Object(CodeIgniter\CodeIgniter))
#11 C:\xampp\htdocs\OPDClinic\index.php(56): CodeIgniter\Boot::bootWeb(Object(Config\Paths))
#12 {main}
CRITICAL - 2024-11-13 12:03:51 --> CodeIgniter\Database\Exceptions\DatabaseException: Unable to connect to the database.
Main connection [Postgre]: pg_connect(): Unable to connect to PostgreSQL server: FATAL:  remaining connection slots are reserved for roles with the SUPERUSER attribute
[Method: GET, Route: get_upcoming_appointments]
in SYSTEMPATH\Database\BaseConnection.php on line 457.
 1 SYSTEMPATH\Database\BaseConnection.php(604): CodeIgniter\Database\BaseConnection->initialize()
 2 SYSTEMPATH\Database\BaseBuilder.php(1629): CodeIgniter\Database\BaseConnection->query('SELECT "tbl_appointment".*, "tbl_slots"."slots_time" AS "slot_time", "tbl_branch"."branch_name" AS "branch_name", "tbl_register"."name" AS "consultant_name", "tbl_section"."section_name" AS "section_name"
FROM "tbl_appointment"
LEFT JOIN "tbl_slots" ON CAST(tbl_appointment.slot AS INTEGER) = tbl_slots.id
LEFT JOIN "tbl_branch" ON "tbl_appointment"."branch" = "tbl_branch"."id"
LEFT JOIN "tbl_register" ON "tbl_appointment"."consultant" = "tbl_register"."id"
LEFT JOIN "tbl_section" ON "tbl_appointment"."section" = "tbl_section"."id"
WHERE "tbl_appointment"."appointment_status" = :tbl_appointment.appointment_status:', [...], false)
 3 APPPATH\Controllers\Home.php(995): CodeIgniter\Database\BaseBuilder->get()
 4 SYSTEMPATH\CodeIgniter.php(933): App\Controllers\Home->getUpcomingAppointments()
 5 SYSTEMPATH\CodeIgniter.php(509): CodeIgniter\CodeIgniter->runController(Object(App\Controllers\Home))
 6 SYSTEMPATH\CodeIgniter.php(355): CodeIgniter\CodeIgniter->handleRequest(null, Object(Config\Cache), false)
 7 SYSTEMPATH\Boot.php(312): CodeIgniter\CodeIgniter->run()
 8 SYSTEMPATH\Boot.php(67): CodeIgniter\Boot::runCodeIgniter(Object(CodeIgniter\CodeIgniter))
 9 FCPATH\index.php(56): CodeIgniter\Boot::bootWeb(Object(Config\Paths))
