ERROR - 2025-03-21 04:44:04 --> ErrorException: pg_query(): Query failed: ERROR:  column s.Price does not exist
LINE 13:                     'price', COALESCE(s.&quot;Price&quot;, '')::text, ...
                                               ^
HINT:  Perhaps you meant to reference the column &quot;s.price&quot;.
QUERY:  SELECT jsonb_build_object(
            'status', 200,
            'message', 'Pending appointments retrieved successfully',
            'data', jsonb_agg(
                jsonb_build_object(
                    'id', a.id,
                    'branch', a.branch,
                    'consultant', a.consultant,
                    'section', a.section,
                    'slot', a.slot,
                    'appointment_status', a.appointment_status,
                    'slots_time', s.slots_time,
                    'price', COALESCE(s.&quot;Price&quot;, '')::text,  -- Use &quot;Price&quot; with quotes for case-sensitivity
                    'branch_name', b.branch_name,
                    'consultant_name', r.name,
                    'section_name', sec.section_name,
                    'full_name', a.full_name,
                    'mobile_no', a.mobile_no,
                    'email_id', a.email_id,
                    'locations', a.locations,
                    'startdate', a.startdate,
                    'dates', a.dates,  -- Include 'dates' column
                    'created_at', a.created_at
                )
            )
    )
                         FROM tbl_appointment a
    LEFT JOIN tbl_slots s ON CAST(a.slot AS INTEGER) = s.id
    LEFT JOIN tbl_register r ON a.consultant = r.id
    LEFT JOIN tbl_branch b ON a.branch = b.id
    LEFT JOIN tbl_section sec ON a.section = sec.id
    WHERE a.is_deleted = 'N'
    AND a.appointment_status = 'PE'  -- Only pending appointments
    AND a.dates &lt;= CURRENT_DATE
CONTEXT:  PL/pgSQL function get_pending_appointments() line 4 at SQL statement in C:\xampp\htdocs\salonClinic\system\Database\Postgre\Connection.php:193
Stack trace:
#0 [internal function]: CodeIgniter\Debug\Exceptions->errorHandler(2, 'pg_query(): Que...', 'C:\\xampp\\htdocs...', 193)
#1 C:\xampp\htdocs\salonClinic\system\Database\Postgre\Connection.php(193): pg_query(Object(PgSql\Connection), 'CALL get_pendin...')
#2 C:\xampp\htdocs\salonClinic\system\Database\BaseConnection.php(722): CodeIgniter\Database\Postgre\Connection->execute('CALL get_pendin...')
#3 C:\xampp\htdocs\salonClinic\system\Database\BaseConnection.php(636): CodeIgniter\Database\BaseConnection->simpleQuery('CALL get_pendin...')
#4 C:\xampp\htdocs\salonClinic\app\Controllers\Home.php(1696): CodeIgniter\Database\BaseConnection->query('CALL get_pendin...', Array)
#5 C:\xampp\htdocs\salonClinic\system\CodeIgniter.php(933): App\Controllers\Home->getPendingAppointments()
#6 C:\xampp\htdocs\salonClinic\system\CodeIgniter.php(509): CodeIgniter\CodeIgniter->runController(Object(App\Controllers\Home))
#7 C:\xampp\htdocs\salonClinic\system\CodeIgniter.php(355): CodeIgniter\CodeIgniter->handleRequest(NULL, Object(Config\Cache), false)
#8 C:\xampp\htdocs\salonClinic\system\Boot.php(312): CodeIgniter\CodeIgniter->run()
#9 C:\xampp\htdocs\salonClinic\system\Boot.php(67): CodeIgniter\Boot::runCodeIgniter(Object(CodeIgniter\CodeIgniter))
#10 C:\xampp\htdocs\salonClinic\index.php(56): CodeIgniter\Boot::bootWeb(Object(Config\Paths))
#11 {main}
CRITICAL - 2025-03-21 04:44:04 --> CodeIgniter\Database\Exceptions\DatabaseException: pg_query(): Query failed: ERROR:  column s.Price does not exist
LINE 13:                     'price', COALESCE(s.&quot;Price&quot;, '')::text, ...
                                               ^
HINT:  Perhaps you meant to reference the column &quot;s.price&quot;.
QUERY:  SELECT jsonb_build_object(
            'status', 200,
            'message', 'Pending appointments retrieved successfully',
            'data', jsonb_agg(
                jsonb_build_object(
                    'id', a.id,
                    'branch', a.branch,
                    'consultant', a.consultant,
                    'section', a.section,
                    'slot', a.slot,
                    'appointment_status', a.appointment_status,
                    'slots_time', s.slots_time,
                    'price', COALESCE(s.&quot;Price&quot;, '')::text,  -- Use &quot;Price&quot; with quotes for case-sensitivity
                    'branch_name', b.branch_name,
                    'consultant_name', r.name,
                    'section_name', sec.section_name,
                    'full_name', a.full_name,
                    'mobile_no', a.mobile_no,
                    'email_id', a.email_id,
                    'locations', a.locations,
                    'startdate', a.startdate,
                    'dates', a.dates,  -- Include 'dates' column
                    'created_at', a.created_at
                )
            )
    )
                         FROM tbl_appointment a
    LEFT JOIN tbl_slots s ON CAST(a.slot AS INTEGER) = s.id
    LEFT JOIN tbl_register r ON a.consultant = r.id
    LEFT JOIN tbl_branch b ON a.branch = b.id
    LEFT JOIN tbl_section sec ON a.section = sec.id
    WHERE a.is_deleted = 'N'
    AND a.appointment_status = 'PE'  -- Only pending appointments
    AND a.dates &lt;= CURRENT_DATE
CONTEXT:  PL/pgSQL function get_pending_appointments() line 4 at SQL statement
[Method: GET, Route: get_pending_appointments]
in SYSTEMPATH\Database\BaseConnection.php on line 676.
 1 APPPATH\Controllers\Home.php(1696): CodeIgniter\Database\BaseConnection->query('CALL get_pending_appointments(?)', [...])
 2 SYSTEMPATH\CodeIgniter.php(933): App\Controllers\Home->getPendingAppointments()
 3 SYSTEMPATH\CodeIgniter.php(509): CodeIgniter\CodeIgniter->runController(Object(App\Controllers\Home))
 4 SYSTEMPATH\CodeIgniter.php(355): CodeIgniter\CodeIgniter->handleRequest(null, Object(Config\Cache), false)
 5 SYSTEMPATH\Boot.php(312): CodeIgniter\CodeIgniter->run()
 6 SYSTEMPATH\Boot.php(67): CodeIgniter\Boot::runCodeIgniter(Object(CodeIgniter\CodeIgniter))
 7 FCPATH\index.php(56): CodeIgniter\Boot::bootWeb(Object(Config\Paths))
CRITICAL - 2025-03-21 04:44:04 --> [Caused by] CodeIgniter\Database\Exceptions\DatabaseException: pg_query(): Query failed: ERROR:  column s.Price does not exist
LINE 13:                     'price', COALESCE(s.&quot;Price&quot;, '')::text, ...
                                               ^
HINT:  Perhaps you meant to reference the column &quot;s.price&quot;.
QUERY:  SELECT jsonb_build_object(
            'status', 200,
            'message', 'Pending appointments retrieved successfully',
            'data', jsonb_agg(
                jsonb_build_object(
                    'id', a.id,
                    'branch', a.branch,
                    'consultant', a.consultant,
                    'section', a.section,
                    'slot', a.slot,
                    'appointment_status', a.appointment_status,
                    'slots_time', s.slots_time,
                    'price', COALESCE(s.&quot;Price&quot;, '')::text,  -- Use &quot;Price&quot; with quotes for case-sensitivity
                    'branch_name', b.branch_name,
                    'consultant_name', r.name,
                    'section_name', sec.section_name,
                    'full_name', a.full_name,
                    'mobile_no', a.mobile_no,
                    'email_id', a.email_id,
                    'locations', a.locations,
                    'startdate', a.startdate,
                    'dates', a.dates,  -- Include 'dates' column
                    'created_at', a.created_at
                )
            )
    )
                         FROM tbl_appointment a
    LEFT JOIN tbl_slots s ON CAST(a.slot AS INTEGER) = s.id
    LEFT JOIN tbl_register r ON a.consultant = r.id
    LEFT JOIN tbl_branch b ON a.branch = b.id
    LEFT JOIN tbl_section sec ON a.section = sec.id
    WHERE a.is_deleted = 'N'
    AND a.appointment_status = 'PE'  -- Only pending appointments
    AND a.dates &lt;= CURRENT_DATE
CONTEXT:  PL/pgSQL function get_pending_appointments() line 4 at SQL statement
in SYSTEMPATH\Database\Postgre\Connection.php on line 198.
 1 SYSTEMPATH\Database\BaseConnection.php(722): CodeIgniter\Database\Postgre\Connection->execute('CALL get_pending_appointments(NULL)')
 2 SYSTEMPATH\Database\BaseConnection.php(636): CodeIgniter\Database\BaseConnection->simpleQuery('CALL get_pending_appointments(NULL)')
 3 APPPATH\Controllers\Home.php(1696): CodeIgniter\Database\BaseConnection->query('CALL get_pending_appointments(?)', [...])
 4 SYSTEMPATH\CodeIgniter.php(933): App\Controllers\Home->getPendingAppointments()
 5 SYSTEMPATH\CodeIgniter.php(509): CodeIgniter\CodeIgniter->runController(Object(App\Controllers\Home))
 6 SYSTEMPATH\CodeIgniter.php(355): CodeIgniter\CodeIgniter->handleRequest(null, Object(Config\Cache), false)
 7 SYSTEMPATH\Boot.php(312): CodeIgniter\CodeIgniter->run()
 8 SYSTEMPATH\Boot.php(67): CodeIgniter\Boot::runCodeIgniter(Object(CodeIgniter\CodeIgniter))
 9 FCPATH\index.php(56): CodeIgniter\Boot::bootWeb(Object(Config\Paths))
CRITICAL - 2025-03-21 04:44:04 --> [Caused by] ErrorException: pg_query(): Query failed: ERROR:  column s.Price does not exist
LINE 13:                     'price', COALESCE(s.&quot;Price&quot;, '')::text, ...
                                               ^
HINT:  Perhaps you meant to reference the column &quot;s.price&quot;.
QUERY:  SELECT jsonb_build_object(
            'status', 200,
            'message', 'Pending appointments retrieved successfully',
            'data', jsonb_agg(
                jsonb_build_object(
                    'id', a.id,
                    'branch', a.branch,
                    'consultant', a.consultant,
                    'section', a.section,
                    'slot', a.slot,
                    'appointment_status', a.appointment_status,
                    'slots_time', s.slots_time,
                    'price', COALESCE(s.&quot;Price&quot;, '')::text,  -- Use &quot;Price&quot; with quotes for case-sensitivity
                    'branch_name', b.branch_name,
                    'consultant_name', r.name,
                    'section_name', sec.section_name,
                    'full_name', a.full_name,
                    'mobile_no', a.mobile_no,
                    'email_id', a.email_id,
                    'locations', a.locations,
                    'startdate', a.startdate,
                    'dates', a.dates,  -- Include 'dates' column
                    'created_at', a.created_at
                )
            )
    )
                         FROM tbl_appointment a
    LEFT JOIN tbl_slots s ON CAST(a.slot AS INTEGER) = s.id
    LEFT JOIN tbl_register r ON a.consultant = r.id
    LEFT JOIN tbl_branch b ON a.branch = b.id
    LEFT JOIN tbl_section sec ON a.section = sec.id
    WHERE a.is_deleted = 'N'
    AND a.appointment_status = 'PE'  -- Only pending appointments
    AND a.dates &lt;= CURRENT_DATE
CONTEXT:  PL/pgSQL function get_pending_appointments() line 4 at SQL statement
in SYSTEMPATH\Database\Postgre\Connection.php on line 193.
 1 [internal function]: CodeIgniter\Debug\Exceptions->errorHandler(2, 'pg_query(): Query failed: ERROR:  column s.Price does not exist
LINE 13:                     \'price\', COALESCE(s.&quot;Price&quot;, \'\')::text, ...
                                               ^
HINT:  Perhaps you meant to reference the column &quot;s.price&quot;.
QUERY:  SELECT jsonb_build_object(
            \'status\', 200,
            \'message\', \'Pending appointments retrieved successfully\',
            \'data\', jsonb_agg(
                jsonb_build_object(
                    \'id\', a.id,
                    \'branch\', a.branch,
                    \'consultant\', a.consultant,
                    \'section\', a.section,
                    \'slot\', a.slot,
                    \'appointment_status\', a.appointment_status,
                    \'slots_time\', s.slots_time,
                    \'price\', COALESCE(s.&quot;Price&quot;, \'\')::text,  -- Use &quot;Price&quot; with quotes for case-sensitivity
                    \'branch_name\', b.branch_name,
                    \'consultant_name\', r.name,
                    \'section_name\', sec.section_name,
                    \'full_name\', a.full_name,
                    \'mobile_no\', a.mobile_no,
                    \'email_id\', a.email_id,
                    \'locations\', a.locations,
                    \'startdate\', a.startdate,
                    \'dates\', a.dates,  -- Include \'dates\' column
                    \'created_at\', a.created_at
                )
            )
    )
                         FROM tbl_appointment a
    LEFT JOIN tbl_slots s ON CAST(a.slot AS INTEGER) = s.id
    LEFT JOIN tbl_register r ON a.consultant = r.id
    LEFT JOIN tbl_branch b ON a.branch = b.id
    LEFT JOIN tbl_section sec ON a.section = sec.id
    WHERE a.is_deleted = \'N\'
    AND a.appointment_status = \'PE\'  -- Only pending appointments
    AND a.dates &lt;= CURRENT_DATE
CONTEXT:  PL/pgSQL function get_pending_appointments() line 4 at SQL statement', 'C:\\xampp\\htdocs\\salonClinic\\system\\Database\\Postgre\\Connection.php', 193)
 2 SYSTEMPATH\Database\Postgre\Connection.php(193): pg_query(Object(PgSql\Connection), 'CALL get_pending_appointments(NULL)')
 3 SYSTEMPATH\Database\BaseConnection.php(722): CodeIgniter\Database\Postgre\Connection->execute('CALL get_pending_appointments(NULL)')
 4 SYSTEMPATH\Database\BaseConnection.php(636): CodeIgniter\Database\BaseConnection->simpleQuery('CALL get_pending_appointments(NULL)')
 5 APPPATH\Controllers\Home.php(1696): CodeIgniter\Database\BaseConnection->query('CALL get_pending_appointments(?)', [...])
 6 SYSTEMPATH\CodeIgniter.php(933): App\Controllers\Home->getPendingAppointments()
 7 SYSTEMPATH\CodeIgniter.php(509): CodeIgniter\CodeIgniter->runController(Object(App\Controllers\Home))
 8 SYSTEMPATH\CodeIgniter.php(355): CodeIgniter\CodeIgniter->handleRequest(null, Object(Config\Cache), false)
 9 SYSTEMPATH\Boot.php(312): CodeIgniter\CodeIgniter->run()
10 SYSTEMPATH\Boot.php(67): CodeIgniter\Boot::runCodeIgniter(Object(CodeIgniter\CodeIgniter))
11 FCPATH\index.php(56): CodeIgniter\Boot::bootWeb(Object(Config\Paths))
ERROR - 2025-03-21 05:09:55 --> ErrorException: pg_query(): Query failed: ERROR:  column s.Price does not exist
LINE 13:                     'price', COALESCE(s.&quot;Price&quot;, '')::text, ...
                                               ^
HINT:  Perhaps you meant to reference the column &quot;s.price&quot;.
QUERY:  SELECT jsonb_build_object(
            'status', 200,
            'message', 'Pending appointments retrieved successfully',
            'data', jsonb_agg(
                jsonb_build_object(
                    'id', a.id,
                    'branch', a.branch,
                    'consultant', a.consultant,
                    'section', a.section,
                    'slot', a.slot,
                    'appointment_status', a.appointment_status,
                    'slots_time', s.slots_time,
                    'price', COALESCE(s.&quot;Price&quot;, '')::text,  -- Use &quot;Price&quot; with quotes for case-sensitivity
                    'branch_name', b.branch_name,
                    'consultant_name', r.name,
                    'section_name', sec.section_name,
                    'full_name', a.full_name,
                    'mobile_no', a.mobile_no,
                    'email_id', a.email_id,
                    'locations', a.locations,
                    'startdate', a.startdate,
                    'dates', a.dates,  -- Include 'dates' column
                    'created_at', a.created_at
                )
            )
    )
                         FROM tbl_appointment a
    LEFT JOIN tbl_slots s ON CAST(a.slot AS INTEGER) = s.id
    LEFT JOIN tbl_register r ON a.consultant = r.id
    LEFT JOIN tbl_branch b ON a.branch = b.id
    LEFT JOIN tbl_section sec ON a.section = sec.id
    WHERE a.is_deleted = 'N'
    AND a.appointment_status = 'PE'  -- Only pending appointments
    AND a.dates &lt;= CURRENT_DATE
CONTEXT:  PL/pgSQL function get_pending_appointments() line 4 at SQL statement in C:\xampp\htdocs\salonClinic\system\Database\Postgre\Connection.php:193
Stack trace:
#0 [internal function]: CodeIgniter\Debug\Exceptions->errorHandler(2, 'pg_query(): Que...', 'C:\\xampp\\htdocs...', 193)
#1 C:\xampp\htdocs\salonClinic\system\Database\Postgre\Connection.php(193): pg_query(Object(PgSql\Connection), 'CALL get_pendin...')
#2 C:\xampp\htdocs\salonClinic\system\Database\BaseConnection.php(722): CodeIgniter\Database\Postgre\Connection->execute('CALL get_pendin...')
#3 C:\xampp\htdocs\salonClinic\system\Database\BaseConnection.php(636): CodeIgniter\Database\BaseConnection->simpleQuery('CALL get_pendin...')
#4 C:\xampp\htdocs\salonClinic\app\Controllers\Home.php(1696): CodeIgniter\Database\BaseConnection->query('CALL get_pendin...', Array)
#5 C:\xampp\htdocs\salonClinic\system\CodeIgniter.php(933): App\Controllers\Home->getPendingAppointments()
#6 C:\xampp\htdocs\salonClinic\system\CodeIgniter.php(509): CodeIgniter\CodeIgniter->runController(Object(App\Controllers\Home))
#7 C:\xampp\htdocs\salonClinic\system\CodeIgniter.php(355): CodeIgniter\CodeIgniter->handleRequest(NULL, Object(Config\Cache), false)
#8 C:\xampp\htdocs\salonClinic\system\Boot.php(312): CodeIgniter\CodeIgniter->run()
#9 C:\xampp\htdocs\salonClinic\system\Boot.php(67): CodeIgniter\Boot::runCodeIgniter(Object(CodeIgniter\CodeIgniter))
#10 C:\xampp\htdocs\salonClinic\index.php(56): CodeIgniter\Boot::bootWeb(Object(Config\Paths))
#11 {main}
CRITICAL - 2025-03-21 05:09:55 --> CodeIgniter\Database\Exceptions\DatabaseException: pg_query(): Query failed: ERROR:  column s.Price does not exist
LINE 13:                     'price', COALESCE(s.&quot;Price&quot;, '')::text, ...
                                               ^
HINT:  Perhaps you meant to reference the column &quot;s.price&quot;.
QUERY:  SELECT jsonb_build_object(
            'status', 200,
            'message', 'Pending appointments retrieved successfully',
            'data', jsonb_agg(
                jsonb_build_object(
                    'id', a.id,
                    'branch', a.branch,
                    'consultant', a.consultant,
                    'section', a.section,
                    'slot', a.slot,
                    'appointment_status', a.appointment_status,
                    'slots_time', s.slots_time,
                    'price', COALESCE(s.&quot;Price&quot;, '')::text,  -- Use &quot;Price&quot; with quotes for case-sensitivity
                    'branch_name', b.branch_name,
                    'consultant_name', r.name,
                    'section_name', sec.section_name,
                    'full_name', a.full_name,
                    'mobile_no', a.mobile_no,
                    'email_id', a.email_id,
                    'locations', a.locations,
                    'startdate', a.startdate,
                    'dates', a.dates,  -- Include 'dates' column
                    'created_at', a.created_at
                )
            )
    )
                         FROM tbl_appointment a
    LEFT JOIN tbl_slots s ON CAST(a.slot AS INTEGER) = s.id
    LEFT JOIN tbl_register r ON a.consultant = r.id
    LEFT JOIN tbl_branch b ON a.branch = b.id
    LEFT JOIN tbl_section sec ON a.section = sec.id
    WHERE a.is_deleted = 'N'
    AND a.appointment_status = 'PE'  -- Only pending appointments
    AND a.dates &lt;= CURRENT_DATE
CONTEXT:  PL/pgSQL function get_pending_appointments() line 4 at SQL statement
[Method: GET, Route: get_pending_appointments]
in SYSTEMPATH\Database\BaseConnection.php on line 676.
 1 APPPATH\Controllers\Home.php(1696): CodeIgniter\Database\BaseConnection->query('CALL get_pending_appointments(?)', [...])
 2 SYSTEMPATH\CodeIgniter.php(933): App\Controllers\Home->getPendingAppointments()
 3 SYSTEMPATH\CodeIgniter.php(509): CodeIgniter\CodeIgniter->runController(Object(App\Controllers\Home))
 4 SYSTEMPATH\CodeIgniter.php(355): CodeIgniter\CodeIgniter->handleRequest(null, Object(Config\Cache), false)
 5 SYSTEMPATH\Boot.php(312): CodeIgniter\CodeIgniter->run()
 6 SYSTEMPATH\Boot.php(67): CodeIgniter\Boot::runCodeIgniter(Object(CodeIgniter\CodeIgniter))
 7 FCPATH\index.php(56): CodeIgniter\Boot::bootWeb(Object(Config\Paths))
CRITICAL - 2025-03-21 05:09:55 --> [Caused by] CodeIgniter\Database\Exceptions\DatabaseException: pg_query(): Query failed: ERROR:  column s.Price does not exist
LINE 13:                     'price', COALESCE(s.&quot;Price&quot;, '')::text, ...
                                               ^
HINT:  Perhaps you meant to reference the column &quot;s.price&quot;.
QUERY:  SELECT jsonb_build_object(
            'status', 200,
            'message', 'Pending appointments retrieved successfully',
            'data', jsonb_agg(
                jsonb_build_object(
                    'id', a.id,
                    'branch', a.branch,
                    'consultant', a.consultant,
                    'section', a.section,
                    'slot', a.slot,
                    'appointment_status', a.appointment_status,
                    'slots_time', s.slots_time,
                    'price', COALESCE(s.&quot;Price&quot;, '')::text,  -- Use &quot;Price&quot; with quotes for case-sensitivity
                    'branch_name', b.branch_name,
                    'consultant_name', r.name,
                    'section_name', sec.section_name,
                    'full_name', a.full_name,
                    'mobile_no', a.mobile_no,
                    'email_id', a.email_id,
                    'locations', a.locations,
                    'startdate', a.startdate,
                    'dates', a.dates,  -- Include 'dates' column
                    'created_at', a.created_at
                )
            )
    )
                         FROM tbl_appointment a
    LEFT JOIN tbl_slots s ON CAST(a.slot AS INTEGER) = s.id
    LEFT JOIN tbl_register r ON a.consultant = r.id
    LEFT JOIN tbl_branch b ON a.branch = b.id
    LEFT JOIN tbl_section sec ON a.section = sec.id
    WHERE a.is_deleted = 'N'
    AND a.appointment_status = 'PE'  -- Only pending appointments
    AND a.dates &lt;= CURRENT_DATE
CONTEXT:  PL/pgSQL function get_pending_appointments() line 4 at SQL statement
in SYSTEMPATH\Database\Postgre\Connection.php on line 198.
 1 SYSTEMPATH\Database\BaseConnection.php(722): CodeIgniter\Database\Postgre\Connection->execute('CALL get_pending_appointments(NULL)')
 2 SYSTEMPATH\Database\BaseConnection.php(636): CodeIgniter\Database\BaseConnection->simpleQuery('CALL get_pending_appointments(NULL)')
 3 APPPATH\Controllers\Home.php(1696): CodeIgniter\Database\BaseConnection->query('CALL get_pending_appointments(?)', [...])
 4 SYSTEMPATH\CodeIgniter.php(933): App\Controllers\Home->getPendingAppointments()
 5 SYSTEMPATH\CodeIgniter.php(509): CodeIgniter\CodeIgniter->runController(Object(App\Controllers\Home))
 6 SYSTEMPATH\CodeIgniter.php(355): CodeIgniter\CodeIgniter->handleRequest(null, Object(Config\Cache), false)
 7 SYSTEMPATH\Boot.php(312): CodeIgniter\CodeIgniter->run()
 8 SYSTEMPATH\Boot.php(67): CodeIgniter\Boot::runCodeIgniter(Object(CodeIgniter\CodeIgniter))
 9 FCPATH\index.php(56): CodeIgniter\Boot::bootWeb(Object(Config\Paths))
CRITICAL - 2025-03-21 05:09:55 --> [Caused by] ErrorException: pg_query(): Query failed: ERROR:  column s.Price does not exist
LINE 13:                     'price', COALESCE(s.&quot;Price&quot;, '')::text, ...
                                               ^
HINT:  Perhaps you meant to reference the column &quot;s.price&quot;.
QUERY:  SELECT jsonb_build_object(
            'status', 200,
            'message', 'Pending appointments retrieved successfully',
            'data', jsonb_agg(
                jsonb_build_object(
                    'id', a.id,
                    'branch', a.branch,
                    'consultant', a.consultant,
                    'section', a.section,
                    'slot', a.slot,
                    'appointment_status', a.appointment_status,
                    'slots_time', s.slots_time,
                    'price', COALESCE(s.&quot;Price&quot;, '')::text,  -- Use &quot;Price&quot; with quotes for case-sensitivity
                    'branch_name', b.branch_name,
                    'consultant_name', r.name,
                    'section_name', sec.section_name,
                    'full_name', a.full_name,
                    'mobile_no', a.mobile_no,
                    'email_id', a.email_id,
                    'locations', a.locations,
                    'startdate', a.startdate,
                    'dates', a.dates,  -- Include 'dates' column
                    'created_at', a.created_at
                )
            )
    )
                         FROM tbl_appointment a
    LEFT JOIN tbl_slots s ON CAST(a.slot AS INTEGER) = s.id
    LEFT JOIN tbl_register r ON a.consultant = r.id
    LEFT JOIN tbl_branch b ON a.branch = b.id
    LEFT JOIN tbl_section sec ON a.section = sec.id
    WHERE a.is_deleted = 'N'
    AND a.appointment_status = 'PE'  -- Only pending appointments
    AND a.dates &lt;= CURRENT_DATE
CONTEXT:  PL/pgSQL function get_pending_appointments() line 4 at SQL statement
in SYSTEMPATH\Database\Postgre\Connection.php on line 193.
 1 [internal function]: CodeIgniter\Debug\Exceptions->errorHandler(2, 'pg_query(): Query failed: ERROR:  column s.Price does not exist
LINE 13:                     \'price\', COALESCE(s.&quot;Price&quot;, \'\')::text, ...
                                               ^
HINT:  Perhaps you meant to reference the column &quot;s.price&quot;.
QUERY:  SELECT jsonb_build_object(
            \'status\', 200,
            \'message\', \'Pending appointments retrieved successfully\',
            \'data\', jsonb_agg(
                jsonb_build_object(
                    \'id\', a.id,
                    \'branch\', a.branch,
                    \'consultant\', a.consultant,
                    \'section\', a.section,
                    \'slot\', a.slot,
                    \'appointment_status\', a.appointment_status,
                    \'slots_time\', s.slots_time,
                    \'price\', COALESCE(s.&quot;Price&quot;, \'\')::text,  -- Use &quot;Price&quot; with quotes for case-sensitivity
                    \'branch_name\', b.branch_name,
                    \'consultant_name\', r.name,
                    \'section_name\', sec.section_name,
                    \'full_name\', a.full_name,
                    \'mobile_no\', a.mobile_no,
                    \'email_id\', a.email_id,
                    \'locations\', a.locations,
                    \'startdate\', a.startdate,
                    \'dates\', a.dates,  -- Include \'dates\' column
                    \'created_at\', a.created_at
                )
            )
    )
                         FROM tbl_appointment a
    LEFT JOIN tbl_slots s ON CAST(a.slot AS INTEGER) = s.id
    LEFT JOIN tbl_register r ON a.consultant = r.id
    LEFT JOIN tbl_branch b ON a.branch = b.id
    LEFT JOIN tbl_section sec ON a.section = sec.id
    WHERE a.is_deleted = \'N\'
    AND a.appointment_status = \'PE\'  -- Only pending appointments
    AND a.dates &lt;= CURRENT_DATE
CONTEXT:  PL/pgSQL function get_pending_appointments() line 4 at SQL statement', 'C:\\xampp\\htdocs\\salonClinic\\system\\Database\\Postgre\\Connection.php', 193)
 2 SYSTEMPATH\Database\Postgre\Connection.php(193): pg_query(Object(PgSql\Connection), 'CALL get_pending_appointments(NULL)')
 3 SYSTEMPATH\Database\BaseConnection.php(722): CodeIgniter\Database\Postgre\Connection->execute('CALL get_pending_appointments(NULL)')
 4 SYSTEMPATH\Database\BaseConnection.php(636): CodeIgniter\Database\BaseConnection->simpleQuery('CALL get_pending_appointments(NULL)')
 5 APPPATH\Controllers\Home.php(1696): CodeIgniter\Database\BaseConnection->query('CALL get_pending_appointments(?)', [...])
 6 SYSTEMPATH\CodeIgniter.php(933): App\Controllers\Home->getPendingAppointments()
 7 SYSTEMPATH\CodeIgniter.php(509): CodeIgniter\CodeIgniter->runController(Object(App\Controllers\Home))
 8 SYSTEMPATH\CodeIgniter.php(355): CodeIgniter\CodeIgniter->handleRequest(null, Object(Config\Cache), false)
 9 SYSTEMPATH\Boot.php(312): CodeIgniter\CodeIgniter->run()
10 SYSTEMPATH\Boot.php(67): CodeIgniter\Boot::runCodeIgniter(Object(CodeIgniter\CodeIgniter))
11 FCPATH\index.php(56): CodeIgniter\Boot::bootWeb(Object(Config\Paths))
ERROR - 2025-03-21 06:14:07 --> ErrorException: pg_query(): Query failed: ERROR:  column s.Price does not exist
LINE 13:                     'price', COALESCE(s.&quot;Price&quot;, '')::text, ...
                                               ^
HINT:  Perhaps you meant to reference the column &quot;s.price&quot;.
QUERY:  SELECT jsonb_build_object(
            'status', 200,
            'message', 'Pending appointments retrieved successfully',
            'data', jsonb_agg(
                jsonb_build_object(
                    'id', a.id,
                    'branch', a.branch,
                    'consultant', a.consultant,
                    'section', a.section,
                    'slot', a.slot,
                    'appointment_status', a.appointment_status,
                    'slots_time', s.slots_time,
                    'price', COALESCE(s.&quot;Price&quot;, '')::text,  -- Use &quot;Price&quot; with quotes for case-sensitivity
                    'branch_name', b.branch_name,
                    'consultant_name', r.name,
                    'section_name', sec.section_name,
                    'full_name', a.full_name,
                    'mobile_no', a.mobile_no,
                    'email_id', a.email_id,
                    'locations', a.locations,
                    'startdate', a.startdate,
                    'dates', a.dates,  -- Include 'dates' column
                    'created_at', a.created_at
                )
            )
    )
                         FROM tbl_appointment a
    LEFT JOIN tbl_slots s ON CAST(a.slot AS INTEGER) = s.id
    LEFT JOIN tbl_register r ON a.consultant = r.id
    LEFT JOIN tbl_branch b ON a.branch = b.id
    LEFT JOIN tbl_section sec ON a.section = sec.id
    WHERE a.is_deleted = 'N'
    AND a.appointment_status = 'PE'  -- Only pending appointments
    AND a.dates &lt;= CURRENT_DATE
CONTEXT:  PL/pgSQL function get_pending_appointments() line 4 at SQL statement in C:\xampp\htdocs\salonClinic\system\Database\Postgre\Connection.php:193
Stack trace:
#0 [internal function]: CodeIgniter\Debug\Exceptions->errorHandler(2, 'pg_query(): Que...', 'C:\\xampp\\htdocs...', 193)
#1 C:\xampp\htdocs\salonClinic\system\Database\Postgre\Connection.php(193): pg_query(Object(PgSql\Connection), 'CALL get_pendin...')
#2 C:\xampp\htdocs\salonClinic\system\Database\BaseConnection.php(722): CodeIgniter\Database\Postgre\Connection->execute('CALL get_pendin...')
#3 C:\xampp\htdocs\salonClinic\system\Database\BaseConnection.php(636): CodeIgniter\Database\BaseConnection->simpleQuery('CALL get_pendin...')
#4 C:\xampp\htdocs\salonClinic\app\Controllers\Home.php(1696): CodeIgniter\Database\BaseConnection->query('CALL get_pendin...', Array)
#5 C:\xampp\htdocs\salonClinic\system\CodeIgniter.php(933): App\Controllers\Home->getPendingAppointments()
#6 C:\xampp\htdocs\salonClinic\system\CodeIgniter.php(509): CodeIgniter\CodeIgniter->runController(Object(App\Controllers\Home))
#7 C:\xampp\htdocs\salonClinic\system\CodeIgniter.php(355): CodeIgniter\CodeIgniter->handleRequest(NULL, Object(Config\Cache), false)
#8 C:\xampp\htdocs\salonClinic\system\Boot.php(312): CodeIgniter\CodeIgniter->run()
#9 C:\xampp\htdocs\salonClinic\system\Boot.php(67): CodeIgniter\Boot::runCodeIgniter(Object(CodeIgniter\CodeIgniter))
#10 C:\xampp\htdocs\salonClinic\index.php(56): CodeIgniter\Boot::bootWeb(Object(Config\Paths))
#11 {main}
CRITICAL - 2025-03-21 06:14:07 --> CodeIgniter\Database\Exceptions\DatabaseException: pg_query(): Query failed: ERROR:  column s.Price does not exist
LINE 13:                     'price', COALESCE(s.&quot;Price&quot;, '')::text, ...
                                               ^
HINT:  Perhaps you meant to reference the column &quot;s.price&quot;.
QUERY:  SELECT jsonb_build_object(
            'status', 200,
            'message', 'Pending appointments retrieved successfully',
            'data', jsonb_agg(
                jsonb_build_object(
                    'id', a.id,
                    'branch', a.branch,
                    'consultant', a.consultant,
                    'section', a.section,
                    'slot', a.slot,
                    'appointment_status', a.appointment_status,
                    'slots_time', s.slots_time,
                    'price', COALESCE(s.&quot;Price&quot;, '')::text,  -- Use &quot;Price&quot; with quotes for case-sensitivity
                    'branch_name', b.branch_name,
                    'consultant_name', r.name,
                    'section_name', sec.section_name,
                    'full_name', a.full_name,
                    'mobile_no', a.mobile_no,
                    'email_id', a.email_id,
                    'locations', a.locations,
                    'startdate', a.startdate,
                    'dates', a.dates,  -- Include 'dates' column
                    'created_at', a.created_at
                )
            )
    )
                         FROM tbl_appointment a
    LEFT JOIN tbl_slots s ON CAST(a.slot AS INTEGER) = s.id
    LEFT JOIN tbl_register r ON a.consultant = r.id
    LEFT JOIN tbl_branch b ON a.branch = b.id
    LEFT JOIN tbl_section sec ON a.section = sec.id
    WHERE a.is_deleted = 'N'
    AND a.appointment_status = 'PE'  -- Only pending appointments
    AND a.dates &lt;= CURRENT_DATE
CONTEXT:  PL/pgSQL function get_pending_appointments() line 4 at SQL statement
[Method: GET, Route: get_pending_appointments]
in SYSTEMPATH\Database\BaseConnection.php on line 676.
 1 APPPATH\Controllers\Home.php(1696): CodeIgniter\Database\BaseConnection->query('CALL get_pending_appointments(?)', [...])
 2 SYSTEMPATH\CodeIgniter.php(933): App\Controllers\Home->getPendingAppointments()
 3 SYSTEMPATH\CodeIgniter.php(509): CodeIgniter\CodeIgniter->runController(Object(App\Controllers\Home))
 4 SYSTEMPATH\CodeIgniter.php(355): CodeIgniter\CodeIgniter->handleRequest(null, Object(Config\Cache), false)
 5 SYSTEMPATH\Boot.php(312): CodeIgniter\CodeIgniter->run()
 6 SYSTEMPATH\Boot.php(67): CodeIgniter\Boot::runCodeIgniter(Object(CodeIgniter\CodeIgniter))
 7 FCPATH\index.php(56): CodeIgniter\Boot::bootWeb(Object(Config\Paths))
CRITICAL - 2025-03-21 06:14:07 --> [Caused by] CodeIgniter\Database\Exceptions\DatabaseException: pg_query(): Query failed: ERROR:  column s.Price does not exist
LINE 13:                     'price', COALESCE(s.&quot;Price&quot;, '')::text, ...
                                               ^
HINT:  Perhaps you meant to reference the column &quot;s.price&quot;.
QUERY:  SELECT jsonb_build_object(
            'status', 200,
            'message', 'Pending appointments retrieved successfully',
            'data', jsonb_agg(
                jsonb_build_object(
                    'id', a.id,
                    'branch', a.branch,
                    'consultant', a.consultant,
                    'section', a.section,
                    'slot', a.slot,
                    'appointment_status', a.appointment_status,
                    'slots_time', s.slots_time,
                    'price', COALESCE(s.&quot;Price&quot;, '')::text,  -- Use &quot;Price&quot; with quotes for case-sensitivity
                    'branch_name', b.branch_name,
                    'consultant_name', r.name,
                    'section_name', sec.section_name,
                    'full_name', a.full_name,
                    'mobile_no', a.mobile_no,
                    'email_id', a.email_id,
                    'locations', a.locations,
                    'startdate', a.startdate,
                    'dates', a.dates,  -- Include 'dates' column
                    'created_at', a.created_at
                )
            )
    )
                         FROM tbl_appointment a
    LEFT JOIN tbl_slots s ON CAST(a.slot AS INTEGER) = s.id
    LEFT JOIN tbl_register r ON a.consultant = r.id
    LEFT JOIN tbl_branch b ON a.branch = b.id
    LEFT JOIN tbl_section sec ON a.section = sec.id
    WHERE a.is_deleted = 'N'
    AND a.appointment_status = 'PE'  -- Only pending appointments
    AND a.dates &lt;= CURRENT_DATE
CONTEXT:  PL/pgSQL function get_pending_appointments() line 4 at SQL statement
in SYSTEMPATH\Database\Postgre\Connection.php on line 198.
 1 SYSTEMPATH\Database\BaseConnection.php(722): CodeIgniter\Database\Postgre\Connection->execute('CALL get_pending_appointments(NULL)')
 2 SYSTEMPATH\Database\BaseConnection.php(636): CodeIgniter\Database\BaseConnection->simpleQuery('CALL get_pending_appointments(NULL)')
 3 APPPATH\Controllers\Home.php(1696): CodeIgniter\Database\BaseConnection->query('CALL get_pending_appointments(?)', [...])
 4 SYSTEMPATH\CodeIgniter.php(933): App\Controllers\Home->getPendingAppointments()
 5 SYSTEMPATH\CodeIgniter.php(509): CodeIgniter\CodeIgniter->runController(Object(App\Controllers\Home))
 6 SYSTEMPATH\CodeIgniter.php(355): CodeIgniter\CodeIgniter->handleRequest(null, Object(Config\Cache), false)
 7 SYSTEMPATH\Boot.php(312): CodeIgniter\CodeIgniter->run()
 8 SYSTEMPATH\Boot.php(67): CodeIgniter\Boot::runCodeIgniter(Object(CodeIgniter\CodeIgniter))
 9 FCPATH\index.php(56): CodeIgniter\Boot::bootWeb(Object(Config\Paths))
CRITICAL - 2025-03-21 06:14:07 --> [Caused by] ErrorException: pg_query(): Query failed: ERROR:  column s.Price does not exist
LINE 13:                     'price', COALESCE(s.&quot;Price&quot;, '')::text, ...
                                               ^
HINT:  Perhaps you meant to reference the column &quot;s.price&quot;.
QUERY:  SELECT jsonb_build_object(
            'status', 200,
            'message', 'Pending appointments retrieved successfully',
            'data', jsonb_agg(
                jsonb_build_object(
                    'id', a.id,
                    'branch', a.branch,
                    'consultant', a.consultant,
                    'section', a.section,
                    'slot', a.slot,
                    'appointment_status', a.appointment_status,
                    'slots_time', s.slots_time,
                    'price', COALESCE(s.&quot;Price&quot;, '')::text,  -- Use &quot;Price&quot; with quotes for case-sensitivity
                    'branch_name', b.branch_name,
                    'consultant_name', r.name,
                    'section_name', sec.section_name,
                    'full_name', a.full_name,
                    'mobile_no', a.mobile_no,
                    'email_id', a.email_id,
                    'locations', a.locations,
                    'startdate', a.startdate,
                    'dates', a.dates,  -- Include 'dates' column
                    'created_at', a.created_at
                )
            )
    )
                         FROM tbl_appointment a
    LEFT JOIN tbl_slots s ON CAST(a.slot AS INTEGER) = s.id
    LEFT JOIN tbl_register r ON a.consultant = r.id
    LEFT JOIN tbl_branch b ON a.branch = b.id
    LEFT JOIN tbl_section sec ON a.section = sec.id
    WHERE a.is_deleted = 'N'
    AND a.appointment_status = 'PE'  -- Only pending appointments
    AND a.dates &lt;= CURRENT_DATE
CONTEXT:  PL/pgSQL function get_pending_appointments() line 4 at SQL statement
in SYSTEMPATH\Database\Postgre\Connection.php on line 193.
 1 [internal function]: CodeIgniter\Debug\Exceptions->errorHandler(2, 'pg_query(): Query failed: ERROR:  column s.Price does not exist
LINE 13:                     \'price\', COALESCE(s.&quot;Price&quot;, \'\')::text, ...
                                               ^
HINT:  Perhaps you meant to reference the column &quot;s.price&quot;.
QUERY:  SELECT jsonb_build_object(
            \'status\', 200,
            \'message\', \'Pending appointments retrieved successfully\',
            \'data\', jsonb_agg(
                jsonb_build_object(
                    \'id\', a.id,
                    \'branch\', a.branch,
                    \'consultant\', a.consultant,
                    \'section\', a.section,
                    \'slot\', a.slot,
                    \'appointment_status\', a.appointment_status,
                    \'slots_time\', s.slots_time,
                    \'price\', COALESCE(s.&quot;Price&quot;, \'\')::text,  -- Use &quot;Price&quot; with quotes for case-sensitivity
                    \'branch_name\', b.branch_name,
                    \'consultant_name\', r.name,
                    \'section_name\', sec.section_name,
                    \'full_name\', a.full_name,
                    \'mobile_no\', a.mobile_no,
                    \'email_id\', a.email_id,
                    \'locations\', a.locations,
                    \'startdate\', a.startdate,
                    \'dates\', a.dates,  -- Include \'dates\' column
                    \'created_at\', a.created_at
                )
            )
    )
                         FROM tbl_appointment a
    LEFT JOIN tbl_slots s ON CAST(a.slot AS INTEGER) = s.id
    LEFT JOIN tbl_register r ON a.consultant = r.id
    LEFT JOIN tbl_branch b ON a.branch = b.id
    LEFT JOIN tbl_section sec ON a.section = sec.id
    WHERE a.is_deleted = \'N\'
    AND a.appointment_status = \'PE\'  -- Only pending appointments
    AND a.dates &lt;= CURRENT_DATE
CONTEXT:  PL/pgSQL function get_pending_appointments() line 4 at SQL statement', 'C:\\xampp\\htdocs\\salonClinic\\system\\Database\\Postgre\\Connection.php', 193)
 2 SYSTEMPATH\Database\Postgre\Connection.php(193): pg_query(Object(PgSql\Connection), 'CALL get_pending_appointments(NULL)')
 3 SYSTEMPATH\Database\BaseConnection.php(722): CodeIgniter\Database\Postgre\Connection->execute('CALL get_pending_appointments(NULL)')
 4 SYSTEMPATH\Database\BaseConnection.php(636): CodeIgniter\Database\BaseConnection->simpleQuery('CALL get_pending_appointments(NULL)')
 5 APPPATH\Controllers\Home.php(1696): CodeIgniter\Database\BaseConnection->query('CALL get_pending_appointments(?)', [...])
 6 SYSTEMPATH\CodeIgniter.php(933): App\Controllers\Home->getPendingAppointments()
 7 SYSTEMPATH\CodeIgniter.php(509): CodeIgniter\CodeIgniter->runController(Object(App\Controllers\Home))
 8 SYSTEMPATH\CodeIgniter.php(355): CodeIgniter\CodeIgniter->handleRequest(null, Object(Config\Cache), false)
 9 SYSTEMPATH\Boot.php(312): CodeIgniter\CodeIgniter->run()
10 SYSTEMPATH\Boot.php(67): CodeIgniter\Boot::runCodeIgniter(Object(CodeIgniter\CodeIgniter))
11 FCPATH\index.php(56): CodeIgniter\Boot::bootWeb(Object(Config\Paths))
ERROR - 2025-03-21 09:06:47 --> ErrorException: pg_query(): Query failed: ERROR:  column s.Price does not exist
LINE 13:                     'price', COALESCE(s.&quot;Price&quot;, '')::text, ...
                                               ^
HINT:  Perhaps you meant to reference the column &quot;s.price&quot;.
QUERY:  SELECT jsonb_build_object(
            'status', 200,
            'message', 'Pending appointments retrieved successfully',
            'data', jsonb_agg(
                jsonb_build_object(
                    'id', a.id,
                    'branch', a.branch,
                    'consultant', a.consultant,
                    'section', a.section,
                    'slot', a.slot,
                    'appointment_status', a.appointment_status,
                    'slots_time', s.slots_time,
                    'price', COALESCE(s.&quot;Price&quot;, '')::text,  -- Use &quot;Price&quot; with quotes for case-sensitivity
                    'branch_name', b.branch_name,
                    'consultant_name', r.name,
                    'section_name', sec.section_name,
                    'full_name', a.full_name,
                    'mobile_no', a.mobile_no,
                    'email_id', a.email_id,
                    'locations', a.locations,
                    'startdate', a.startdate,
                    'dates', a.dates,  -- Include 'dates' column
                    'created_at', a.created_at
                )
            )
    )
                         FROM tbl_appointment a
    LEFT JOIN tbl_slots s ON CAST(a.slot AS INTEGER) = s.id
    LEFT JOIN tbl_register r ON a.consultant = r.id
    LEFT JOIN tbl_branch b ON a.branch = b.id
    LEFT JOIN tbl_section sec ON a.section = sec.id
    WHERE a.is_deleted = 'N'
    AND a.appointment_status = 'PE'  -- Only pending appointments
    AND a.dates &lt;= CURRENT_DATE
CONTEXT:  PL/pgSQL function get_pending_appointments() line 4 at SQL statement in C:\xampp\htdocs\salonClinic\system\Database\Postgre\Connection.php:193
Stack trace:
#0 [internal function]: CodeIgniter\Debug\Exceptions->errorHandler(2, 'pg_query(): Que...', 'C:\\xampp\\htdocs...', 193)
#1 C:\xampp\htdocs\salonClinic\system\Database\Postgre\Connection.php(193): pg_query(Object(PgSql\Connection), 'CALL get_pendin...')
#2 C:\xampp\htdocs\salonClinic\system\Database\BaseConnection.php(722): CodeIgniter\Database\Postgre\Connection->execute('CALL get_pendin...')
#3 C:\xampp\htdocs\salonClinic\system\Database\BaseConnection.php(636): CodeIgniter\Database\BaseConnection->simpleQuery('CALL get_pendin...')
#4 C:\xampp\htdocs\salonClinic\app\Controllers\Home.php(1696): CodeIgniter\Database\BaseConnection->query('CALL get_pendin...', Array)
#5 C:\xampp\htdocs\salonClinic\system\CodeIgniter.php(933): App\Controllers\Home->getPendingAppointments()
#6 C:\xampp\htdocs\salonClinic\system\CodeIgniter.php(509): CodeIgniter\CodeIgniter->runController(Object(App\Controllers\Home))
#7 C:\xampp\htdocs\salonClinic\system\CodeIgniter.php(355): CodeIgniter\CodeIgniter->handleRequest(NULL, Object(Config\Cache), false)
#8 C:\xampp\htdocs\salonClinic\system\Boot.php(312): CodeIgniter\CodeIgniter->run()
#9 C:\xampp\htdocs\salonClinic\system\Boot.php(67): CodeIgniter\Boot::runCodeIgniter(Object(CodeIgniter\CodeIgniter))
#10 C:\xampp\htdocs\salonClinic\index.php(56): CodeIgniter\Boot::bootWeb(Object(Config\Paths))
#11 {main}
CRITICAL - 2025-03-21 09:06:47 --> CodeIgniter\Database\Exceptions\DatabaseException: pg_query(): Query failed: ERROR:  column s.Price does not exist
LINE 13:                     'price', COALESCE(s.&quot;Price&quot;, '')::text, ...
                                               ^
HINT:  Perhaps you meant to reference the column &quot;s.price&quot;.
QUERY:  SELECT jsonb_build_object(
            'status', 200,
            'message', 'Pending appointments retrieved successfully',
            'data', jsonb_agg(
                jsonb_build_object(
                    'id', a.id,
                    'branch', a.branch,
                    'consultant', a.consultant,
                    'section', a.section,
                    'slot', a.slot,
                    'appointment_status', a.appointment_status,
                    'slots_time', s.slots_time,
                    'price', COALESCE(s.&quot;Price&quot;, '')::text,  -- Use &quot;Price&quot; with quotes for case-sensitivity
                    'branch_name', b.branch_name,
                    'consultant_name', r.name,
                    'section_name', sec.section_name,
                    'full_name', a.full_name,
                    'mobile_no', a.mobile_no,
                    'email_id', a.email_id,
                    'locations', a.locations,
                    'startdate', a.startdate,
                    'dates', a.dates,  -- Include 'dates' column
                    'created_at', a.created_at
                )
            )
    )
                         FROM tbl_appointment a
    LEFT JOIN tbl_slots s ON CAST(a.slot AS INTEGER) = s.id
    LEFT JOIN tbl_register r ON a.consultant = r.id
    LEFT JOIN tbl_branch b ON a.branch = b.id
    LEFT JOIN tbl_section sec ON a.section = sec.id
    WHERE a.is_deleted = 'N'
    AND a.appointment_status = 'PE'  -- Only pending appointments
    AND a.dates &lt;= CURRENT_DATE
CONTEXT:  PL/pgSQL function get_pending_appointments() line 4 at SQL statement
[Method: GET, Route: get_pending_appointments]
in SYSTEMPATH\Database\BaseConnection.php on line 676.
 1 APPPATH\Controllers\Home.php(1696): CodeIgniter\Database\BaseConnection->query('CALL get_pending_appointments(?)', [...])
 2 SYSTEMPATH\CodeIgniter.php(933): App\Controllers\Home->getPendingAppointments()
 3 SYSTEMPATH\CodeIgniter.php(509): CodeIgniter\CodeIgniter->runController(Object(App\Controllers\Home))
 4 SYSTEMPATH\CodeIgniter.php(355): CodeIgniter\CodeIgniter->handleRequest(null, Object(Config\Cache), false)
 5 SYSTEMPATH\Boot.php(312): CodeIgniter\CodeIgniter->run()
 6 SYSTEMPATH\Boot.php(67): CodeIgniter\Boot::runCodeIgniter(Object(CodeIgniter\CodeIgniter))
 7 FCPATH\index.php(56): CodeIgniter\Boot::bootWeb(Object(Config\Paths))
CRITICAL - 2025-03-21 09:06:47 --> [Caused by] CodeIgniter\Database\Exceptions\DatabaseException: pg_query(): Query failed: ERROR:  column s.Price does not exist
LINE 13:                     'price', COALESCE(s.&quot;Price&quot;, '')::text, ...
                                               ^
HINT:  Perhaps you meant to reference the column &quot;s.price&quot;.
QUERY:  SELECT jsonb_build_object(
            'status', 200,
            'message', 'Pending appointments retrieved successfully',
            'data', jsonb_agg(
                jsonb_build_object(
                    'id', a.id,
                    'branch', a.branch,
                    'consultant', a.consultant,
                    'section', a.section,
                    'slot', a.slot,
                    'appointment_status', a.appointment_status,
                    'slots_time', s.slots_time,
                    'price', COALESCE(s.&quot;Price&quot;, '')::text,  -- Use &quot;Price&quot; with quotes for case-sensitivity
                    'branch_name', b.branch_name,
                    'consultant_name', r.name,
                    'section_name', sec.section_name,
                    'full_name', a.full_name,
                    'mobile_no', a.mobile_no,
                    'email_id', a.email_id,
                    'locations', a.locations,
                    'startdate', a.startdate,
                    'dates', a.dates,  -- Include 'dates' column
                    'created_at', a.created_at
                )
            )
    )
                         FROM tbl_appointment a
    LEFT JOIN tbl_slots s ON CAST(a.slot AS INTEGER) = s.id
    LEFT JOIN tbl_register r ON a.consultant = r.id
    LEFT JOIN tbl_branch b ON a.branch = b.id
    LEFT JOIN tbl_section sec ON a.section = sec.id
    WHERE a.is_deleted = 'N'
    AND a.appointment_status = 'PE'  -- Only pending appointments
    AND a.dates &lt;= CURRENT_DATE
CONTEXT:  PL/pgSQL function get_pending_appointments() line 4 at SQL statement
in SYSTEMPATH\Database\Postgre\Connection.php on line 198.
 1 SYSTEMPATH\Database\BaseConnection.php(722): CodeIgniter\Database\Postgre\Connection->execute('CALL get_pending_appointments(NULL)')
 2 SYSTEMPATH\Database\BaseConnection.php(636): CodeIgniter\Database\BaseConnection->simpleQuery('CALL get_pending_appointments(NULL)')
 3 APPPATH\Controllers\Home.php(1696): CodeIgniter\Database\BaseConnection->query('CALL get_pending_appointments(?)', [...])
 4 SYSTEMPATH\CodeIgniter.php(933): App\Controllers\Home->getPendingAppointments()
 5 SYSTEMPATH\CodeIgniter.php(509): CodeIgniter\CodeIgniter->runController(Object(App\Controllers\Home))
 6 SYSTEMPATH\CodeIgniter.php(355): CodeIgniter\CodeIgniter->handleRequest(null, Object(Config\Cache), false)
 7 SYSTEMPATH\Boot.php(312): CodeIgniter\CodeIgniter->run()
 8 SYSTEMPATH\Boot.php(67): CodeIgniter\Boot::runCodeIgniter(Object(CodeIgniter\CodeIgniter))
 9 FCPATH\index.php(56): CodeIgniter\Boot::bootWeb(Object(Config\Paths))
CRITICAL - 2025-03-21 09:06:47 --> [Caused by] ErrorException: pg_query(): Query failed: ERROR:  column s.Price does not exist
LINE 13:                     'price', COALESCE(s.&quot;Price&quot;, '')::text, ...
                                               ^
HINT:  Perhaps you meant to reference the column &quot;s.price&quot;.
QUERY:  SELECT jsonb_build_object(
            'status', 200,
            'message', 'Pending appointments retrieved successfully',
            'data', jsonb_agg(
                jsonb_build_object(
                    'id', a.id,
                    'branch', a.branch,
                    'consultant', a.consultant,
                    'section', a.section,
                    'slot', a.slot,
                    'appointment_status', a.appointment_status,
                    'slots_time', s.slots_time,
                    'price', COALESCE(s.&quot;Price&quot;, '')::text,  -- Use &quot;Price&quot; with quotes for case-sensitivity
                    'branch_name', b.branch_name,
                    'consultant_name', r.name,
                    'section_name', sec.section_name,
                    'full_name', a.full_name,
                    'mobile_no', a.mobile_no,
                    'email_id', a.email_id,
                    'locations', a.locations,
                    'startdate', a.startdate,
                    'dates', a.dates,  -- Include 'dates' column
                    'created_at', a.created_at
                )
            )
    )
                         FROM tbl_appointment a
    LEFT JOIN tbl_slots s ON CAST(a.slot AS INTEGER) = s.id
    LEFT JOIN tbl_register r ON a.consultant = r.id
    LEFT JOIN tbl_branch b ON a.branch = b.id
    LEFT JOIN tbl_section sec ON a.section = sec.id
    WHERE a.is_deleted = 'N'
    AND a.appointment_status = 'PE'  -- Only pending appointments
    AND a.dates &lt;= CURRENT_DATE
CONTEXT:  PL/pgSQL function get_pending_appointments() line 4 at SQL statement
in SYSTEMPATH\Database\Postgre\Connection.php on line 193.
 1 [internal function]: CodeIgniter\Debug\Exceptions->errorHandler(2, 'pg_query(): Query failed: ERROR:  column s.Price does not exist
LINE 13:                     \'price\', COALESCE(s.&quot;Price&quot;, \'\')::text, ...
                                               ^
HINT:  Perhaps you meant to reference the column &quot;s.price&quot;.
QUERY:  SELECT jsonb_build_object(
            \'status\', 200,
            \'message\', \'Pending appointments retrieved successfully\',
            \'data\', jsonb_agg(
                jsonb_build_object(
                    \'id\', a.id,
                    \'branch\', a.branch,
                    \'consultant\', a.consultant,
                    \'section\', a.section,
                    \'slot\', a.slot,
                    \'appointment_status\', a.appointment_status,
                    \'slots_time\', s.slots_time,
                    \'price\', COALESCE(s.&quot;Price&quot;, \'\')::text,  -- Use &quot;Price&quot; with quotes for case-sensitivity
                    \'branch_name\', b.branch_name,
                    \'consultant_name\', r.name,
                    \'section_name\', sec.section_name,
                    \'full_name\', a.full_name,
                    \'mobile_no\', a.mobile_no,
                    \'email_id\', a.email_id,
                    \'locations\', a.locations,
                    \'startdate\', a.startdate,
                    \'dates\', a.dates,  -- Include \'dates\' column
                    \'created_at\', a.created_at
                )
            )
    )
                         FROM tbl_appointment a
    LEFT JOIN tbl_slots s ON CAST(a.slot AS INTEGER) = s.id
    LEFT JOIN tbl_register r ON a.consultant = r.id
    LEFT JOIN tbl_branch b ON a.branch = b.id
    LEFT JOIN tbl_section sec ON a.section = sec.id
    WHERE a.is_deleted = \'N\'
    AND a.appointment_status = \'PE\'  -- Only pending appointments
    AND a.dates &lt;= CURRENT_DATE
CONTEXT:  PL/pgSQL function get_pending_appointments() line 4 at SQL statement', 'C:\\xampp\\htdocs\\salonClinic\\system\\Database\\Postgre\\Connection.php', 193)
 2 SYSTEMPATH\Database\Postgre\Connection.php(193): pg_query(Object(PgSql\Connection), 'CALL get_pending_appointments(NULL)')
 3 SYSTEMPATH\Database\BaseConnection.php(722): CodeIgniter\Database\Postgre\Connection->execute('CALL get_pending_appointments(NULL)')
 4 SYSTEMPATH\Database\BaseConnection.php(636): CodeIgniter\Database\BaseConnection->simpleQuery('CALL get_pending_appointments(NULL)')
 5 APPPATH\Controllers\Home.php(1696): CodeIgniter\Database\BaseConnection->query('CALL get_pending_appointments(?)', [...])
 6 SYSTEMPATH\CodeIgniter.php(933): App\Controllers\Home->getPendingAppointments()
 7 SYSTEMPATH\CodeIgniter.php(509): CodeIgniter\CodeIgniter->runController(Object(App\Controllers\Home))
 8 SYSTEMPATH\CodeIgniter.php(355): CodeIgniter\CodeIgniter->handleRequest(null, Object(Config\Cache), false)
 9 SYSTEMPATH\Boot.php(312): CodeIgniter\CodeIgniter->run()
10 SYSTEMPATH\Boot.php(67): CodeIgniter\Boot::runCodeIgniter(Object(CodeIgniter\CodeIgniter))
11 FCPATH\index.php(56): CodeIgniter\Boot::bootWeb(Object(Config\Paths))
ERROR - 2025-03-21 09:26:25 --> Error connecting to the database: ErrorException: pg_connect(): Unable to connect to PostgreSQL server: server closed the connection unexpectedly
	This probably means the server terminated abnormally
	before or while processing the request. in C:\xampp\htdocs\salonClinic\system\Database\Postgre\Connection.php:78
Stack trace:
#0 [internal function]: CodeIgniter\Debug\Exceptions->errorHandler(2, 'pg_connect(): U...', 'C:\\xampp\\htdocs...', 78)
#1 C:\xampp\htdocs\salonClinic\system\Database\Postgre\Connection.php(78): pg_connect('host=db-postgre...')
#2 C:\xampp\htdocs\salonClinic\system\Database\BaseConnection.php(421): CodeIgniter\Database\Postgre\Connection->connect(false)
#3 C:\xampp\htdocs\salonClinic\system\Database\BaseConnection.php(604): CodeIgniter\Database\BaseConnection->initialize()
#4 C:\xampp\htdocs\salonClinic\app\Controllers\Home.php(367): CodeIgniter\Database\BaseConnection->query('CALL spReadData...', Array)
#5 C:\xampp\htdocs\salonClinic\system\CodeIgniter.php(933): App\Controllers\Home->read('tbl_section')
#6 C:\xampp\htdocs\salonClinic\system\CodeIgniter.php(509): CodeIgniter\CodeIgniter->runController(Object(App\Controllers\Home))
#7 C:\xampp\htdocs\salonClinic\system\CodeIgniter.php(355): CodeIgniter\CodeIgniter->handleRequest(NULL, Object(Config\Cache), false)
#8 C:\xampp\htdocs\salonClinic\system\Boot.php(312): CodeIgniter\CodeIgniter->run()
#9 C:\xampp\htdocs\salonClinic\system\Boot.php(67): CodeIgniter\Boot::runCodeIgniter(Object(CodeIgniter\CodeIgniter))
#10 C:\xampp\htdocs\salonClinic\index.php(56): CodeIgniter\Boot::bootWeb(Object(Config\Paths))
#11 {main}
ERROR - 2025-03-21 09:26:25 --> ErrorException: pg_query(): Query failed: server closed the connection unexpectedly
	This probably means the server terminated abnormally
	before or while processing the request. in C:\xampp\htdocs\salonClinic\system\Database\Postgre\Connection.php:193
Stack trace:
#0 [internal function]: CodeIgniter\Debug\Exceptions->errorHandler(2, 'pg_query(): Que...', 'C:\\xampp\\htdocs...', 193)
#1 C:\xampp\htdocs\salonClinic\system\Database\Postgre\Connection.php(193): pg_query(Object(PgSql\Connection), 'SET search_path...')
#2 C:\xampp\htdocs\salonClinic\system\Database\BaseConnection.php(722): CodeIgniter\Database\Postgre\Connection->execute('SET search_path...')
#3 C:\xampp\htdocs\salonClinic\system\Database\Postgre\Connection.php(87): CodeIgniter\Database\BaseConnection->simpleQuery('SET search_path...')
#4 C:\xampp\htdocs\salonClinic\system\Database\BaseConnection.php(421): CodeIgniter\Database\Postgre\Connection->connect(false)
#5 C:\xampp\htdocs\salonClinic\system\Database\BaseConnection.php(604): CodeIgniter\Database\BaseConnection->initialize()
#6 C:\xampp\htdocs\salonClinic\app\Controllers\Home.php(367): CodeIgniter\Database\BaseConnection->query('CALL spReadData...', Array)
#7 C:\xampp\htdocs\salonClinic\system\CodeIgniter.php(933): App\Controllers\Home->read('tbl_menu')
#8 C:\xampp\htdocs\salonClinic\system\CodeIgniter.php(509): CodeIgniter\CodeIgniter->runController(Object(App\Controllers\Home))
#9 C:\xampp\htdocs\salonClinic\system\CodeIgniter.php(355): CodeIgniter\CodeIgniter->handleRequest(NULL, Object(Config\Cache), false)
#10 C:\xampp\htdocs\salonClinic\system\Boot.php(312): CodeIgniter\CodeIgniter->run()
#11 C:\xampp\htdocs\salonClinic\system\Boot.php(67): CodeIgniter\Boot::runCodeIgniter(Object(CodeIgniter\CodeIgniter))
#12 C:\xampp\htdocs\salonClinic\index.php(56): CodeIgniter\Boot::bootWeb(Object(Config\Paths))
#13 {main}
ERROR - 2025-03-21 09:26:25 --> Error connecting to the database: ErrorException: pg_connect(): Unable to connect to PostgreSQL server: SSL SYSCALL error: Connection reset by peer (0x00002746/10054)
could not connect to server: Network is unreachable (0x00002743/10051)
	Is the server running on host &quot;db-postgresql-nyc3-77473-do-user-18019081-0.g.db.ondigitalocean.com&quot; (45.55.69.62) and accepting
	TCP/IP connections on port 25060? in C:\xampp\htdocs\salonClinic\system\Database\Postgre\Connection.php:78
Stack trace:
#0 [internal function]: CodeIgniter\Debug\Exceptions->errorHandler(2, 'pg_connect(): U...', 'C:\\xampp\\htdocs...', 78)
#1 C:\xampp\htdocs\salonClinic\system\Database\Postgre\Connection.php(78): pg_connect('host=db-postgre...')
#2 C:\xampp\htdocs\salonClinic\system\Database\BaseConnection.php(421): CodeIgniter\Database\Postgre\Connection->connect(false)
#3 C:\xampp\htdocs\salonClinic\system\Database\BaseConnection.php(604): CodeIgniter\Database\BaseConnection->initialize()
#4 C:\xampp\htdocs\salonClinic\system\Database\BaseBuilder.php(1629): CodeIgniter\Database\BaseConnection->query('SELECT "tbl_reg...', Array, false)
#5 C:\xampp\htdocs\salonClinic\app\Controllers\Home.php(713): CodeIgniter\Database\BaseBuilder->get()
#6 C:\xampp\htdocs\salonClinic\system\CodeIgniter.php(933): App\Controllers\Home->getempy('tbl_register')
#7 C:\xampp\htdocs\salonClinic\system\CodeIgniter.php(509): CodeIgniter\CodeIgniter->runController(Object(App\Controllers\Home))
#8 C:\xampp\htdocs\salonClinic\system\CodeIgniter.php(355): CodeIgniter\CodeIgniter->handleRequest(NULL, Object(Config\Cache), false)
#9 C:\xampp\htdocs\salonClinic\system\Boot.php(312): CodeIgniter\CodeIgniter->run()
#10 C:\xampp\htdocs\salonClinic\system\Boot.php(67): CodeIgniter\Boot::runCodeIgniter(Object(CodeIgniter\CodeIgniter))
#11 C:\xampp\htdocs\salonClinic\index.php(56): CodeIgniter\Boot::bootWeb(Object(Config\Paths))
#12 {main}
CRITICAL - 2025-03-21 09:26:25 --> CodeIgniter\Database\Exceptions\DatabaseException: Unable to connect to the database.
Main connection [Postgre]: pg_connect(): Unable to connect to PostgreSQL server: server closed the connection unexpectedly
	This probably means the server terminated abnormally
	before or while processing the request.
[Method: GET, Route: read/tbl_section]
in SYSTEMPATH\Database\BaseConnection.php on line 457.
 1 SYSTEMPATH\Database\BaseConnection.php(604): CodeIgniter\Database\BaseConnection->initialize()
 2 APPPATH\Controllers\Home.php(367): CodeIgniter\Database\BaseConnection->query('CALL spReadData(NULL, ?, ?)', [...])
 3 SYSTEMPATH\CodeIgniter.php(933): App\Controllers\Home->read('tbl_section')
 4 SYSTEMPATH\CodeIgniter.php(509): CodeIgniter\CodeIgniter->runController(Object(App\Controllers\Home))
 5 SYSTEMPATH\CodeIgniter.php(355): CodeIgniter\CodeIgniter->handleRequest(null, Object(Config\Cache), false)
 6 SYSTEMPATH\Boot.php(312): CodeIgniter\CodeIgniter->run()
 7 SYSTEMPATH\Boot.php(67): CodeIgniter\Boot::runCodeIgniter(Object(CodeIgniter\CodeIgniter))
 8 FCPATH\index.php(56): CodeIgniter\Boot::bootWeb(Object(Config\Paths))
CRITICAL - 2025-03-21 09:26:25 --> CodeIgniter\Database\Exceptions\DatabaseException: Unable to connect to the database.
Main connection [Postgre]: pg_connect(): Unable to connect to PostgreSQL server: SSL SYSCALL error: Connection reset by peer (0x00002746/10054)
could not connect to server: Network is unreachable (0x00002743/10051)
	Is the server running on host &quot;db-postgresql-nyc3-77473-do-user-18019081-0.g.db.ondigitalocean.com&quot; (45.55.69.62) and accepting
	TCP/IP connections on port 25060?
[Method: GET, Route: getempy/tbl_register]
in SYSTEMPATH\Database\BaseConnection.php on line 457.
 1 SYSTEMPATH\Database\BaseConnection.php(604): CodeIgniter\Database\BaseConnection->initialize()
 2 SYSTEMPATH\Database\BaseBuilder.php(1629): CodeIgniter\Database\BaseConnection->query('SELECT "tbl_register".*, "tbl_section"."section_name"
FROM "tbl_register"
LEFT JOIN "tbl_section" ON "tbl_section"."id" = "tbl_register"."section"
WHERE "tbl_register"."is_deleted" = :tbl_register.is_deleted:
AND   (
"tbl_register"."role" = :tbl_register.role:
OR "tbl_register"."role" = :tbl_register.role.1:
 )', [...], false)
 3 APPPATH\Controllers\Home.php(713): CodeIgniter\Database\BaseBuilder->get()
 4 SYSTEMPATH\CodeIgniter.php(933): App\Controllers\Home->getempy('tbl_register')
 5 SYSTEMPATH\CodeIgniter.php(509): CodeIgniter\CodeIgniter->runController(Object(App\Controllers\Home))
 6 SYSTEMPATH\CodeIgniter.php(355): CodeIgniter\CodeIgniter->handleRequest(null, Object(Config\Cache), false)
 7 SYSTEMPATH\Boot.php(312): CodeIgniter\CodeIgniter->run()
 8 SYSTEMPATH\Boot.php(67): CodeIgniter\Boot::runCodeIgniter(Object(CodeIgniter\CodeIgniter))
 9 FCPATH\index.php(56): CodeIgniter\Boot::bootWeb(Object(Config\Paths))
ERROR - 2025-03-21 09:26:25 --> Error connecting to the database: ErrorException: pg_query(): Query failed: server closed the connection unexpectedly
	This probably means the server terminated abnormally
	before or while processing the request. in C:\xampp\htdocs\salonClinic\system\Database\Postgre\Connection.php:193
Stack trace:
#0 [internal function]: CodeIgniter\Debug\Exceptions->errorHandler(2, 'pg_query(): Que...', 'C:\\xampp\\htdocs...', 193)
#1 C:\xampp\htdocs\salonClinic\system\Database\Postgre\Connection.php(193): pg_query(Object(PgSql\Connection), 'SET search_path...')
#2 C:\xampp\htdocs\salonClinic\system\Database\BaseConnection.php(722): CodeIgniter\Database\Postgre\Connection->execute('SET search_path...')
#3 C:\xampp\htdocs\salonClinic\system\Database\Postgre\Connection.php(87): CodeIgniter\Database\BaseConnection->simpleQuery('SET search_path...')
#4 C:\xampp\htdocs\salonClinic\system\Database\BaseConnection.php(421): CodeIgniter\Database\Postgre\Connection->connect(false)
#5 C:\xampp\htdocs\salonClinic\system\Database\BaseConnection.php(604): CodeIgniter\Database\BaseConnection->initialize()
#6 C:\xampp\htdocs\salonClinic\app\Controllers\Home.php(367): CodeIgniter\Database\BaseConnection->query('CALL spReadData...', Array)
#7 C:\xampp\htdocs\salonClinic\system\CodeIgniter.php(933): App\Controllers\Home->read('tbl_menu')
#8 C:\xampp\htdocs\salonClinic\system\CodeIgniter.php(509): CodeIgniter\CodeIgniter->runController(Object(App\Controllers\Home))
#9 C:\xampp\htdocs\salonClinic\system\CodeIgniter.php(355): CodeIgniter\CodeIgniter->handleRequest(NULL, Object(Config\Cache), false)
#10 C:\xampp\htdocs\salonClinic\system\Boot.php(312): CodeIgniter\CodeIgniter->run()
#11 C:\xampp\htdocs\salonClinic\system\Boot.php(67): CodeIgniter\Boot::runCodeIgniter(Object(CodeIgniter\CodeIgniter))
#12 C:\xampp\htdocs\salonClinic\index.php(56): CodeIgniter\Boot::bootWeb(Object(Config\Paths))
#13 {main}

Next CodeIgniter\Database\Exceptions\DatabaseException: pg_query(): Query failed: server closed the connection unexpectedly
	This probably means the server terminated abnormally
	before or while processing the request. in C:\xampp\htdocs\salonClinic\system\Database\Postgre\Connection.php:198
Stack trace:
#0 C:\xampp\htdocs\salonClinic\system\Database\BaseConnection.php(722): CodeIgniter\Database\Postgre\Connection->execute('SET search_path...')
#1 C:\xampp\htdocs\salonClinic\system\Database\Postgre\Connection.php(87): CodeIgniter\Database\BaseConnection->simpleQuery('SET search_path...')
#2 C:\xampp\htdocs\salonClinic\system\Database\BaseConnection.php(421): CodeIgniter\Database\Postgre\Connection->connect(false)
#3 C:\xampp\htdocs\salonClinic\system\Database\BaseConnection.php(604): CodeIgniter\Database\BaseConnection->initialize()
#4 C:\xampp\htdocs\salonClinic\app\Controllers\Home.php(367): CodeIgniter\Database\BaseConnection->query('CALL spReadData...', Array)
#5 C:\xampp\htdocs\salonClinic\system\CodeIgniter.php(933): App\Controllers\Home->read('tbl_menu')
#6 C:\xampp\htdocs\salonClinic\system\CodeIgniter.php(509): CodeIgniter\CodeIgniter->runController(Object(App\Controllers\Home))
#7 C:\xampp\htdocs\salonClinic\system\CodeIgniter.php(355): CodeIgniter\CodeIgniter->handleRequest(NULL, Object(Config\Cache), false)
#8 C:\xampp\htdocs\salonClinic\system\Boot.php(312): CodeIgniter\CodeIgniter->run()
#9 C:\xampp\htdocs\salonClinic\system\Boot.php(67): CodeIgniter\Boot::runCodeIgniter(Object(CodeIgniter\CodeIgniter))
#10 C:\xampp\htdocs\salonClinic\index.php(56): CodeIgniter\Boot::bootWeb(Object(Config\Paths))
#11 {main}
ERROR - 2025-03-21 09:26:25 --> ErrorException: pg_query(): Cannot set connection to blocking mode in C:\xampp\htdocs\salonClinic\system\Database\Postgre\Connection.php:193
Stack trace:
#0 [internal function]: CodeIgniter\Debug\Exceptions->errorHandler(8, 'pg_query(): Can...', 'C:\\xampp\\htdocs...', 193)
#1 C:\xampp\htdocs\salonClinic\system\Database\Postgre\Connection.php(193): pg_query(Object(PgSql\Connection), 'CALL spReadData...')
#2 C:\xampp\htdocs\salonClinic\system\Database\BaseConnection.php(722): CodeIgniter\Database\Postgre\Connection->execute('CALL spReadData...')
#3 C:\xampp\htdocs\salonClinic\system\Database\BaseConnection.php(636): CodeIgniter\Database\BaseConnection->simpleQuery('CALL spReadData...')
#4 C:\xampp\htdocs\salonClinic\app\Controllers\Home.php(367): CodeIgniter\Database\BaseConnection->query('CALL spReadData...', Array)
#5 C:\xampp\htdocs\salonClinic\system\CodeIgniter.php(933): App\Controllers\Home->read('tbl_menu')
#6 C:\xampp\htdocs\salonClinic\system\CodeIgniter.php(509): CodeIgniter\CodeIgniter->runController(Object(App\Controllers\Home))
#7 C:\xampp\htdocs\salonClinic\system\CodeIgniter.php(355): CodeIgniter\CodeIgniter->handleRequest(NULL, Object(Config\Cache), false)
#8 C:\xampp\htdocs\salonClinic\system\Boot.php(312): CodeIgniter\CodeIgniter->run()
#9 C:\xampp\htdocs\salonClinic\system\Boot.php(67): CodeIgniter\Boot::runCodeIgniter(Object(CodeIgniter\CodeIgniter))
#10 C:\xampp\htdocs\salonClinic\index.php(56): CodeIgniter\Boot::bootWeb(Object(Config\Paths))
#11 {main}
CRITICAL - 2025-03-21 09:26:25 --> CodeIgniter\Database\Exceptions\DatabaseException: pg_query(): Cannot set connection to blocking mode
[Method: GET, Route: read/tbl_menu]
in SYSTEMPATH\Database\BaseConnection.php on line 676.
 1 APPPATH\Controllers\Home.php(367): CodeIgniter\Database\BaseConnection->query('CALL spReadData(NULL, ?, ?)', [...])
 2 SYSTEMPATH\CodeIgniter.php(933): App\Controllers\Home->read('tbl_menu')
 3 SYSTEMPATH\CodeIgniter.php(509): CodeIgniter\CodeIgniter->runController(Object(App\Controllers\Home))
 4 SYSTEMPATH\CodeIgniter.php(355): CodeIgniter\CodeIgniter->handleRequest(null, Object(Config\Cache), false)
 5 SYSTEMPATH\Boot.php(312): CodeIgniter\CodeIgniter->run()
 6 SYSTEMPATH\Boot.php(67): CodeIgniter\Boot::runCodeIgniter(Object(CodeIgniter\CodeIgniter))
 7 FCPATH\index.php(56): CodeIgniter\Boot::bootWeb(Object(Config\Paths))
CRITICAL - 2025-03-21 09:26:25 --> [Caused by] CodeIgniter\Database\Exceptions\DatabaseException: pg_query(): Cannot set connection to blocking mode
in SYSTEMPATH\Database\Postgre\Connection.php on line 198.
 1 SYSTEMPATH\Database\BaseConnection.php(722): CodeIgniter\Database\Postgre\Connection->execute('CALL spReadData(NULL, \'tbl_menu\', NULL)')
 2 SYSTEMPATH\Database\BaseConnection.php(636): CodeIgniter\Database\BaseConnection->simpleQuery('CALL spReadData(NULL, \'tbl_menu\', NULL)')
 3 APPPATH\Controllers\Home.php(367): CodeIgniter\Database\BaseConnection->query('CALL spReadData(NULL, ?, ?)', [...])
 4 SYSTEMPATH\CodeIgniter.php(933): App\Controllers\Home->read('tbl_menu')
 5 SYSTEMPATH\CodeIgniter.php(509): CodeIgniter\CodeIgniter->runController(Object(App\Controllers\Home))
 6 SYSTEMPATH\CodeIgniter.php(355): CodeIgniter\CodeIgniter->handleRequest(null, Object(Config\Cache), false)
 7 SYSTEMPATH\Boot.php(312): CodeIgniter\CodeIgniter->run()
 8 SYSTEMPATH\Boot.php(67): CodeIgniter\Boot::runCodeIgniter(Object(CodeIgniter\CodeIgniter))
 9 FCPATH\index.php(56): CodeIgniter\Boot::bootWeb(Object(Config\Paths))
CRITICAL - 2025-03-21 09:26:25 --> [Caused by] ErrorException: pg_query(): Cannot set connection to blocking mode
in SYSTEMPATH\Database\Postgre\Connection.php on line 193.
 1 [internal function]: CodeIgniter\Debug\Exceptions->errorHandler(8, 'pg_query(): Cannot set connection to blocking mode', 'C:\\xampp\\htdocs\\salonClinic\\system\\Database\\Postgre\\Connection.php', 193)
 2 SYSTEMPATH\Database\Postgre\Connection.php(193): pg_query(Object(PgSql\Connection), 'CALL spReadData(NULL, \'tbl_menu\', NULL)')
 3 SYSTEMPATH\Database\BaseConnection.php(722): CodeIgniter\Database\Postgre\Connection->execute('CALL spReadData(NULL, \'tbl_menu\', NULL)')
 4 SYSTEMPATH\Database\BaseConnection.php(636): CodeIgniter\Database\BaseConnection->simpleQuery('CALL spReadData(NULL, \'tbl_menu\', NULL)')
 5 APPPATH\Controllers\Home.php(367): CodeIgniter\Database\BaseConnection->query('CALL spReadData(NULL, ?, ?)', [...])
 6 SYSTEMPATH\CodeIgniter.php(933): App\Controllers\Home->read('tbl_menu')
 7 SYSTEMPATH\CodeIgniter.php(509): CodeIgniter\CodeIgniter->runController(Object(App\Controllers\Home))
 8 SYSTEMPATH\CodeIgniter.php(355): CodeIgniter\CodeIgniter->handleRequest(null, Object(Config\Cache), false)
 9 SYSTEMPATH\Boot.php(312): CodeIgniter\CodeIgniter->run()
10 SYSTEMPATH\Boot.php(67): CodeIgniter\Boot::runCodeIgniter(Object(CodeIgniter\CodeIgniter))
11 FCPATH\index.php(56): CodeIgniter\Boot::bootWeb(Object(Config\Paths))
ERROR - 2025-03-21 09:26:26 --> Error connecting to the database: ErrorException: pg_connect(): Unable to connect to PostgreSQL server: could not translate host name &quot;db-postgresql-nyc3-77473-do-user-18019081-0.g.db.ondigitalocean.com&quot; to address: Unknown host in C:\xampp\htdocs\salonClinic\system\Database\Postgre\Connection.php:78
Stack trace:
#0 [internal function]: CodeIgniter\Debug\Exceptions->errorHandler(2, 'pg_connect(): U...', 'C:\\xampp\\htdocs...', 78)
#1 C:\xampp\htdocs\salonClinic\system\Database\Postgre\Connection.php(78): pg_connect('host=db-postgre...')
#2 C:\xampp\htdocs\salonClinic\system\Database\BaseConnection.php(421): CodeIgniter\Database\Postgre\Connection->connect(false)
#3 C:\xampp\htdocs\salonClinic\system\Database\BaseConnection.php(604): CodeIgniter\Database\BaseConnection->initialize()
#4 C:\xampp\htdocs\salonClinic\app\Controllers\Home.php(367): CodeIgniter\Database\BaseConnection->query('CALL spReadData...', Array)
#5 C:\xampp\htdocs\salonClinic\system\CodeIgniter.php(933): App\Controllers\Home->read('tbl_menu')
#6 C:\xampp\htdocs\salonClinic\system\CodeIgniter.php(509): CodeIgniter\CodeIgniter->runController(Object(App\Controllers\Home))
#7 C:\xampp\htdocs\salonClinic\system\CodeIgniter.php(355): CodeIgniter\CodeIgniter->handleRequest(NULL, Object(Config\Cache), false)
#8 C:\xampp\htdocs\salonClinic\system\Boot.php(312): CodeIgniter\CodeIgniter->run()
#9 C:\xampp\htdocs\salonClinic\system\Boot.php(67): CodeIgniter\Boot::runCodeIgniter(Object(CodeIgniter\CodeIgniter))
#10 C:\xampp\htdocs\salonClinic\index.php(56): CodeIgniter\Boot::bootWeb(Object(Config\Paths))
#11 {main}
CRITICAL - 2025-03-21 09:26:26 --> CodeIgniter\Database\Exceptions\DatabaseException: Unable to connect to the database.
Main connection [Postgre]: pg_connect(): Unable to connect to PostgreSQL server: could not translate host name &quot;db-postgresql-nyc3-77473-do-user-18019081-0.g.db.ondigitalocean.com&quot; to address: Unknown host
[Method: GET, Route: read/tbl_menu]
in SYSTEMPATH\Database\BaseConnection.php on line 457.
 1 SYSTEMPATH\Database\BaseConnection.php(604): CodeIgniter\Database\BaseConnection->initialize()
 2 APPPATH\Controllers\Home.php(367): CodeIgniter\Database\BaseConnection->query('CALL spReadData(NULL, ?, ?)', [...])
 3 SYSTEMPATH\CodeIgniter.php(933): App\Controllers\Home->read('tbl_menu')
 4 SYSTEMPATH\CodeIgniter.php(509): CodeIgniter\CodeIgniter->runController(Object(App\Controllers\Home))
 5 SYSTEMPATH\CodeIgniter.php(355): CodeIgniter\CodeIgniter->handleRequest(null, Object(Config\Cache), false)
 6 SYSTEMPATH\Boot.php(312): CodeIgniter\CodeIgniter->run()
 7 SYSTEMPATH\Boot.php(67): CodeIgniter\Boot::runCodeIgniter(Object(CodeIgniter\CodeIgniter))
 8 FCPATH\index.php(56): CodeIgniter\Boot::bootWeb(Object(Config\Paths))
ERROR - 2025-03-21 09:27:32 --> ErrorException: pg_query(): Query failed: ERROR:  column s.Price does not exist
LINE 13:                     'price', COALESCE(s.&quot;Price&quot;, '')::text, ...
                                               ^
HINT:  Perhaps you meant to reference the column &quot;s.price&quot;.
QUERY:  SELECT jsonb_build_object(
            'status', 200,
            'message', 'Pending appointments retrieved successfully',
            'data', jsonb_agg(
                jsonb_build_object(
                    'id', a.id,
                    'branch', a.branch,
                    'consultant', a.consultant,
                    'section', a.section,
                    'slot', a.slot,
                    'appointment_status', a.appointment_status,
                    'slots_time', s.slots_time,
                    'price', COALESCE(s.&quot;Price&quot;, '')::text,  -- Use &quot;Price&quot; with quotes for case-sensitivity
                    'branch_name', b.branch_name,
                    'consultant_name', r.name,
                    'section_name', sec.section_name,
                    'full_name', a.full_name,
                    'mobile_no', a.mobile_no,
                    'email_id', a.email_id,
                    'locations', a.locations,
                    'startdate', a.startdate,
                    'dates', a.dates,  -- Include 'dates' column
                    'created_at', a.created_at
                )
            )
    )
                         FROM tbl_appointment a
    LEFT JOIN tbl_slots s ON CAST(a.slot AS INTEGER) = s.id
    LEFT JOIN tbl_register r ON a.consultant = r.id
    LEFT JOIN tbl_branch b ON a.branch = b.id
    LEFT JOIN tbl_section sec ON a.section = sec.id
    WHERE a.is_deleted = 'N'
    AND a.appointment_status = 'PE'  -- Only pending appointments
    AND a.dates &lt;= CURRENT_DATE
CONTEXT:  PL/pgSQL function get_pending_appointments() line 4 at SQL statement in C:\xampp\htdocs\salonClinic\system\Database\Postgre\Connection.php:193
Stack trace:
#0 [internal function]: CodeIgniter\Debug\Exceptions->errorHandler(2, 'pg_query(): Que...', 'C:\\xampp\\htdocs...', 193)
#1 C:\xampp\htdocs\salonClinic\system\Database\Postgre\Connection.php(193): pg_query(Object(PgSql\Connection), 'CALL get_pendin...')
#2 C:\xampp\htdocs\salonClinic\system\Database\BaseConnection.php(722): CodeIgniter\Database\Postgre\Connection->execute('CALL get_pendin...')
#3 C:\xampp\htdocs\salonClinic\system\Database\BaseConnection.php(636): CodeIgniter\Database\BaseConnection->simpleQuery('CALL get_pendin...')
#4 C:\xampp\htdocs\salonClinic\app\Controllers\Home.php(1696): CodeIgniter\Database\BaseConnection->query('CALL get_pendin...', Array)
#5 C:\xampp\htdocs\salonClinic\system\CodeIgniter.php(933): App\Controllers\Home->getPendingAppointments()
#6 C:\xampp\htdocs\salonClinic\system\CodeIgniter.php(509): CodeIgniter\CodeIgniter->runController(Object(App\Controllers\Home))
#7 C:\xampp\htdocs\salonClinic\system\CodeIgniter.php(355): CodeIgniter\CodeIgniter->handleRequest(NULL, Object(Config\Cache), false)
#8 C:\xampp\htdocs\salonClinic\system\Boot.php(312): CodeIgniter\CodeIgniter->run()
#9 C:\xampp\htdocs\salonClinic\system\Boot.php(67): CodeIgniter\Boot::runCodeIgniter(Object(CodeIgniter\CodeIgniter))
#10 C:\xampp\htdocs\salonClinic\index.php(56): CodeIgniter\Boot::bootWeb(Object(Config\Paths))
#11 {main}
CRITICAL - 2025-03-21 09:27:32 --> CodeIgniter\Database\Exceptions\DatabaseException: pg_query(): Query failed: ERROR:  column s.Price does not exist
LINE 13:                     'price', COALESCE(s.&quot;Price&quot;, '')::text, ...
                                               ^
HINT:  Perhaps you meant to reference the column &quot;s.price&quot;.
QUERY:  SELECT jsonb_build_object(
            'status', 200,
            'message', 'Pending appointments retrieved successfully',
            'data', jsonb_agg(
                jsonb_build_object(
                    'id', a.id,
                    'branch', a.branch,
                    'consultant', a.consultant,
                    'section', a.section,
                    'slot', a.slot,
                    'appointment_status', a.appointment_status,
                    'slots_time', s.slots_time,
                    'price', COALESCE(s.&quot;Price&quot;, '')::text,  -- Use &quot;Price&quot; with quotes for case-sensitivity
                    'branch_name', b.branch_name,
                    'consultant_name', r.name,
                    'section_name', sec.section_name,
                    'full_name', a.full_name,
                    'mobile_no', a.mobile_no,
                    'email_id', a.email_id,
                    'locations', a.locations,
                    'startdate', a.startdate,
                    'dates', a.dates,  -- Include 'dates' column
                    'created_at', a.created_at
                )
            )
    )
                         FROM tbl_appointment a
    LEFT JOIN tbl_slots s ON CAST(a.slot AS INTEGER) = s.id
    LEFT JOIN tbl_register r ON a.consultant = r.id
    LEFT JOIN tbl_branch b ON a.branch = b.id
    LEFT JOIN tbl_section sec ON a.section = sec.id
    WHERE a.is_deleted = 'N'
    AND a.appointment_status = 'PE'  -- Only pending appointments
    AND a.dates &lt;= CURRENT_DATE
CONTEXT:  PL/pgSQL function get_pending_appointments() line 4 at SQL statement
[Method: GET, Route: get_pending_appointments]
in SYSTEMPATH\Database\BaseConnection.php on line 676.
 1 APPPATH\Controllers\Home.php(1696): CodeIgniter\Database\BaseConnection->query('CALL get_pending_appointments(?)', [...])
 2 SYSTEMPATH\CodeIgniter.php(933): App\Controllers\Home->getPendingAppointments()
 3 SYSTEMPATH\CodeIgniter.php(509): CodeIgniter\CodeIgniter->runController(Object(App\Controllers\Home))
 4 SYSTEMPATH\CodeIgniter.php(355): CodeIgniter\CodeIgniter->handleRequest(null, Object(Config\Cache), false)
 5 SYSTEMPATH\Boot.php(312): CodeIgniter\CodeIgniter->run()
 6 SYSTEMPATH\Boot.php(67): CodeIgniter\Boot::runCodeIgniter(Object(CodeIgniter\CodeIgniter))
 7 FCPATH\index.php(56): CodeIgniter\Boot::bootWeb(Object(Config\Paths))
CRITICAL - 2025-03-21 09:27:32 --> [Caused by] CodeIgniter\Database\Exceptions\DatabaseException: pg_query(): Query failed: ERROR:  column s.Price does not exist
LINE 13:                     'price', COALESCE(s.&quot;Price&quot;, '')::text, ...
                                               ^
HINT:  Perhaps you meant to reference the column &quot;s.price&quot;.
QUERY:  SELECT jsonb_build_object(
            'status', 200,
            'message', 'Pending appointments retrieved successfully',
            'data', jsonb_agg(
                jsonb_build_object(
                    'id', a.id,
                    'branch', a.branch,
                    'consultant', a.consultant,
                    'section', a.section,
                    'slot', a.slot,
                    'appointment_status', a.appointment_status,
                    'slots_time', s.slots_time,
                    'price', COALESCE(s.&quot;Price&quot;, '')::text,  -- Use &quot;Price&quot; with quotes for case-sensitivity
                    'branch_name', b.branch_name,
                    'consultant_name', r.name,
                    'section_name', sec.section_name,
                    'full_name', a.full_name,
                    'mobile_no', a.mobile_no,
                    'email_id', a.email_id,
                    'locations', a.locations,
                    'startdate', a.startdate,
                    'dates', a.dates,  -- Include 'dates' column
                    'created_at', a.created_at
                )
            )
    )
                         FROM tbl_appointment a
    LEFT JOIN tbl_slots s ON CAST(a.slot AS INTEGER) = s.id
    LEFT JOIN tbl_register r ON a.consultant = r.id
    LEFT JOIN tbl_branch b ON a.branch = b.id
    LEFT JOIN tbl_section sec ON a.section = sec.id
    WHERE a.is_deleted = 'N'
    AND a.appointment_status = 'PE'  -- Only pending appointments
    AND a.dates &lt;= CURRENT_DATE
CONTEXT:  PL/pgSQL function get_pending_appointments() line 4 at SQL statement
in SYSTEMPATH\Database\Postgre\Connection.php on line 198.
 1 SYSTEMPATH\Database\BaseConnection.php(722): CodeIgniter\Database\Postgre\Connection->execute('CALL get_pending_appointments(NULL)')
 2 SYSTEMPATH\Database\BaseConnection.php(636): CodeIgniter\Database\BaseConnection->simpleQuery('CALL get_pending_appointments(NULL)')
 3 APPPATH\Controllers\Home.php(1696): CodeIgniter\Database\BaseConnection->query('CALL get_pending_appointments(?)', [...])
 4 SYSTEMPATH\CodeIgniter.php(933): App\Controllers\Home->getPendingAppointments()
 5 SYSTEMPATH\CodeIgniter.php(509): CodeIgniter\CodeIgniter->runController(Object(App\Controllers\Home))
 6 SYSTEMPATH\CodeIgniter.php(355): CodeIgniter\CodeIgniter->handleRequest(null, Object(Config\Cache), false)
 7 SYSTEMPATH\Boot.php(312): CodeIgniter\CodeIgniter->run()
 8 SYSTEMPATH\Boot.php(67): CodeIgniter\Boot::runCodeIgniter(Object(CodeIgniter\CodeIgniter))
 9 FCPATH\index.php(56): CodeIgniter\Boot::bootWeb(Object(Config\Paths))
CRITICAL - 2025-03-21 09:27:32 --> [Caused by] ErrorException: pg_query(): Query failed: ERROR:  column s.Price does not exist
LINE 13:                     'price', COALESCE(s.&quot;Price&quot;, '')::text, ...
                                               ^
HINT:  Perhaps you meant to reference the column &quot;s.price&quot;.
QUERY:  SELECT jsonb_build_object(
            'status', 200,
            'message', 'Pending appointments retrieved successfully',
            'data', jsonb_agg(
                jsonb_build_object(
                    'id', a.id,
                    'branch', a.branch,
                    'consultant', a.consultant,
                    'section', a.section,
                    'slot', a.slot,
                    'appointment_status', a.appointment_status,
                    'slots_time', s.slots_time,
                    'price', COALESCE(s.&quot;Price&quot;, '')::text,  -- Use &quot;Price&quot; with quotes for case-sensitivity
                    'branch_name', b.branch_name,
                    'consultant_name', r.name,
                    'section_name', sec.section_name,
                    'full_name', a.full_name,
                    'mobile_no', a.mobile_no,
                    'email_id', a.email_id,
                    'locations', a.locations,
                    'startdate', a.startdate,
                    'dates', a.dates,  -- Include 'dates' column
                    'created_at', a.created_at
                )
            )
    )
                         FROM tbl_appointment a
    LEFT JOIN tbl_slots s ON CAST(a.slot AS INTEGER) = s.id
    LEFT JOIN tbl_register r ON a.consultant = r.id
    LEFT JOIN tbl_branch b ON a.branch = b.id
    LEFT JOIN tbl_section sec ON a.section = sec.id
    WHERE a.is_deleted = 'N'
    AND a.appointment_status = 'PE'  -- Only pending appointments
    AND a.dates &lt;= CURRENT_DATE
CONTEXT:  PL/pgSQL function get_pending_appointments() line 4 at SQL statement
in SYSTEMPATH\Database\Postgre\Connection.php on line 193.
 1 [internal function]: CodeIgniter\Debug\Exceptions->errorHandler(2, 'pg_query(): Query failed: ERROR:  column s.Price does not exist
LINE 13:                     \'price\', COALESCE(s.&quot;Price&quot;, \'\')::text, ...
                                               ^
HINT:  Perhaps you meant to reference the column &quot;s.price&quot;.
QUERY:  SELECT jsonb_build_object(
            \'status\', 200,
            \'message\', \'Pending appointments retrieved successfully\',
            \'data\', jsonb_agg(
                jsonb_build_object(
                    \'id\', a.id,
                    \'branch\', a.branch,
                    \'consultant\', a.consultant,
                    \'section\', a.section,
                    \'slot\', a.slot,
                    \'appointment_status\', a.appointment_status,
                    \'slots_time\', s.slots_time,
                    \'price\', COALESCE(s.&quot;Price&quot;, \'\')::text,  -- Use &quot;Price&quot; with quotes for case-sensitivity
                    \'branch_name\', b.branch_name,
                    \'consultant_name\', r.name,
                    \'section_name\', sec.section_name,
                    \'full_name\', a.full_name,
                    \'mobile_no\', a.mobile_no,
                    \'email_id\', a.email_id,
                    \'locations\', a.locations,
                    \'startdate\', a.startdate,
                    \'dates\', a.dates,  -- Include \'dates\' column
                    \'created_at\', a.created_at
                )
            )
    )
                         FROM tbl_appointment a
    LEFT JOIN tbl_slots s ON CAST(a.slot AS INTEGER) = s.id
    LEFT JOIN tbl_register r ON a.consultant = r.id
    LEFT JOIN tbl_branch b ON a.branch = b.id
    LEFT JOIN tbl_section sec ON a.section = sec.id
    WHERE a.is_deleted = \'N\'
    AND a.appointment_status = \'PE\'  -- Only pending appointments
    AND a.dates &lt;= CURRENT_DATE
CONTEXT:  PL/pgSQL function get_pending_appointments() line 4 at SQL statement', 'C:\\xampp\\htdocs\\salonClinic\\system\\Database\\Postgre\\Connection.php', 193)
 2 SYSTEMPATH\Database\Postgre\Connection.php(193): pg_query(Object(PgSql\Connection), 'CALL get_pending_appointments(NULL)')
 3 SYSTEMPATH\Database\BaseConnection.php(722): CodeIgniter\Database\Postgre\Connection->execute('CALL get_pending_appointments(NULL)')
 4 SYSTEMPATH\Database\BaseConnection.php(636): CodeIgniter\Database\BaseConnection->simpleQuery('CALL get_pending_appointments(NULL)')
 5 APPPATH\Controllers\Home.php(1696): CodeIgniter\Database\BaseConnection->query('CALL get_pending_appointments(?)', [...])
 6 SYSTEMPATH\CodeIgniter.php(933): App\Controllers\Home->getPendingAppointments()
 7 SYSTEMPATH\CodeIgniter.php(509): CodeIgniter\CodeIgniter->runController(Object(App\Controllers\Home))
 8 SYSTEMPATH\CodeIgniter.php(355): CodeIgniter\CodeIgniter->handleRequest(null, Object(Config\Cache), false)
 9 SYSTEMPATH\Boot.php(312): CodeIgniter\CodeIgniter->run()
10 SYSTEMPATH\Boot.php(67): CodeIgniter\Boot::runCodeIgniter(Object(CodeIgniter\CodeIgniter))
11 FCPATH\index.php(56): CodeIgniter\Boot::bootWeb(Object(Config\Paths))
ERROR - 2025-03-21 09:28:19 --> ErrorException: pg_query(): Query failed: ERROR:  column s.Price does not exist
LINE 13:                     'price', COALESCE(s.&quot;Price&quot;, '')::text, ...
                                               ^
HINT:  Perhaps you meant to reference the column &quot;s.price&quot;.
QUERY:  SELECT jsonb_build_object(
            'status', 200,
            'message', 'Pending appointments retrieved successfully',
            'data', jsonb_agg(
                jsonb_build_object(
                    'id', a.id,
                    'branch', a.branch,
                    'consultant', a.consultant,
                    'section', a.section,
                    'slot', a.slot,
                    'appointment_status', a.appointment_status,
                    'slots_time', s.slots_time,
                    'price', COALESCE(s.&quot;Price&quot;, '')::text,  -- Use &quot;Price&quot; with quotes for case-sensitivity
                    'branch_name', b.branch_name,
                    'consultant_name', r.name,
                    'section_name', sec.section_name,
                    'full_name', a.full_name,
                    'mobile_no', a.mobile_no,
                    'email_id', a.email_id,
                    'locations', a.locations,
                    'startdate', a.startdate,
                    'dates', a.dates,  -- Include 'dates' column
                    'created_at', a.created_at
                )
            )
    )
                         FROM tbl_appointment a
    LEFT JOIN tbl_slots s ON CAST(a.slot AS INTEGER) = s.id
    LEFT JOIN tbl_register r ON a.consultant = r.id
    LEFT JOIN tbl_branch b ON a.branch = b.id
    LEFT JOIN tbl_section sec ON a.section = sec.id
    WHERE a.is_deleted = 'N'
    AND a.appointment_status = 'PE'  -- Only pending appointments
    AND a.dates &lt;= CURRENT_DATE
CONTEXT:  PL/pgSQL function get_pending_appointments() line 4 at SQL statement in C:\xampp\htdocs\salonClinic\system\Database\Postgre\Connection.php:193
Stack trace:
#0 [internal function]: CodeIgniter\Debug\Exceptions->errorHandler(2, 'pg_query(): Que...', 'C:\\xampp\\htdocs...', 193)
#1 C:\xampp\htdocs\salonClinic\system\Database\Postgre\Connection.php(193): pg_query(Object(PgSql\Connection), 'CALL get_pendin...')
#2 C:\xampp\htdocs\salonClinic\system\Database\BaseConnection.php(722): CodeIgniter\Database\Postgre\Connection->execute('CALL get_pendin...')
#3 C:\xampp\htdocs\salonClinic\system\Database\BaseConnection.php(636): CodeIgniter\Database\BaseConnection->simpleQuery('CALL get_pendin...')
#4 C:\xampp\htdocs\salonClinic\app\Controllers\Home.php(1696): CodeIgniter\Database\BaseConnection->query('CALL get_pendin...', Array)
#5 C:\xampp\htdocs\salonClinic\system\CodeIgniter.php(933): App\Controllers\Home->getPendingAppointments()
#6 C:\xampp\htdocs\salonClinic\system\CodeIgniter.php(509): CodeIgniter\CodeIgniter->runController(Object(App\Controllers\Home))
#7 C:\xampp\htdocs\salonClinic\system\CodeIgniter.php(355): CodeIgniter\CodeIgniter->handleRequest(NULL, Object(Config\Cache), false)
#8 C:\xampp\htdocs\salonClinic\system\Boot.php(312): CodeIgniter\CodeIgniter->run()
#9 C:\xampp\htdocs\salonClinic\system\Boot.php(67): CodeIgniter\Boot::runCodeIgniter(Object(CodeIgniter\CodeIgniter))
#10 C:\xampp\htdocs\salonClinic\index.php(56): CodeIgniter\Boot::bootWeb(Object(Config\Paths))
#11 {main}
CRITICAL - 2025-03-21 09:28:19 --> CodeIgniter\Database\Exceptions\DatabaseException: pg_query(): Query failed: ERROR:  column s.Price does not exist
LINE 13:                     'price', COALESCE(s.&quot;Price&quot;, '')::text, ...
                                               ^
HINT:  Perhaps you meant to reference the column &quot;s.price&quot;.
QUERY:  SELECT jsonb_build_object(
            'status', 200,
            'message', 'Pending appointments retrieved successfully',
            'data', jsonb_agg(
                jsonb_build_object(
                    'id', a.id,
                    'branch', a.branch,
                    'consultant', a.consultant,
                    'section', a.section,
                    'slot', a.slot,
                    'appointment_status', a.appointment_status,
                    'slots_time', s.slots_time,
                    'price', COALESCE(s.&quot;Price&quot;, '')::text,  -- Use &quot;Price&quot; with quotes for case-sensitivity
                    'branch_name', b.branch_name,
                    'consultant_name', r.name,
                    'section_name', sec.section_name,
                    'full_name', a.full_name,
                    'mobile_no', a.mobile_no,
                    'email_id', a.email_id,
                    'locations', a.locations,
                    'startdate', a.startdate,
                    'dates', a.dates,  -- Include 'dates' column
                    'created_at', a.created_at
                )
            )
    )
                         FROM tbl_appointment a
    LEFT JOIN tbl_slots s ON CAST(a.slot AS INTEGER) = s.id
    LEFT JOIN tbl_register r ON a.consultant = r.id
    LEFT JOIN tbl_branch b ON a.branch = b.id
    LEFT JOIN tbl_section sec ON a.section = sec.id
    WHERE a.is_deleted = 'N'
    AND a.appointment_status = 'PE'  -- Only pending appointments
    AND a.dates &lt;= CURRENT_DATE
CONTEXT:  PL/pgSQL function get_pending_appointments() line 4 at SQL statement
[Method: GET, Route: get_pending_appointments]
in SYSTEMPATH\Database\BaseConnection.php on line 676.
 1 APPPATH\Controllers\Home.php(1696): CodeIgniter\Database\BaseConnection->query('CALL get_pending_appointments(?)', [...])
 2 SYSTEMPATH\CodeIgniter.php(933): App\Controllers\Home->getPendingAppointments()
 3 SYSTEMPATH\CodeIgniter.php(509): CodeIgniter\CodeIgniter->runController(Object(App\Controllers\Home))
 4 SYSTEMPATH\CodeIgniter.php(355): CodeIgniter\CodeIgniter->handleRequest(null, Object(Config\Cache), false)
 5 SYSTEMPATH\Boot.php(312): CodeIgniter\CodeIgniter->run()
 6 SYSTEMPATH\Boot.php(67): CodeIgniter\Boot::runCodeIgniter(Object(CodeIgniter\CodeIgniter))
 7 FCPATH\index.php(56): CodeIgniter\Boot::bootWeb(Object(Config\Paths))
CRITICAL - 2025-03-21 09:28:19 --> [Caused by] CodeIgniter\Database\Exceptions\DatabaseException: pg_query(): Query failed: ERROR:  column s.Price does not exist
LINE 13:                     'price', COALESCE(s.&quot;Price&quot;, '')::text, ...
                                               ^
HINT:  Perhaps you meant to reference the column &quot;s.price&quot;.
QUERY:  SELECT jsonb_build_object(
            'status', 200,
            'message', 'Pending appointments retrieved successfully',
            'data', jsonb_agg(
                jsonb_build_object(
                    'id', a.id,
                    'branch', a.branch,
                    'consultant', a.consultant,
                    'section', a.section,
                    'slot', a.slot,
                    'appointment_status', a.appointment_status,
                    'slots_time', s.slots_time,
                    'price', COALESCE(s.&quot;Price&quot;, '')::text,  -- Use &quot;Price&quot; with quotes for case-sensitivity
                    'branch_name', b.branch_name,
                    'consultant_name', r.name,
                    'section_name', sec.section_name,
                    'full_name', a.full_name,
                    'mobile_no', a.mobile_no,
                    'email_id', a.email_id,
                    'locations', a.locations,
                    'startdate', a.startdate,
                    'dates', a.dates,  -- Include 'dates' column
                    'created_at', a.created_at
                )
            )
    )
                         FROM tbl_appointment a
    LEFT JOIN tbl_slots s ON CAST(a.slot AS INTEGER) = s.id
    LEFT JOIN tbl_register r ON a.consultant = r.id
    LEFT JOIN tbl_branch b ON a.branch = b.id
    LEFT JOIN tbl_section sec ON a.section = sec.id
    WHERE a.is_deleted = 'N'
    AND a.appointment_status = 'PE'  -- Only pending appointments
    AND a.dates &lt;= CURRENT_DATE
CONTEXT:  PL/pgSQL function get_pending_appointments() line 4 at SQL statement
in SYSTEMPATH\Database\Postgre\Connection.php on line 198.
 1 SYSTEMPATH\Database\BaseConnection.php(722): CodeIgniter\Database\Postgre\Connection->execute('CALL get_pending_appointments(NULL)')
 2 SYSTEMPATH\Database\BaseConnection.php(636): CodeIgniter\Database\BaseConnection->simpleQuery('CALL get_pending_appointments(NULL)')
 3 APPPATH\Controllers\Home.php(1696): CodeIgniter\Database\BaseConnection->query('CALL get_pending_appointments(?)', [...])
 4 SYSTEMPATH\CodeIgniter.php(933): App\Controllers\Home->getPendingAppointments()
 5 SYSTEMPATH\CodeIgniter.php(509): CodeIgniter\CodeIgniter->runController(Object(App\Controllers\Home))
 6 SYSTEMPATH\CodeIgniter.php(355): CodeIgniter\CodeIgniter->handleRequest(null, Object(Config\Cache), false)
 7 SYSTEMPATH\Boot.php(312): CodeIgniter\CodeIgniter->run()
 8 SYSTEMPATH\Boot.php(67): CodeIgniter\Boot::runCodeIgniter(Object(CodeIgniter\CodeIgniter))
 9 FCPATH\index.php(56): CodeIgniter\Boot::bootWeb(Object(Config\Paths))
CRITICAL - 2025-03-21 09:28:19 --> [Caused by] ErrorException: pg_query(): Query failed: ERROR:  column s.Price does not exist
LINE 13:                     'price', COALESCE(s.&quot;Price&quot;, '')::text, ...
                                               ^
HINT:  Perhaps you meant to reference the column &quot;s.price&quot;.
QUERY:  SELECT jsonb_build_object(
            'status', 200,
            'message', 'Pending appointments retrieved successfully',
            'data', jsonb_agg(
                jsonb_build_object(
                    'id', a.id,
                    'branch', a.branch,
                    'consultant', a.consultant,
                    'section', a.section,
                    'slot', a.slot,
                    'appointment_status', a.appointment_status,
                    'slots_time', s.slots_time,
                    'price', COALESCE(s.&quot;Price&quot;, '')::text,  -- Use &quot;Price&quot; with quotes for case-sensitivity
                    'branch_name', b.branch_name,
                    'consultant_name', r.name,
                    'section_name', sec.section_name,
                    'full_name', a.full_name,
                    'mobile_no', a.mobile_no,
                    'email_id', a.email_id,
                    'locations', a.locations,
                    'startdate', a.startdate,
                    'dates', a.dates,  -- Include 'dates' column
                    'created_at', a.created_at
                )
            )
    )
                         FROM tbl_appointment a
    LEFT JOIN tbl_slots s ON CAST(a.slot AS INTEGER) = s.id
    LEFT JOIN tbl_register r ON a.consultant = r.id
    LEFT JOIN tbl_branch b ON a.branch = b.id
    LEFT JOIN tbl_section sec ON a.section = sec.id
    WHERE a.is_deleted = 'N'
    AND a.appointment_status = 'PE'  -- Only pending appointments
    AND a.dates &lt;= CURRENT_DATE
CONTEXT:  PL/pgSQL function get_pending_appointments() line 4 at SQL statement
in SYSTEMPATH\Database\Postgre\Connection.php on line 193.
 1 [internal function]: CodeIgniter\Debug\Exceptions->errorHandler(2, 'pg_query(): Query failed: ERROR:  column s.Price does not exist
LINE 13:                     \'price\', COALESCE(s.&quot;Price&quot;, \'\')::text, ...
                                               ^
HINT:  Perhaps you meant to reference the column &quot;s.price&quot;.
QUERY:  SELECT jsonb_build_object(
            \'status\', 200,
            \'message\', \'Pending appointments retrieved successfully\',
            \'data\', jsonb_agg(
                jsonb_build_object(
                    \'id\', a.id,
                    \'branch\', a.branch,
                    \'consultant\', a.consultant,
                    \'section\', a.section,
                    \'slot\', a.slot,
                    \'appointment_status\', a.appointment_status,
                    \'slots_time\', s.slots_time,
                    \'price\', COALESCE(s.&quot;Price&quot;, \'\')::text,  -- Use &quot;Price&quot; with quotes for case-sensitivity
                    \'branch_name\', b.branch_name,
                    \'consultant_name\', r.name,
                    \'section_name\', sec.section_name,
                    \'full_name\', a.full_name,
                    \'mobile_no\', a.mobile_no,
                    \'email_id\', a.email_id,
                    \'locations\', a.locations,
                    \'startdate\', a.startdate,
                    \'dates\', a.dates,  -- Include \'dates\' column
                    \'created_at\', a.created_at
                )
            )
    )
                         FROM tbl_appointment a
    LEFT JOIN tbl_slots s ON CAST(a.slot AS INTEGER) = s.id
    LEFT JOIN tbl_register r ON a.consultant = r.id
    LEFT JOIN tbl_branch b ON a.branch = b.id
    LEFT JOIN tbl_section sec ON a.section = sec.id
    WHERE a.is_deleted = \'N\'
    AND a.appointment_status = \'PE\'  -- Only pending appointments
    AND a.dates &lt;= CURRENT_DATE
CONTEXT:  PL/pgSQL function get_pending_appointments() line 4 at SQL statement', 'C:\\xampp\\htdocs\\salonClinic\\system\\Database\\Postgre\\Connection.php', 193)
 2 SYSTEMPATH\Database\Postgre\Connection.php(193): pg_query(Object(PgSql\Connection), 'CALL get_pending_appointments(NULL)')
 3 SYSTEMPATH\Database\BaseConnection.php(722): CodeIgniter\Database\Postgre\Connection->execute('CALL get_pending_appointments(NULL)')
 4 SYSTEMPATH\Database\BaseConnection.php(636): CodeIgniter\Database\BaseConnection->simpleQuery('CALL get_pending_appointments(NULL)')
 5 APPPATH\Controllers\Home.php(1696): CodeIgniter\Database\BaseConnection->query('CALL get_pending_appointments(?)', [...])
 6 SYSTEMPATH\CodeIgniter.php(933): App\Controllers\Home->getPendingAppointments()
 7 SYSTEMPATH\CodeIgniter.php(509): CodeIgniter\CodeIgniter->runController(Object(App\Controllers\Home))
 8 SYSTEMPATH\CodeIgniter.php(355): CodeIgniter\CodeIgniter->handleRequest(null, Object(Config\Cache), false)
 9 SYSTEMPATH\Boot.php(312): CodeIgniter\CodeIgniter->run()
10 SYSTEMPATH\Boot.php(67): CodeIgniter\Boot::runCodeIgniter(Object(CodeIgniter\CodeIgniter))
11 FCPATH\index.php(56): CodeIgniter\Boot::bootWeb(Object(Config\Paths))
ERROR - 2025-03-21 09:28:27 --> ErrorException: pg_query(): Query failed: ERROR:  column s.Price does not exist
LINE 13:                     'price', COALESCE(s.&quot;Price&quot;, '')::text, ...
                                               ^
HINT:  Perhaps you meant to reference the column &quot;s.price&quot;.
QUERY:  SELECT jsonb_build_object(
            'status', 200,
            'message', 'Pending appointments retrieved successfully',
            'data', jsonb_agg(
                jsonb_build_object(
                    'id', a.id,
                    'branch', a.branch,
                    'consultant', a.consultant,
                    'section', a.section,
                    'slot', a.slot,
                    'appointment_status', a.appointment_status,
                    'slots_time', s.slots_time,
                    'price', COALESCE(s.&quot;Price&quot;, '')::text,  -- Use &quot;Price&quot; with quotes for case-sensitivity
                    'branch_name', b.branch_name,
                    'consultant_name', r.name,
                    'section_name', sec.section_name,
                    'full_name', a.full_name,
                    'mobile_no', a.mobile_no,
                    'email_id', a.email_id,
                    'locations', a.locations,
                    'startdate', a.startdate,
                    'dates', a.dates,  -- Include 'dates' column
                    'created_at', a.created_at
                )
            )
    )
                         FROM tbl_appointment a
    LEFT JOIN tbl_slots s ON CAST(a.slot AS INTEGER) = s.id
    LEFT JOIN tbl_register r ON a.consultant = r.id
    LEFT JOIN tbl_branch b ON a.branch = b.id
    LEFT JOIN tbl_section sec ON a.section = sec.id
    WHERE a.is_deleted = 'N'
    AND a.appointment_status = 'PE'  -- Only pending appointments
    AND a.dates &lt;= CURRENT_DATE
CONTEXT:  PL/pgSQL function get_pending_appointments() line 4 at SQL statement in C:\xampp\htdocs\salonClinic\system\Database\Postgre\Connection.php:193
Stack trace:
#0 [internal function]: CodeIgniter\Debug\Exceptions->errorHandler(2, 'pg_query(): Que...', 'C:\\xampp\\htdocs...', 193)
#1 C:\xampp\htdocs\salonClinic\system\Database\Postgre\Connection.php(193): pg_query(Object(PgSql\Connection), 'CALL get_pendin...')
#2 C:\xampp\htdocs\salonClinic\system\Database\BaseConnection.php(722): CodeIgniter\Database\Postgre\Connection->execute('CALL get_pendin...')
#3 C:\xampp\htdocs\salonClinic\system\Database\BaseConnection.php(636): CodeIgniter\Database\BaseConnection->simpleQuery('CALL get_pendin...')
#4 C:\xampp\htdocs\salonClinic\app\Controllers\Home.php(1696): CodeIgniter\Database\BaseConnection->query('CALL get_pendin...', Array)
#5 C:\xampp\htdocs\salonClinic\system\CodeIgniter.php(933): App\Controllers\Home->getPendingAppointments()
#6 C:\xampp\htdocs\salonClinic\system\CodeIgniter.php(509): CodeIgniter\CodeIgniter->runController(Object(App\Controllers\Home))
#7 C:\xampp\htdocs\salonClinic\system\CodeIgniter.php(355): CodeIgniter\CodeIgniter->handleRequest(NULL, Object(Config\Cache), false)
#8 C:\xampp\htdocs\salonClinic\system\Boot.php(312): CodeIgniter\CodeIgniter->run()
#9 C:\xampp\htdocs\salonClinic\system\Boot.php(67): CodeIgniter\Boot::runCodeIgniter(Object(CodeIgniter\CodeIgniter))
#10 C:\xampp\htdocs\salonClinic\index.php(56): CodeIgniter\Boot::bootWeb(Object(Config\Paths))
#11 {main}
CRITICAL - 2025-03-21 09:28:27 --> CodeIgniter\Database\Exceptions\DatabaseException: pg_query(): Query failed: ERROR:  column s.Price does not exist
LINE 13:                     'price', COALESCE(s.&quot;Price&quot;, '')::text, ...
                                               ^
HINT:  Perhaps you meant to reference the column &quot;s.price&quot;.
QUERY:  SELECT jsonb_build_object(
            'status', 200,
            'message', 'Pending appointments retrieved successfully',
            'data', jsonb_agg(
                jsonb_build_object(
                    'id', a.id,
                    'branch', a.branch,
                    'consultant', a.consultant,
                    'section', a.section,
                    'slot', a.slot,
                    'appointment_status', a.appointment_status,
                    'slots_time', s.slots_time,
                    'price', COALESCE(s.&quot;Price&quot;, '')::text,  -- Use &quot;Price&quot; with quotes for case-sensitivity
                    'branch_name', b.branch_name,
                    'consultant_name', r.name,
                    'section_name', sec.section_name,
                    'full_name', a.full_name,
                    'mobile_no', a.mobile_no,
                    'email_id', a.email_id,
                    'locations', a.locations,
                    'startdate', a.startdate,
                    'dates', a.dates,  -- Include 'dates' column
                    'created_at', a.created_at
                )
            )
    )
                         FROM tbl_appointment a
    LEFT JOIN tbl_slots s ON CAST(a.slot AS INTEGER) = s.id
    LEFT JOIN tbl_register r ON a.consultant = r.id
    LEFT JOIN tbl_branch b ON a.branch = b.id
    LEFT JOIN tbl_section sec ON a.section = sec.id
    WHERE a.is_deleted = 'N'
    AND a.appointment_status = 'PE'  -- Only pending appointments
    AND a.dates &lt;= CURRENT_DATE
CONTEXT:  PL/pgSQL function get_pending_appointments() line 4 at SQL statement
[Method: GET, Route: get_pending_appointments]
in SYSTEMPATH\Database\BaseConnection.php on line 676.
 1 APPPATH\Controllers\Home.php(1696): CodeIgniter\Database\BaseConnection->query('CALL get_pending_appointments(?)', [...])
 2 SYSTEMPATH\CodeIgniter.php(933): App\Controllers\Home->getPendingAppointments()
 3 SYSTEMPATH\CodeIgniter.php(509): CodeIgniter\CodeIgniter->runController(Object(App\Controllers\Home))
 4 SYSTEMPATH\CodeIgniter.php(355): CodeIgniter\CodeIgniter->handleRequest(null, Object(Config\Cache), false)
 5 SYSTEMPATH\Boot.php(312): CodeIgniter\CodeIgniter->run()
 6 SYSTEMPATH\Boot.php(67): CodeIgniter\Boot::runCodeIgniter(Object(CodeIgniter\CodeIgniter))
 7 FCPATH\index.php(56): CodeIgniter\Boot::bootWeb(Object(Config\Paths))
CRITICAL - 2025-03-21 09:28:27 --> [Caused by] CodeIgniter\Database\Exceptions\DatabaseException: pg_query(): Query failed: ERROR:  column s.Price does not exist
LINE 13:                     'price', COALESCE(s.&quot;Price&quot;, '')::text, ...
                                               ^
HINT:  Perhaps you meant to reference the column &quot;s.price&quot;.
QUERY:  SELECT jsonb_build_object(
            'status', 200,
            'message', 'Pending appointments retrieved successfully',
            'data', jsonb_agg(
                jsonb_build_object(
                    'id', a.id,
                    'branch', a.branch,
                    'consultant', a.consultant,
                    'section', a.section,
                    'slot', a.slot,
                    'appointment_status', a.appointment_status,
                    'slots_time', s.slots_time,
                    'price', COALESCE(s.&quot;Price&quot;, '')::text,  -- Use &quot;Price&quot; with quotes for case-sensitivity
                    'branch_name', b.branch_name,
                    'consultant_name', r.name,
                    'section_name', sec.section_name,
                    'full_name', a.full_name,
                    'mobile_no', a.mobile_no,
                    'email_id', a.email_id,
                    'locations', a.locations,
                    'startdate', a.startdate,
                    'dates', a.dates,  -- Include 'dates' column
                    'created_at', a.created_at
                )
            )
    )
                         FROM tbl_appointment a
    LEFT JOIN tbl_slots s ON CAST(a.slot AS INTEGER) = s.id
    LEFT JOIN tbl_register r ON a.consultant = r.id
    LEFT JOIN tbl_branch b ON a.branch = b.id
    LEFT JOIN tbl_section sec ON a.section = sec.id
    WHERE a.is_deleted = 'N'
    AND a.appointment_status = 'PE'  -- Only pending appointments
    AND a.dates &lt;= CURRENT_DATE
CONTEXT:  PL/pgSQL function get_pending_appointments() line 4 at SQL statement
in SYSTEMPATH\Database\Postgre\Connection.php on line 198.
 1 SYSTEMPATH\Database\BaseConnection.php(722): CodeIgniter\Database\Postgre\Connection->execute('CALL get_pending_appointments(NULL)')
 2 SYSTEMPATH\Database\BaseConnection.php(636): CodeIgniter\Database\BaseConnection->simpleQuery('CALL get_pending_appointments(NULL)')
 3 APPPATH\Controllers\Home.php(1696): CodeIgniter\Database\BaseConnection->query('CALL get_pending_appointments(?)', [...])
 4 SYSTEMPATH\CodeIgniter.php(933): App\Controllers\Home->getPendingAppointments()
 5 SYSTEMPATH\CodeIgniter.php(509): CodeIgniter\CodeIgniter->runController(Object(App\Controllers\Home))
 6 SYSTEMPATH\CodeIgniter.php(355): CodeIgniter\CodeIgniter->handleRequest(null, Object(Config\Cache), false)
 7 SYSTEMPATH\Boot.php(312): CodeIgniter\CodeIgniter->run()
 8 SYSTEMPATH\Boot.php(67): CodeIgniter\Boot::runCodeIgniter(Object(CodeIgniter\CodeIgniter))
 9 FCPATH\index.php(56): CodeIgniter\Boot::bootWeb(Object(Config\Paths))
CRITICAL - 2025-03-21 09:28:27 --> [Caused by] ErrorException: pg_query(): Query failed: ERROR:  column s.Price does not exist
LINE 13:                     'price', COALESCE(s.&quot;Price&quot;, '')::text, ...
                                               ^
HINT:  Perhaps you meant to reference the column &quot;s.price&quot;.
QUERY:  SELECT jsonb_build_object(
            'status', 200,
            'message', 'Pending appointments retrieved successfully',
            'data', jsonb_agg(
                jsonb_build_object(
                    'id', a.id,
                    'branch', a.branch,
                    'consultant', a.consultant,
                    'section', a.section,
                    'slot', a.slot,
                    'appointment_status', a.appointment_status,
                    'slots_time', s.slots_time,
                    'price', COALESCE(s.&quot;Price&quot;, '')::text,  -- Use &quot;Price&quot; with quotes for case-sensitivity
                    'branch_name', b.branch_name,
                    'consultant_name', r.name,
                    'section_name', sec.section_name,
                    'full_name', a.full_name,
                    'mobile_no', a.mobile_no,
                    'email_id', a.email_id,
                    'locations', a.locations,
                    'startdate', a.startdate,
                    'dates', a.dates,  -- Include 'dates' column
                    'created_at', a.created_at
                )
            )
    )
                         FROM tbl_appointment a
    LEFT JOIN tbl_slots s ON CAST(a.slot AS INTEGER) = s.id
    LEFT JOIN tbl_register r ON a.consultant = r.id
    LEFT JOIN tbl_branch b ON a.branch = b.id
    LEFT JOIN tbl_section sec ON a.section = sec.id
    WHERE a.is_deleted = 'N'
    AND a.appointment_status = 'PE'  -- Only pending appointments
    AND a.dates &lt;= CURRENT_DATE
CONTEXT:  PL/pgSQL function get_pending_appointments() line 4 at SQL statement
in SYSTEMPATH\Database\Postgre\Connection.php on line 193.
 1 [internal function]: CodeIgniter\Debug\Exceptions->errorHandler(2, 'pg_query(): Query failed: ERROR:  column s.Price does not exist
LINE 13:                     \'price\', COALESCE(s.&quot;Price&quot;, \'\')::text, ...
                                               ^
HINT:  Perhaps you meant to reference the column &quot;s.price&quot;.
QUERY:  SELECT jsonb_build_object(
            \'status\', 200,
            \'message\', \'Pending appointments retrieved successfully\',
            \'data\', jsonb_agg(
                jsonb_build_object(
                    \'id\', a.id,
                    \'branch\', a.branch,
                    \'consultant\', a.consultant,
                    \'section\', a.section,
                    \'slot\', a.slot,
                    \'appointment_status\', a.appointment_status,
                    \'slots_time\', s.slots_time,
                    \'price\', COALESCE(s.&quot;Price&quot;, \'\')::text,  -- Use &quot;Price&quot; with quotes for case-sensitivity
                    \'branch_name\', b.branch_name,
                    \'consultant_name\', r.name,
                    \'section_name\', sec.section_name,
                    \'full_name\', a.full_name,
                    \'mobile_no\', a.mobile_no,
                    \'email_id\', a.email_id,
                    \'locations\', a.locations,
                    \'startdate\', a.startdate,
                    \'dates\', a.dates,  -- Include \'dates\' column
                    \'created_at\', a.created_at
                )
            )
    )
                         FROM tbl_appointment a
    LEFT JOIN tbl_slots s ON CAST(a.slot AS INTEGER) = s.id
    LEFT JOIN tbl_register r ON a.consultant = r.id
    LEFT JOIN tbl_branch b ON a.branch = b.id
    LEFT JOIN tbl_section sec ON a.section = sec.id
    WHERE a.is_deleted = \'N\'
    AND a.appointment_status = \'PE\'  -- Only pending appointments
    AND a.dates &lt;= CURRENT_DATE
CONTEXT:  PL/pgSQL function get_pending_appointments() line 4 at SQL statement', 'C:\\xampp\\htdocs\\salonClinic\\system\\Database\\Postgre\\Connection.php', 193)
 2 SYSTEMPATH\Database\Postgre\Connection.php(193): pg_query(Object(PgSql\Connection), 'CALL get_pending_appointments(NULL)')
 3 SYSTEMPATH\Database\BaseConnection.php(722): CodeIgniter\Database\Postgre\Connection->execute('CALL get_pending_appointments(NULL)')
 4 SYSTEMPATH\Database\BaseConnection.php(636): CodeIgniter\Database\BaseConnection->simpleQuery('CALL get_pending_appointments(NULL)')
 5 APPPATH\Controllers\Home.php(1696): CodeIgniter\Database\BaseConnection->query('CALL get_pending_appointments(?)', [...])
 6 SYSTEMPATH\CodeIgniter.php(933): App\Controllers\Home->getPendingAppointments()
 7 SYSTEMPATH\CodeIgniter.php(509): CodeIgniter\CodeIgniter->runController(Object(App\Controllers\Home))
 8 SYSTEMPATH\CodeIgniter.php(355): CodeIgniter\CodeIgniter->handleRequest(null, Object(Config\Cache), false)
 9 SYSTEMPATH\Boot.php(312): CodeIgniter\CodeIgniter->run()
10 SYSTEMPATH\Boot.php(67): CodeIgniter\Boot::runCodeIgniter(Object(CodeIgniter\CodeIgniter))
11 FCPATH\index.php(56): CodeIgniter\Boot::bootWeb(Object(Config\Paths))
ERROR - 2025-03-21 09:28:33 --> ErrorException: pg_query(): Query failed: ERROR:  column s.Price does not exist
LINE 13:                     'price', COALESCE(s.&quot;Price&quot;, '')::text, ...
                                               ^
HINT:  Perhaps you meant to reference the column &quot;s.price&quot;.
QUERY:  SELECT jsonb_build_object(
            'status', 200,
            'message', 'Pending appointments retrieved successfully',
            'data', jsonb_agg(
                jsonb_build_object(
                    'id', a.id,
                    'branch', a.branch,
                    'consultant', a.consultant,
                    'section', a.section,
                    'slot', a.slot,
                    'appointment_status', a.appointment_status,
                    'slots_time', s.slots_time,
                    'price', COALESCE(s.&quot;Price&quot;, '')::text,  -- Use &quot;Price&quot; with quotes for case-sensitivity
                    'branch_name', b.branch_name,
                    'consultant_name', r.name,
                    'section_name', sec.section_name,
                    'full_name', a.full_name,
                    'mobile_no', a.mobile_no,
                    'email_id', a.email_id,
                    'locations', a.locations,
                    'startdate', a.startdate,
                    'dates', a.dates,  -- Include 'dates' column
                    'created_at', a.created_at
                )
            )
    )
                         FROM tbl_appointment a
    LEFT JOIN tbl_slots s ON CAST(a.slot AS INTEGER) = s.id
    LEFT JOIN tbl_register r ON a.consultant = r.id
    LEFT JOIN tbl_branch b ON a.branch = b.id
    LEFT JOIN tbl_section sec ON a.section = sec.id
    WHERE a.is_deleted = 'N'
    AND a.appointment_status = 'PE'  -- Only pending appointments
    AND a.dates &lt;= CURRENT_DATE
CONTEXT:  PL/pgSQL function get_pending_appointments() line 4 at SQL statement in C:\xampp\htdocs\salonClinic\system\Database\Postgre\Connection.php:193
Stack trace:
#0 [internal function]: CodeIgniter\Debug\Exceptions->errorHandler(2, 'pg_query(): Que...', 'C:\\xampp\\htdocs...', 193)
#1 C:\xampp\htdocs\salonClinic\system\Database\Postgre\Connection.php(193): pg_query(Object(PgSql\Connection), 'CALL get_pendin...')
#2 C:\xampp\htdocs\salonClinic\system\Database\BaseConnection.php(722): CodeIgniter\Database\Postgre\Connection->execute('CALL get_pendin...')
#3 C:\xampp\htdocs\salonClinic\system\Database\BaseConnection.php(636): CodeIgniter\Database\BaseConnection->simpleQuery('CALL get_pendin...')
#4 C:\xampp\htdocs\salonClinic\app\Controllers\Home.php(1696): CodeIgniter\Database\BaseConnection->query('CALL get_pendin...', Array)
#5 C:\xampp\htdocs\salonClinic\system\CodeIgniter.php(933): App\Controllers\Home->getPendingAppointments()
#6 C:\xampp\htdocs\salonClinic\system\CodeIgniter.php(509): CodeIgniter\CodeIgniter->runController(Object(App\Controllers\Home))
#7 C:\xampp\htdocs\salonClinic\system\CodeIgniter.php(355): CodeIgniter\CodeIgniter->handleRequest(NULL, Object(Config\Cache), false)
#8 C:\xampp\htdocs\salonClinic\system\Boot.php(312): CodeIgniter\CodeIgniter->run()
#9 C:\xampp\htdocs\salonClinic\system\Boot.php(67): CodeIgniter\Boot::runCodeIgniter(Object(CodeIgniter\CodeIgniter))
#10 C:\xampp\htdocs\salonClinic\index.php(56): CodeIgniter\Boot::bootWeb(Object(Config\Paths))
#11 {main}
CRITICAL - 2025-03-21 09:28:33 --> CodeIgniter\Database\Exceptions\DatabaseException: pg_query(): Query failed: ERROR:  column s.Price does not exist
LINE 13:                     'price', COALESCE(s.&quot;Price&quot;, '')::text, ...
                                               ^
HINT:  Perhaps you meant to reference the column &quot;s.price&quot;.
QUERY:  SELECT jsonb_build_object(
            'status', 200,
            'message', 'Pending appointments retrieved successfully',
            'data', jsonb_agg(
                jsonb_build_object(
                    'id', a.id,
                    'branch', a.branch,
                    'consultant', a.consultant,
                    'section', a.section,
                    'slot', a.slot,
                    'appointment_status', a.appointment_status,
                    'slots_time', s.slots_time,
                    'price', COALESCE(s.&quot;Price&quot;, '')::text,  -- Use &quot;Price&quot; with quotes for case-sensitivity
                    'branch_name', b.branch_name,
                    'consultant_name', r.name,
                    'section_name', sec.section_name,
                    'full_name', a.full_name,
                    'mobile_no', a.mobile_no,
                    'email_id', a.email_id,
                    'locations', a.locations,
                    'startdate', a.startdate,
                    'dates', a.dates,  -- Include 'dates' column
                    'created_at', a.created_at
                )
            )
    )
                         FROM tbl_appointment a
    LEFT JOIN tbl_slots s ON CAST(a.slot AS INTEGER) = s.id
    LEFT JOIN tbl_register r ON a.consultant = r.id
    LEFT JOIN tbl_branch b ON a.branch = b.id
    LEFT JOIN tbl_section sec ON a.section = sec.id
    WHERE a.is_deleted = 'N'
    AND a.appointment_status = 'PE'  -- Only pending appointments
    AND a.dates &lt;= CURRENT_DATE
CONTEXT:  PL/pgSQL function get_pending_appointments() line 4 at SQL statement
[Method: GET, Route: get_pending_appointments]
in SYSTEMPATH\Database\BaseConnection.php on line 676.
 1 APPPATH\Controllers\Home.php(1696): CodeIgniter\Database\BaseConnection->query('CALL get_pending_appointments(?)', [...])
 2 SYSTEMPATH\CodeIgniter.php(933): App\Controllers\Home->getPendingAppointments()
 3 SYSTEMPATH\CodeIgniter.php(509): CodeIgniter\CodeIgniter->runController(Object(App\Controllers\Home))
 4 SYSTEMPATH\CodeIgniter.php(355): CodeIgniter\CodeIgniter->handleRequest(null, Object(Config\Cache), false)
 5 SYSTEMPATH\Boot.php(312): CodeIgniter\CodeIgniter->run()
 6 SYSTEMPATH\Boot.php(67): CodeIgniter\Boot::runCodeIgniter(Object(CodeIgniter\CodeIgniter))
 7 FCPATH\index.php(56): CodeIgniter\Boot::bootWeb(Object(Config\Paths))
CRITICAL - 2025-03-21 09:28:33 --> [Caused by] CodeIgniter\Database\Exceptions\DatabaseException: pg_query(): Query failed: ERROR:  column s.Price does not exist
LINE 13:                     'price', COALESCE(s.&quot;Price&quot;, '')::text, ...
                                               ^
HINT:  Perhaps you meant to reference the column &quot;s.price&quot;.
QUERY:  SELECT jsonb_build_object(
            'status', 200,
            'message', 'Pending appointments retrieved successfully',
            'data', jsonb_agg(
                jsonb_build_object(
                    'id', a.id,
                    'branch', a.branch,
                    'consultant', a.consultant,
                    'section', a.section,
                    'slot', a.slot,
                    'appointment_status', a.appointment_status,
                    'slots_time', s.slots_time,
                    'price', COALESCE(s.&quot;Price&quot;, '')::text,  -- Use &quot;Price&quot; with quotes for case-sensitivity
                    'branch_name', b.branch_name,
                    'consultant_name', r.name,
                    'section_name', sec.section_name,
                    'full_name', a.full_name,
                    'mobile_no', a.mobile_no,
                    'email_id', a.email_id,
                    'locations', a.locations,
                    'startdate', a.startdate,
                    'dates', a.dates,  -- Include 'dates' column
                    'created_at', a.created_at
                )
            )
    )
                         FROM tbl_appointment a
    LEFT JOIN tbl_slots s ON CAST(a.slot AS INTEGER) = s.id
    LEFT JOIN tbl_register r ON a.consultant = r.id
    LEFT JOIN tbl_branch b ON a.branch = b.id
    LEFT JOIN tbl_section sec ON a.section = sec.id
    WHERE a.is_deleted = 'N'
    AND a.appointment_status = 'PE'  -- Only pending appointments
    AND a.dates &lt;= CURRENT_DATE
CONTEXT:  PL/pgSQL function get_pending_appointments() line 4 at SQL statement
in SYSTEMPATH\Database\Postgre\Connection.php on line 198.
 1 SYSTEMPATH\Database\BaseConnection.php(722): CodeIgniter\Database\Postgre\Connection->execute('CALL get_pending_appointments(NULL)')
 2 SYSTEMPATH\Database\BaseConnection.php(636): CodeIgniter\Database\BaseConnection->simpleQuery('CALL get_pending_appointments(NULL)')
 3 APPPATH\Controllers\Home.php(1696): CodeIgniter\Database\BaseConnection->query('CALL get_pending_appointments(?)', [...])
 4 SYSTEMPATH\CodeIgniter.php(933): App\Controllers\Home->getPendingAppointments()
 5 SYSTEMPATH\CodeIgniter.php(509): CodeIgniter\CodeIgniter->runController(Object(App\Controllers\Home))
 6 SYSTEMPATH\CodeIgniter.php(355): CodeIgniter\CodeIgniter->handleRequest(null, Object(Config\Cache), false)
 7 SYSTEMPATH\Boot.php(312): CodeIgniter\CodeIgniter->run()
 8 SYSTEMPATH\Boot.php(67): CodeIgniter\Boot::runCodeIgniter(Object(CodeIgniter\CodeIgniter))
 9 FCPATH\index.php(56): CodeIgniter\Boot::bootWeb(Object(Config\Paths))
CRITICAL - 2025-03-21 09:28:33 --> [Caused by] ErrorException: pg_query(): Query failed: ERROR:  column s.Price does not exist
LINE 13:                     'price', COALESCE(s.&quot;Price&quot;, '')::text, ...
                                               ^
HINT:  Perhaps you meant to reference the column &quot;s.price&quot;.
QUERY:  SELECT jsonb_build_object(
            'status', 200,
            'message', 'Pending appointments retrieved successfully',
            'data', jsonb_agg(
                jsonb_build_object(
                    'id', a.id,
                    'branch', a.branch,
                    'consultant', a.consultant,
                    'section', a.section,
                    'slot', a.slot,
                    'appointment_status', a.appointment_status,
                    'slots_time', s.slots_time,
                    'price', COALESCE(s.&quot;Price&quot;, '')::text,  -- Use &quot;Price&quot; with quotes for case-sensitivity
                    'branch_name', b.branch_name,
                    'consultant_name', r.name,
                    'section_name', sec.section_name,
                    'full_name', a.full_name,
                    'mobile_no', a.mobile_no,
                    'email_id', a.email_id,
                    'locations', a.locations,
                    'startdate', a.startdate,
                    'dates', a.dates,  -- Include 'dates' column
                    'created_at', a.created_at
                )
            )
    )
                         FROM tbl_appointment a
    LEFT JOIN tbl_slots s ON CAST(a.slot AS INTEGER) = s.id
    LEFT JOIN tbl_register r ON a.consultant = r.id
    LEFT JOIN tbl_branch b ON a.branch = b.id
    LEFT JOIN tbl_section sec ON a.section = sec.id
    WHERE a.is_deleted = 'N'
    AND a.appointment_status = 'PE'  -- Only pending appointments
    AND a.dates &lt;= CURRENT_DATE
CONTEXT:  PL/pgSQL function get_pending_appointments() line 4 at SQL statement
in SYSTEMPATH\Database\Postgre\Connection.php on line 193.
 1 [internal function]: CodeIgniter\Debug\Exceptions->errorHandler(2, 'pg_query(): Query failed: ERROR:  column s.Price does not exist
LINE 13:                     \'price\', COALESCE(s.&quot;Price&quot;, \'\')::text, ...
                                               ^
HINT:  Perhaps you meant to reference the column &quot;s.price&quot;.
QUERY:  SELECT jsonb_build_object(
            \'status\', 200,
            \'message\', \'Pending appointments retrieved successfully\',
            \'data\', jsonb_agg(
                jsonb_build_object(
                    \'id\', a.id,
                    \'branch\', a.branch,
                    \'consultant\', a.consultant,
                    \'section\', a.section,
                    \'slot\', a.slot,
                    \'appointment_status\', a.appointment_status,
                    \'slots_time\', s.slots_time,
                    \'price\', COALESCE(s.&quot;Price&quot;, \'\')::text,  -- Use &quot;Price&quot; with quotes for case-sensitivity
                    \'branch_name\', b.branch_name,
                    \'consultant_name\', r.name,
                    \'section_name\', sec.section_name,
                    \'full_name\', a.full_name,
                    \'mobile_no\', a.mobile_no,
                    \'email_id\', a.email_id,
                    \'locations\', a.locations,
                    \'startdate\', a.startdate,
                    \'dates\', a.dates,  -- Include \'dates\' column
                    \'created_at\', a.created_at
                )
            )
    )
                         FROM tbl_appointment a
    LEFT JOIN tbl_slots s ON CAST(a.slot AS INTEGER) = s.id
    LEFT JOIN tbl_register r ON a.consultant = r.id
    LEFT JOIN tbl_branch b ON a.branch = b.id
    LEFT JOIN tbl_section sec ON a.section = sec.id
    WHERE a.is_deleted = \'N\'
    AND a.appointment_status = \'PE\'  -- Only pending appointments
    AND a.dates &lt;= CURRENT_DATE
CONTEXT:  PL/pgSQL function get_pending_appointments() line 4 at SQL statement', 'C:\\xampp\\htdocs\\salonClinic\\system\\Database\\Postgre\\Connection.php', 193)
 2 SYSTEMPATH\Database\Postgre\Connection.php(193): pg_query(Object(PgSql\Connection), 'CALL get_pending_appointments(NULL)')
 3 SYSTEMPATH\Database\BaseConnection.php(722): CodeIgniter\Database\Postgre\Connection->execute('CALL get_pending_appointments(NULL)')
 4 SYSTEMPATH\Database\BaseConnection.php(636): CodeIgniter\Database\BaseConnection->simpleQuery('CALL get_pending_appointments(NULL)')
 5 APPPATH\Controllers\Home.php(1696): CodeIgniter\Database\BaseConnection->query('CALL get_pending_appointments(?)', [...])
 6 SYSTEMPATH\CodeIgniter.php(933): App\Controllers\Home->getPendingAppointments()
 7 SYSTEMPATH\CodeIgniter.php(509): CodeIgniter\CodeIgniter->runController(Object(App\Controllers\Home))
 8 SYSTEMPATH\CodeIgniter.php(355): CodeIgniter\CodeIgniter->handleRequest(null, Object(Config\Cache), false)
 9 SYSTEMPATH\Boot.php(312): CodeIgniter\CodeIgniter->run()
10 SYSTEMPATH\Boot.php(67): CodeIgniter\Boot::runCodeIgniter(Object(CodeIgniter\CodeIgniter))
11 FCPATH\index.php(56): CodeIgniter\Boot::bootWeb(Object(Config\Paths))
ERROR - 2025-03-21 09:28:42 --> ErrorException: pg_query(): Query failed: ERROR:  column s.Price does not exist
LINE 13:                     'price', COALESCE(s.&quot;Price&quot;, '')::text, ...
                                               ^
HINT:  Perhaps you meant to reference the column &quot;s.price&quot;.
QUERY:  SELECT jsonb_build_object(
            'status', 200,
            'message', 'Pending appointments retrieved successfully',
            'data', jsonb_agg(
                jsonb_build_object(
                    'id', a.id,
                    'branch', a.branch,
                    'consultant', a.consultant,
                    'section', a.section,
                    'slot', a.slot,
                    'appointment_status', a.appointment_status,
                    'slots_time', s.slots_time,
                    'price', COALESCE(s.&quot;Price&quot;, '')::text,  -- Use &quot;Price&quot; with quotes for case-sensitivity
                    'branch_name', b.branch_name,
                    'consultant_name', r.name,
                    'section_name', sec.section_name,
                    'full_name', a.full_name,
                    'mobile_no', a.mobile_no,
                    'email_id', a.email_id,
                    'locations', a.locations,
                    'startdate', a.startdate,
                    'dates', a.dates,  -- Include 'dates' column
                    'created_at', a.created_at
                )
            )
    )
                         FROM tbl_appointment a
    LEFT JOIN tbl_slots s ON CAST(a.slot AS INTEGER) = s.id
    LEFT JOIN tbl_register r ON a.consultant = r.id
    LEFT JOIN tbl_branch b ON a.branch = b.id
    LEFT JOIN tbl_section sec ON a.section = sec.id
    WHERE a.is_deleted = 'N'
    AND a.appointment_status = 'PE'  -- Only pending appointments
    AND a.dates &lt;= CURRENT_DATE
CONTEXT:  PL/pgSQL function get_pending_appointments() line 4 at SQL statement in C:\xampp\htdocs\salonClinic\system\Database\Postgre\Connection.php:193
Stack trace:
#0 [internal function]: CodeIgniter\Debug\Exceptions->errorHandler(2, 'pg_query(): Que...', 'C:\\xampp\\htdocs...', 193)
#1 C:\xampp\htdocs\salonClinic\system\Database\Postgre\Connection.php(193): pg_query(Object(PgSql\Connection), 'CALL get_pendin...')
#2 C:\xampp\htdocs\salonClinic\system\Database\BaseConnection.php(722): CodeIgniter\Database\Postgre\Connection->execute('CALL get_pendin...')
#3 C:\xampp\htdocs\salonClinic\system\Database\BaseConnection.php(636): CodeIgniter\Database\BaseConnection->simpleQuery('CALL get_pendin...')
#4 C:\xampp\htdocs\salonClinic\app\Controllers\Home.php(1696): CodeIgniter\Database\BaseConnection->query('CALL get_pendin...', Array)
#5 C:\xampp\htdocs\salonClinic\system\CodeIgniter.php(933): App\Controllers\Home->getPendingAppointments()
#6 C:\xampp\htdocs\salonClinic\system\CodeIgniter.php(509): CodeIgniter\CodeIgniter->runController(Object(App\Controllers\Home))
#7 C:\xampp\htdocs\salonClinic\system\CodeIgniter.php(355): CodeIgniter\CodeIgniter->handleRequest(NULL, Object(Config\Cache), false)
#8 C:\xampp\htdocs\salonClinic\system\Boot.php(312): CodeIgniter\CodeIgniter->run()
#9 C:\xampp\htdocs\salonClinic\system\Boot.php(67): CodeIgniter\Boot::runCodeIgniter(Object(CodeIgniter\CodeIgniter))
#10 C:\xampp\htdocs\salonClinic\index.php(56): CodeIgniter\Boot::bootWeb(Object(Config\Paths))
#11 {main}
CRITICAL - 2025-03-21 09:28:42 --> CodeIgniter\Database\Exceptions\DatabaseException: pg_query(): Query failed: ERROR:  column s.Price does not exist
LINE 13:                     'price', COALESCE(s.&quot;Price&quot;, '')::text, ...
                                               ^
HINT:  Perhaps you meant to reference the column &quot;s.price&quot;.
QUERY:  SELECT jsonb_build_object(
            'status', 200,
            'message', 'Pending appointments retrieved successfully',
            'data', jsonb_agg(
                jsonb_build_object(
                    'id', a.id,
                    'branch', a.branch,
                    'consultant', a.consultant,
                    'section', a.section,
                    'slot', a.slot,
                    'appointment_status', a.appointment_status,
                    'slots_time', s.slots_time,
                    'price', COALESCE(s.&quot;Price&quot;, '')::text,  -- Use &quot;Price&quot; with quotes for case-sensitivity
                    'branch_name', b.branch_name,
                    'consultant_name', r.name,
                    'section_name', sec.section_name,
                    'full_name', a.full_name,
                    'mobile_no', a.mobile_no,
                    'email_id', a.email_id,
                    'locations', a.locations,
                    'startdate', a.startdate,
                    'dates', a.dates,  -- Include 'dates' column
                    'created_at', a.created_at
                )
            )
    )
                         FROM tbl_appointment a
    LEFT JOIN tbl_slots s ON CAST(a.slot AS INTEGER) = s.id
    LEFT JOIN tbl_register r ON a.consultant = r.id
    LEFT JOIN tbl_branch b ON a.branch = b.id
    LEFT JOIN tbl_section sec ON a.section = sec.id
    WHERE a.is_deleted = 'N'
    AND a.appointment_status = 'PE'  -- Only pending appointments
    AND a.dates &lt;= CURRENT_DATE
CONTEXT:  PL/pgSQL function get_pending_appointments() line 4 at SQL statement
[Method: GET, Route: get_pending_appointments]
in SYSTEMPATH\Database\BaseConnection.php on line 676.
 1 APPPATH\Controllers\Home.php(1696): CodeIgniter\Database\BaseConnection->query('CALL get_pending_appointments(?)', [...])
 2 SYSTEMPATH\CodeIgniter.php(933): App\Controllers\Home->getPendingAppointments()
 3 SYSTEMPATH\CodeIgniter.php(509): CodeIgniter\CodeIgniter->runController(Object(App\Controllers\Home))
 4 SYSTEMPATH\CodeIgniter.php(355): CodeIgniter\CodeIgniter->handleRequest(null, Object(Config\Cache), false)
 5 SYSTEMPATH\Boot.php(312): CodeIgniter\CodeIgniter->run()
 6 SYSTEMPATH\Boot.php(67): CodeIgniter\Boot::runCodeIgniter(Object(CodeIgniter\CodeIgniter))
 7 FCPATH\index.php(56): CodeIgniter\Boot::bootWeb(Object(Config\Paths))
CRITICAL - 2025-03-21 09:28:42 --> [Caused by] CodeIgniter\Database\Exceptions\DatabaseException: pg_query(): Query failed: ERROR:  column s.Price does not exist
LINE 13:                     'price', COALESCE(s.&quot;Price&quot;, '')::text, ...
                                               ^
HINT:  Perhaps you meant to reference the column &quot;s.price&quot;.
QUERY:  SELECT jsonb_build_object(
            'status', 200,
            'message', 'Pending appointments retrieved successfully',
            'data', jsonb_agg(
                jsonb_build_object(
                    'id', a.id,
                    'branch', a.branch,
                    'consultant', a.consultant,
                    'section', a.section,
                    'slot', a.slot,
                    'appointment_status', a.appointment_status,
                    'slots_time', s.slots_time,
                    'price', COALESCE(s.&quot;Price&quot;, '')::text,  -- Use &quot;Price&quot; with quotes for case-sensitivity
                    'branch_name', b.branch_name,
                    'consultant_name', r.name,
                    'section_name', sec.section_name,
                    'full_name', a.full_name,
                    'mobile_no', a.mobile_no,
                    'email_id', a.email_id,
                    'locations', a.locations,
                    'startdate', a.startdate,
                    'dates', a.dates,  -- Include 'dates' column
                    'created_at', a.created_at
                )
            )
    )
                         FROM tbl_appointment a
    LEFT JOIN tbl_slots s ON CAST(a.slot AS INTEGER) = s.id
    LEFT JOIN tbl_register r ON a.consultant = r.id
    LEFT JOIN tbl_branch b ON a.branch = b.id
    LEFT JOIN tbl_section sec ON a.section = sec.id
    WHERE a.is_deleted = 'N'
    AND a.appointment_status = 'PE'  -- Only pending appointments
    AND a.dates &lt;= CURRENT_DATE
CONTEXT:  PL/pgSQL function get_pending_appointments() line 4 at SQL statement
in SYSTEMPATH\Database\Postgre\Connection.php on line 198.
 1 SYSTEMPATH\Database\BaseConnection.php(722): CodeIgniter\Database\Postgre\Connection->execute('CALL get_pending_appointments(NULL)')
 2 SYSTEMPATH\Database\BaseConnection.php(636): CodeIgniter\Database\BaseConnection->simpleQuery('CALL get_pending_appointments(NULL)')
 3 APPPATH\Controllers\Home.php(1696): CodeIgniter\Database\BaseConnection->query('CALL get_pending_appointments(?)', [...])
 4 SYSTEMPATH\CodeIgniter.php(933): App\Controllers\Home->getPendingAppointments()
 5 SYSTEMPATH\CodeIgniter.php(509): CodeIgniter\CodeIgniter->runController(Object(App\Controllers\Home))
 6 SYSTEMPATH\CodeIgniter.php(355): CodeIgniter\CodeIgniter->handleRequest(null, Object(Config\Cache), false)
 7 SYSTEMPATH\Boot.php(312): CodeIgniter\CodeIgniter->run()
 8 SYSTEMPATH\Boot.php(67): CodeIgniter\Boot::runCodeIgniter(Object(CodeIgniter\CodeIgniter))
 9 FCPATH\index.php(56): CodeIgniter\Boot::bootWeb(Object(Config\Paths))
CRITICAL - 2025-03-21 09:28:42 --> [Caused by] ErrorException: pg_query(): Query failed: ERROR:  column s.Price does not exist
LINE 13:                     'price', COALESCE(s.&quot;Price&quot;, '')::text, ...
                                               ^
HINT:  Perhaps you meant to reference the column &quot;s.price&quot;.
QUERY:  SELECT jsonb_build_object(
            'status', 200,
            'message', 'Pending appointments retrieved successfully',
            'data', jsonb_agg(
                jsonb_build_object(
                    'id', a.id,
                    'branch', a.branch,
                    'consultant', a.consultant,
                    'section', a.section,
                    'slot', a.slot,
                    'appointment_status', a.appointment_status,
                    'slots_time', s.slots_time,
                    'price', COALESCE(s.&quot;Price&quot;, '')::text,  -- Use &quot;Price&quot; with quotes for case-sensitivity
                    'branch_name', b.branch_name,
                    'consultant_name', r.name,
                    'section_name', sec.section_name,
                    'full_name', a.full_name,
                    'mobile_no', a.mobile_no,
                    'email_id', a.email_id,
                    'locations', a.locations,
                    'startdate', a.startdate,
                    'dates', a.dates,  -- Include 'dates' column
                    'created_at', a.created_at
                )
            )
    )
                         FROM tbl_appointment a
    LEFT JOIN tbl_slots s ON CAST(a.slot AS INTEGER) = s.id
    LEFT JOIN tbl_register r ON a.consultant = r.id
    LEFT JOIN tbl_branch b ON a.branch = b.id
    LEFT JOIN tbl_section sec ON a.section = sec.id
    WHERE a.is_deleted = 'N'
    AND a.appointment_status = 'PE'  -- Only pending appointments
    AND a.dates &lt;= CURRENT_DATE
CONTEXT:  PL/pgSQL function get_pending_appointments() line 4 at SQL statement
in SYSTEMPATH\Database\Postgre\Connection.php on line 193.
 1 [internal function]: CodeIgniter\Debug\Exceptions->errorHandler(2, 'pg_query(): Query failed: ERROR:  column s.Price does not exist
LINE 13:                     \'price\', COALESCE(s.&quot;Price&quot;, \'\')::text, ...
                                               ^
HINT:  Perhaps you meant to reference the column &quot;s.price&quot;.
QUERY:  SELECT jsonb_build_object(
            \'status\', 200,
            \'message\', \'Pending appointments retrieved successfully\',
            \'data\', jsonb_agg(
                jsonb_build_object(
                    \'id\', a.id,
                    \'branch\', a.branch,
                    \'consultant\', a.consultant,
                    \'section\', a.section,
                    \'slot\', a.slot,
                    \'appointment_status\', a.appointment_status,
                    \'slots_time\', s.slots_time,
                    \'price\', COALESCE(s.&quot;Price&quot;, \'\')::text,  -- Use &quot;Price&quot; with quotes for case-sensitivity
                    \'branch_name\', b.branch_name,
                    \'consultant_name\', r.name,
                    \'section_name\', sec.section_name,
                    \'full_name\', a.full_name,
                    \'mobile_no\', a.mobile_no,
                    \'email_id\', a.email_id,
                    \'locations\', a.locations,
                    \'startdate\', a.startdate,
                    \'dates\', a.dates,  -- Include \'dates\' column
                    \'created_at\', a.created_at
                )
            )
    )
                         FROM tbl_appointment a
    LEFT JOIN tbl_slots s ON CAST(a.slot AS INTEGER) = s.id
    LEFT JOIN tbl_register r ON a.consultant = r.id
    LEFT JOIN tbl_branch b ON a.branch = b.id
    LEFT JOIN tbl_section sec ON a.section = sec.id
    WHERE a.is_deleted = \'N\'
    AND a.appointment_status = \'PE\'  -- Only pending appointments
    AND a.dates &lt;= CURRENT_DATE
CONTEXT:  PL/pgSQL function get_pending_appointments() line 4 at SQL statement', 'C:\\xampp\\htdocs\\salonClinic\\system\\Database\\Postgre\\Connection.php', 193)
 2 SYSTEMPATH\Database\Postgre\Connection.php(193): pg_query(Object(PgSql\Connection), 'CALL get_pending_appointments(NULL)')
 3 SYSTEMPATH\Database\BaseConnection.php(722): CodeIgniter\Database\Postgre\Connection->execute('CALL get_pending_appointments(NULL)')
 4 SYSTEMPATH\Database\BaseConnection.php(636): CodeIgniter\Database\BaseConnection->simpleQuery('CALL get_pending_appointments(NULL)')
 5 APPPATH\Controllers\Home.php(1696): CodeIgniter\Database\BaseConnection->query('CALL get_pending_appointments(?)', [...])
 6 SYSTEMPATH\CodeIgniter.php(933): App\Controllers\Home->getPendingAppointments()
 7 SYSTEMPATH\CodeIgniter.php(509): CodeIgniter\CodeIgniter->runController(Object(App\Controllers\Home))
 8 SYSTEMPATH\CodeIgniter.php(355): CodeIgniter\CodeIgniter->handleRequest(null, Object(Config\Cache), false)
 9 SYSTEMPATH\Boot.php(312): CodeIgniter\CodeIgniter->run()
10 SYSTEMPATH\Boot.php(67): CodeIgniter\Boot::runCodeIgniter(Object(CodeIgniter\CodeIgniter))
11 FCPATH\index.php(56): CodeIgniter\Boot::bootWeb(Object(Config\Paths))
ERROR - 2025-03-21 09:28:53 --> ErrorException: pg_query(): Query failed: ERROR:  column s.Price does not exist
LINE 13:                     'price', COALESCE(s.&quot;Price&quot;, '')::text, ...
                                               ^
HINT:  Perhaps you meant to reference the column &quot;s.price&quot;.
QUERY:  SELECT jsonb_build_object(
            'status', 200,
            'message', 'Pending appointments retrieved successfully',
            'data', jsonb_agg(
                jsonb_build_object(
                    'id', a.id,
                    'branch', a.branch,
                    'consultant', a.consultant,
                    'section', a.section,
                    'slot', a.slot,
                    'appointment_status', a.appointment_status,
                    'slots_time', s.slots_time,
                    'price', COALESCE(s.&quot;Price&quot;, '')::text,  -- Use &quot;Price&quot; with quotes for case-sensitivity
                    'branch_name', b.branch_name,
                    'consultant_name', r.name,
                    'section_name', sec.section_name,
                    'full_name', a.full_name,
                    'mobile_no', a.mobile_no,
                    'email_id', a.email_id,
                    'locations', a.locations,
                    'startdate', a.startdate,
                    'dates', a.dates,  -- Include 'dates' column
                    'created_at', a.created_at
                )
            )
    )
                         FROM tbl_appointment a
    LEFT JOIN tbl_slots s ON CAST(a.slot AS INTEGER) = s.id
    LEFT JOIN tbl_register r ON a.consultant = r.id
    LEFT JOIN tbl_branch b ON a.branch = b.id
    LEFT JOIN tbl_section sec ON a.section = sec.id
    WHERE a.is_deleted = 'N'
    AND a.appointment_status = 'PE'  -- Only pending appointments
    AND a.dates &lt;= CURRENT_DATE
CONTEXT:  PL/pgSQL function get_pending_appointments() line 4 at SQL statement in C:\xampp\htdocs\salonClinic\system\Database\Postgre\Connection.php:193
Stack trace:
#0 [internal function]: CodeIgniter\Debug\Exceptions->errorHandler(2, 'pg_query(): Que...', 'C:\\xampp\\htdocs...', 193)
#1 C:\xampp\htdocs\salonClinic\system\Database\Postgre\Connection.php(193): pg_query(Object(PgSql\Connection), 'CALL get_pendin...')
#2 C:\xampp\htdocs\salonClinic\system\Database\BaseConnection.php(722): CodeIgniter\Database\Postgre\Connection->execute('CALL get_pendin...')
#3 C:\xampp\htdocs\salonClinic\system\Database\BaseConnection.php(636): CodeIgniter\Database\BaseConnection->simpleQuery('CALL get_pendin...')
#4 C:\xampp\htdocs\salonClinic\app\Controllers\Home.php(1696): CodeIgniter\Database\BaseConnection->query('CALL get_pendin...', Array)
#5 C:\xampp\htdocs\salonClinic\system\CodeIgniter.php(933): App\Controllers\Home->getPendingAppointments()
#6 C:\xampp\htdocs\salonClinic\system\CodeIgniter.php(509): CodeIgniter\CodeIgniter->runController(Object(App\Controllers\Home))
#7 C:\xampp\htdocs\salonClinic\system\CodeIgniter.php(355): CodeIgniter\CodeIgniter->handleRequest(NULL, Object(Config\Cache), false)
#8 C:\xampp\htdocs\salonClinic\system\Boot.php(312): CodeIgniter\CodeIgniter->run()
#9 C:\xampp\htdocs\salonClinic\system\Boot.php(67): CodeIgniter\Boot::runCodeIgniter(Object(CodeIgniter\CodeIgniter))
#10 C:\xampp\htdocs\salonClinic\index.php(56): CodeIgniter\Boot::bootWeb(Object(Config\Paths))
#11 {main}
CRITICAL - 2025-03-21 09:28:53 --> CodeIgniter\Database\Exceptions\DatabaseException: pg_query(): Query failed: ERROR:  column s.Price does not exist
LINE 13:                     'price', COALESCE(s.&quot;Price&quot;, '')::text, ...
                                               ^
HINT:  Perhaps you meant to reference the column &quot;s.price&quot;.
QUERY:  SELECT jsonb_build_object(
            'status', 200,
            'message', 'Pending appointments retrieved successfully',
            'data', jsonb_agg(
                jsonb_build_object(
                    'id', a.id,
                    'branch', a.branch,
                    'consultant', a.consultant,
                    'section', a.section,
                    'slot', a.slot,
                    'appointment_status', a.appointment_status,
                    'slots_time', s.slots_time,
                    'price', COALESCE(s.&quot;Price&quot;, '')::text,  -- Use &quot;Price&quot; with quotes for case-sensitivity
                    'branch_name', b.branch_name,
                    'consultant_name', r.name,
                    'section_name', sec.section_name,
                    'full_name', a.full_name,
                    'mobile_no', a.mobile_no,
                    'email_id', a.email_id,
                    'locations', a.locations,
                    'startdate', a.startdate,
                    'dates', a.dates,  -- Include 'dates' column
                    'created_at', a.created_at
                )
            )
    )
                         FROM tbl_appointment a
    LEFT JOIN tbl_slots s ON CAST(a.slot AS INTEGER) = s.id
    LEFT JOIN tbl_register r ON a.consultant = r.id
    LEFT JOIN tbl_branch b ON a.branch = b.id
    LEFT JOIN tbl_section sec ON a.section = sec.id
    WHERE a.is_deleted = 'N'
    AND a.appointment_status = 'PE'  -- Only pending appointments
    AND a.dates &lt;= CURRENT_DATE
CONTEXT:  PL/pgSQL function get_pending_appointments() line 4 at SQL statement
[Method: GET, Route: get_pending_appointments]
in SYSTEMPATH\Database\BaseConnection.php on line 676.
 1 APPPATH\Controllers\Home.php(1696): CodeIgniter\Database\BaseConnection->query('CALL get_pending_appointments(?)', [...])
 2 SYSTEMPATH\CodeIgniter.php(933): App\Controllers\Home->getPendingAppointments()
 3 SYSTEMPATH\CodeIgniter.php(509): CodeIgniter\CodeIgniter->runController(Object(App\Controllers\Home))
 4 SYSTEMPATH\CodeIgniter.php(355): CodeIgniter\CodeIgniter->handleRequest(null, Object(Config\Cache), false)
 5 SYSTEMPATH\Boot.php(312): CodeIgniter\CodeIgniter->run()
 6 SYSTEMPATH\Boot.php(67): CodeIgniter\Boot::runCodeIgniter(Object(CodeIgniter\CodeIgniter))
 7 FCPATH\index.php(56): CodeIgniter\Boot::bootWeb(Object(Config\Paths))
CRITICAL - 2025-03-21 09:28:53 --> [Caused by] CodeIgniter\Database\Exceptions\DatabaseException: pg_query(): Query failed: ERROR:  column s.Price does not exist
LINE 13:                     'price', COALESCE(s.&quot;Price&quot;, '')::text, ...
                                               ^
HINT:  Perhaps you meant to reference the column &quot;s.price&quot;.
QUERY:  SELECT jsonb_build_object(
            'status', 200,
            'message', 'Pending appointments retrieved successfully',
            'data', jsonb_agg(
                jsonb_build_object(
                    'id', a.id,
                    'branch', a.branch,
                    'consultant', a.consultant,
                    'section', a.section,
                    'slot', a.slot,
                    'appointment_status', a.appointment_status,
                    'slots_time', s.slots_time,
                    'price', COALESCE(s.&quot;Price&quot;, '')::text,  -- Use &quot;Price&quot; with quotes for case-sensitivity
                    'branch_name', b.branch_name,
                    'consultant_name', r.name,
                    'section_name', sec.section_name,
                    'full_name', a.full_name,
                    'mobile_no', a.mobile_no,
                    'email_id', a.email_id,
                    'locations', a.locations,
                    'startdate', a.startdate,
                    'dates', a.dates,  -- Include 'dates' column
                    'created_at', a.created_at
                )
            )
    )
                         FROM tbl_appointment a
    LEFT JOIN tbl_slots s ON CAST(a.slot AS INTEGER) = s.id
    LEFT JOIN tbl_register r ON a.consultant = r.id
    LEFT JOIN tbl_branch b ON a.branch = b.id
    LEFT JOIN tbl_section sec ON a.section = sec.id
    WHERE a.is_deleted = 'N'
    AND a.appointment_status = 'PE'  -- Only pending appointments
    AND a.dates &lt;= CURRENT_DATE
CONTEXT:  PL/pgSQL function get_pending_appointments() line 4 at SQL statement
in SYSTEMPATH\Database\Postgre\Connection.php on line 198.
 1 SYSTEMPATH\Database\BaseConnection.php(722): CodeIgniter\Database\Postgre\Connection->execute('CALL get_pending_appointments(NULL)')
 2 SYSTEMPATH\Database\BaseConnection.php(636): CodeIgniter\Database\BaseConnection->simpleQuery('CALL get_pending_appointments(NULL)')
 3 APPPATH\Controllers\Home.php(1696): CodeIgniter\Database\BaseConnection->query('CALL get_pending_appointments(?)', [...])
 4 SYSTEMPATH\CodeIgniter.php(933): App\Controllers\Home->getPendingAppointments()
 5 SYSTEMPATH\CodeIgniter.php(509): CodeIgniter\CodeIgniter->runController(Object(App\Controllers\Home))
 6 SYSTEMPATH\CodeIgniter.php(355): CodeIgniter\CodeIgniter->handleRequest(null, Object(Config\Cache), false)
 7 SYSTEMPATH\Boot.php(312): CodeIgniter\CodeIgniter->run()
 8 SYSTEMPATH\Boot.php(67): CodeIgniter\Boot::runCodeIgniter(Object(CodeIgniter\CodeIgniter))
 9 FCPATH\index.php(56): CodeIgniter\Boot::bootWeb(Object(Config\Paths))
CRITICAL - 2025-03-21 09:28:53 --> [Caused by] ErrorException: pg_query(): Query failed: ERROR:  column s.Price does not exist
LINE 13:                     'price', COALESCE(s.&quot;Price&quot;, '')::text, ...
                                               ^
HINT:  Perhaps you meant to reference the column &quot;s.price&quot;.
QUERY:  SELECT jsonb_build_object(
            'status', 200,
            'message', 'Pending appointments retrieved successfully',
            'data', jsonb_agg(
                jsonb_build_object(
                    'id', a.id,
                    'branch', a.branch,
                    'consultant', a.consultant,
                    'section', a.section,
                    'slot', a.slot,
                    'appointment_status', a.appointment_status,
                    'slots_time', s.slots_time,
                    'price', COALESCE(s.&quot;Price&quot;, '')::text,  -- Use &quot;Price&quot; with quotes for case-sensitivity
                    'branch_name', b.branch_name,
                    'consultant_name', r.name,
                    'section_name', sec.section_name,
                    'full_name', a.full_name,
                    'mobile_no', a.mobile_no,
                    'email_id', a.email_id,
                    'locations', a.locations,
                    'startdate', a.startdate,
                    'dates', a.dates,  -- Include 'dates' column
                    'created_at', a.created_at
                )
            )
    )
                         FROM tbl_appointment a
    LEFT JOIN tbl_slots s ON CAST(a.slot AS INTEGER) = s.id
    LEFT JOIN tbl_register r ON a.consultant = r.id
    LEFT JOIN tbl_branch b ON a.branch = b.id
    LEFT JOIN tbl_section sec ON a.section = sec.id
    WHERE a.is_deleted = 'N'
    AND a.appointment_status = 'PE'  -- Only pending appointments
    AND a.dates &lt;= CURRENT_DATE
CONTEXT:  PL/pgSQL function get_pending_appointments() line 4 at SQL statement
in SYSTEMPATH\Database\Postgre\Connection.php on line 193.
 1 [internal function]: CodeIgniter\Debug\Exceptions->errorHandler(2, 'pg_query(): Query failed: ERROR:  column s.Price does not exist
LINE 13:                     \'price\', COALESCE(s.&quot;Price&quot;, \'\')::text, ...
                                               ^
HINT:  Perhaps you meant to reference the column &quot;s.price&quot;.
QUERY:  SELECT jsonb_build_object(
            \'status\', 200,
            \'message\', \'Pending appointments retrieved successfully\',
            \'data\', jsonb_agg(
                jsonb_build_object(
                    \'id\', a.id,
                    \'branch\', a.branch,
                    \'consultant\', a.consultant,
                    \'section\', a.section,
                    \'slot\', a.slot,
                    \'appointment_status\', a.appointment_status,
                    \'slots_time\', s.slots_time,
                    \'price\', COALESCE(s.&quot;Price&quot;, \'\')::text,  -- Use &quot;Price&quot; with quotes for case-sensitivity
                    \'branch_name\', b.branch_name,
                    \'consultant_name\', r.name,
                    \'section_name\', sec.section_name,
                    \'full_name\', a.full_name,
                    \'mobile_no\', a.mobile_no,
                    \'email_id\', a.email_id,
                    \'locations\', a.locations,
                    \'startdate\', a.startdate,
                    \'dates\', a.dates,  -- Include \'dates\' column
                    \'created_at\', a.created_at
                )
            )
    )
                         FROM tbl_appointment a
    LEFT JOIN tbl_slots s ON CAST(a.slot AS INTEGER) = s.id
    LEFT JOIN tbl_register r ON a.consultant = r.id
    LEFT JOIN tbl_branch b ON a.branch = b.id
    LEFT JOIN tbl_section sec ON a.section = sec.id
    WHERE a.is_deleted = \'N\'
    AND a.appointment_status = \'PE\'  -- Only pending appointments
    AND a.dates &lt;= CURRENT_DATE
CONTEXT:  PL/pgSQL function get_pending_appointments() line 4 at SQL statement', 'C:\\xampp\\htdocs\\salonClinic\\system\\Database\\Postgre\\Connection.php', 193)
 2 SYSTEMPATH\Database\Postgre\Connection.php(193): pg_query(Object(PgSql\Connection), 'CALL get_pending_appointments(NULL)')
 3 SYSTEMPATH\Database\BaseConnection.php(722): CodeIgniter\Database\Postgre\Connection->execute('CALL get_pending_appointments(NULL)')
 4 SYSTEMPATH\Database\BaseConnection.php(636): CodeIgniter\Database\BaseConnection->simpleQuery('CALL get_pending_appointments(NULL)')
 5 APPPATH\Controllers\Home.php(1696): CodeIgniter\Database\BaseConnection->query('CALL get_pending_appointments(?)', [...])
 6 SYSTEMPATH\CodeIgniter.php(933): App\Controllers\Home->getPendingAppointments()
 7 SYSTEMPATH\CodeIgniter.php(509): CodeIgniter\CodeIgniter->runController(Object(App\Controllers\Home))
 8 SYSTEMPATH\CodeIgniter.php(355): CodeIgniter\CodeIgniter->handleRequest(null, Object(Config\Cache), false)
 9 SYSTEMPATH\Boot.php(312): CodeIgniter\CodeIgniter->run()
10 SYSTEMPATH\Boot.php(67): CodeIgniter\Boot::runCodeIgniter(Object(CodeIgniter\CodeIgniter))
11 FCPATH\index.php(56): CodeIgniter\Boot::bootWeb(Object(Config\Paths))
ERROR - 2025-03-21 09:35:54 --> ErrorException: pg_query(): Query failed: ERROR:  column s.Price does not exist
LINE 13:                     'price', COALESCE(s.&quot;Price&quot;, '')::text, ...
                                               ^
HINT:  Perhaps you meant to reference the column &quot;s.price&quot;.
QUERY:  SELECT jsonb_build_object(
            'status', 200,
            'message', 'Pending appointments retrieved successfully',
            'data', jsonb_agg(
                jsonb_build_object(
                    'id', a.id,
                    'branch', a.branch,
                    'consultant', a.consultant,
                    'section', a.section,
                    'slot', a.slot,
                    'appointment_status', a.appointment_status,
                    'slots_time', s.slots_time,
                    'price', COALESCE(s.&quot;Price&quot;, '')::text,  -- Use &quot;Price&quot; with quotes for case-sensitivity
                    'branch_name', b.branch_name,
                    'consultant_name', r.name,
                    'section_name', sec.section_name,
                    'full_name', a.full_name,
                    'mobile_no', a.mobile_no,
                    'email_id', a.email_id,
                    'locations', a.locations,
                    'startdate', a.startdate,
                    'dates', a.dates,  -- Include 'dates' column
                    'created_at', a.created_at
                )
            )
    )
                         FROM tbl_appointment a
    LEFT JOIN tbl_slots s ON CAST(a.slot AS INTEGER) = s.id
    LEFT JOIN tbl_register r ON a.consultant = r.id
    LEFT JOIN tbl_branch b ON a.branch = b.id
    LEFT JOIN tbl_section sec ON a.section = sec.id
    WHERE a.is_deleted = 'N'
    AND a.appointment_status = 'PE'  -- Only pending appointments
    AND a.dates &lt;= CURRENT_DATE
CONTEXT:  PL/pgSQL function get_pending_appointments() line 4 at SQL statement in C:\xampp\htdocs\salonClinic\system\Database\Postgre\Connection.php:193
Stack trace:
#0 [internal function]: CodeIgniter\Debug\Exceptions->errorHandler(2, 'pg_query(): Que...', 'C:\\xampp\\htdocs...', 193)
#1 C:\xampp\htdocs\salonClinic\system\Database\Postgre\Connection.php(193): pg_query(Object(PgSql\Connection), 'CALL get_pendin...')
#2 C:\xampp\htdocs\salonClinic\system\Database\BaseConnection.php(722): CodeIgniter\Database\Postgre\Connection->execute('CALL get_pendin...')
#3 C:\xampp\htdocs\salonClinic\system\Database\BaseConnection.php(636): CodeIgniter\Database\BaseConnection->simpleQuery('CALL get_pendin...')
#4 C:\xampp\htdocs\salonClinic\app\Controllers\Home.php(1696): CodeIgniter\Database\BaseConnection->query('CALL get_pendin...', Array)
#5 C:\xampp\htdocs\salonClinic\system\CodeIgniter.php(933): App\Controllers\Home->getPendingAppointments()
#6 C:\xampp\htdocs\salonClinic\system\CodeIgniter.php(509): CodeIgniter\CodeIgniter->runController(Object(App\Controllers\Home))
#7 C:\xampp\htdocs\salonClinic\system\CodeIgniter.php(355): CodeIgniter\CodeIgniter->handleRequest(NULL, Object(Config\Cache), false)
#8 C:\xampp\htdocs\salonClinic\system\Boot.php(312): CodeIgniter\CodeIgniter->run()
#9 C:\xampp\htdocs\salonClinic\system\Boot.php(67): CodeIgniter\Boot::runCodeIgniter(Object(CodeIgniter\CodeIgniter))
#10 C:\xampp\htdocs\salonClinic\index.php(56): CodeIgniter\Boot::bootWeb(Object(Config\Paths))
#11 {main}
CRITICAL - 2025-03-21 09:35:54 --> CodeIgniter\Database\Exceptions\DatabaseException: pg_query(): Query failed: ERROR:  column s.Price does not exist
LINE 13:                     'price', COALESCE(s.&quot;Price&quot;, '')::text, ...
                                               ^
HINT:  Perhaps you meant to reference the column &quot;s.price&quot;.
QUERY:  SELECT jsonb_build_object(
            'status', 200,
            'message', 'Pending appointments retrieved successfully',
            'data', jsonb_agg(
                jsonb_build_object(
                    'id', a.id,
                    'branch', a.branch,
                    'consultant', a.consultant,
                    'section', a.section,
                    'slot', a.slot,
                    'appointment_status', a.appointment_status,
                    'slots_time', s.slots_time,
                    'price', COALESCE(s.&quot;Price&quot;, '')::text,  -- Use &quot;Price&quot; with quotes for case-sensitivity
                    'branch_name', b.branch_name,
                    'consultant_name', r.name,
                    'section_name', sec.section_name,
                    'full_name', a.full_name,
                    'mobile_no', a.mobile_no,
                    'email_id', a.email_id,
                    'locations', a.locations,
                    'startdate', a.startdate,
                    'dates', a.dates,  -- Include 'dates' column
                    'created_at', a.created_at
                )
            )
    )
                         FROM tbl_appointment a
    LEFT JOIN tbl_slots s ON CAST(a.slot AS INTEGER) = s.id
    LEFT JOIN tbl_register r ON a.consultant = r.id
    LEFT JOIN tbl_branch b ON a.branch = b.id
    LEFT JOIN tbl_section sec ON a.section = sec.id
    WHERE a.is_deleted = 'N'
    AND a.appointment_status = 'PE'  -- Only pending appointments
    AND a.dates &lt;= CURRENT_DATE
CONTEXT:  PL/pgSQL function get_pending_appointments() line 4 at SQL statement
[Method: GET, Route: get_pending_appointments]
in SYSTEMPATH\Database\BaseConnection.php on line 676.
 1 APPPATH\Controllers\Home.php(1696): CodeIgniter\Database\BaseConnection->query('CALL get_pending_appointments(?)', [...])
 2 SYSTEMPATH\CodeIgniter.php(933): App\Controllers\Home->getPendingAppointments()
 3 SYSTEMPATH\CodeIgniter.php(509): CodeIgniter\CodeIgniter->runController(Object(App\Controllers\Home))
 4 SYSTEMPATH\CodeIgniter.php(355): CodeIgniter\CodeIgniter->handleRequest(null, Object(Config\Cache), false)
 5 SYSTEMPATH\Boot.php(312): CodeIgniter\CodeIgniter->run()
 6 SYSTEMPATH\Boot.php(67): CodeIgniter\Boot::runCodeIgniter(Object(CodeIgniter\CodeIgniter))
 7 FCPATH\index.php(56): CodeIgniter\Boot::bootWeb(Object(Config\Paths))
CRITICAL - 2025-03-21 09:35:54 --> [Caused by] CodeIgniter\Database\Exceptions\DatabaseException: pg_query(): Query failed: ERROR:  column s.Price does not exist
LINE 13:                     'price', COALESCE(s.&quot;Price&quot;, '')::text, ...
                                               ^
HINT:  Perhaps you meant to reference the column &quot;s.price&quot;.
QUERY:  SELECT jsonb_build_object(
            'status', 200,
            'message', 'Pending appointments retrieved successfully',
            'data', jsonb_agg(
                jsonb_build_object(
                    'id', a.id,
                    'branch', a.branch,
                    'consultant', a.consultant,
                    'section', a.section,
                    'slot', a.slot,
                    'appointment_status', a.appointment_status,
                    'slots_time', s.slots_time,
                    'price', COALESCE(s.&quot;Price&quot;, '')::text,  -- Use &quot;Price&quot; with quotes for case-sensitivity
                    'branch_name', b.branch_name,
                    'consultant_name', r.name,
                    'section_name', sec.section_name,
                    'full_name', a.full_name,
                    'mobile_no', a.mobile_no,
                    'email_id', a.email_id,
                    'locations', a.locations,
                    'startdate', a.startdate,
                    'dates', a.dates,  -- Include 'dates' column
                    'created_at', a.created_at
                )
            )
    )
                         FROM tbl_appointment a
    LEFT JOIN tbl_slots s ON CAST(a.slot AS INTEGER) = s.id
    LEFT JOIN tbl_register r ON a.consultant = r.id
    LEFT JOIN tbl_branch b ON a.branch = b.id
    LEFT JOIN tbl_section sec ON a.section = sec.id
    WHERE a.is_deleted = 'N'
    AND a.appointment_status = 'PE'  -- Only pending appointments
    AND a.dates &lt;= CURRENT_DATE
CONTEXT:  PL/pgSQL function get_pending_appointments() line 4 at SQL statement
in SYSTEMPATH\Database\Postgre\Connection.php on line 198.
 1 SYSTEMPATH\Database\BaseConnection.php(722): CodeIgniter\Database\Postgre\Connection->execute('CALL get_pending_appointments(NULL)')
 2 SYSTEMPATH\Database\BaseConnection.php(636): CodeIgniter\Database\BaseConnection->simpleQuery('CALL get_pending_appointments(NULL)')
 3 APPPATH\Controllers\Home.php(1696): CodeIgniter\Database\BaseConnection->query('CALL get_pending_appointments(?)', [...])
 4 SYSTEMPATH\CodeIgniter.php(933): App\Controllers\Home->getPendingAppointments()
 5 SYSTEMPATH\CodeIgniter.php(509): CodeIgniter\CodeIgniter->runController(Object(App\Controllers\Home))
 6 SYSTEMPATH\CodeIgniter.php(355): CodeIgniter\CodeIgniter->handleRequest(null, Object(Config\Cache), false)
 7 SYSTEMPATH\Boot.php(312): CodeIgniter\CodeIgniter->run()
 8 SYSTEMPATH\Boot.php(67): CodeIgniter\Boot::runCodeIgniter(Object(CodeIgniter\CodeIgniter))
 9 FCPATH\index.php(56): CodeIgniter\Boot::bootWeb(Object(Config\Paths))
CRITICAL - 2025-03-21 09:35:54 --> [Caused by] ErrorException: pg_query(): Query failed: ERROR:  column s.Price does not exist
LINE 13:                     'price', COALESCE(s.&quot;Price&quot;, '')::text, ...
                                               ^
HINT:  Perhaps you meant to reference the column &quot;s.price&quot;.
QUERY:  SELECT jsonb_build_object(
            'status', 200,
            'message', 'Pending appointments retrieved successfully',
            'data', jsonb_agg(
                jsonb_build_object(
                    'id', a.id,
                    'branch', a.branch,
                    'consultant', a.consultant,
                    'section', a.section,
                    'slot', a.slot,
                    'appointment_status', a.appointment_status,
                    'slots_time', s.slots_time,
                    'price', COALESCE(s.&quot;Price&quot;, '')::text,  -- Use &quot;Price&quot; with quotes for case-sensitivity
                    'branch_name', b.branch_name,
                    'consultant_name', r.name,
                    'section_name', sec.section_name,
                    'full_name', a.full_name,
                    'mobile_no', a.mobile_no,
                    'email_id', a.email_id,
                    'locations', a.locations,
                    'startdate', a.startdate,
                    'dates', a.dates,  -- Include 'dates' column
                    'created_at', a.created_at
                )
            )
    )
                         FROM tbl_appointment a
    LEFT JOIN tbl_slots s ON CAST(a.slot AS INTEGER) = s.id
    LEFT JOIN tbl_register r ON a.consultant = r.id
    LEFT JOIN tbl_branch b ON a.branch = b.id
    LEFT JOIN tbl_section sec ON a.section = sec.id
    WHERE a.is_deleted = 'N'
    AND a.appointment_status = 'PE'  -- Only pending appointments
    AND a.dates &lt;= CURRENT_DATE
CONTEXT:  PL/pgSQL function get_pending_appointments() line 4 at SQL statement
in SYSTEMPATH\Database\Postgre\Connection.php on line 193.
 1 [internal function]: CodeIgniter\Debug\Exceptions->errorHandler(2, 'pg_query(): Query failed: ERROR:  column s.Price does not exist
LINE 13:                     \'price\', COALESCE(s.&quot;Price&quot;, \'\')::text, ...
                                               ^
HINT:  Perhaps you meant to reference the column &quot;s.price&quot;.
QUERY:  SELECT jsonb_build_object(
            \'status\', 200,
            \'message\', \'Pending appointments retrieved successfully\',
            \'data\', jsonb_agg(
                jsonb_build_object(
                    \'id\', a.id,
                    \'branch\', a.branch,
                    \'consultant\', a.consultant,
                    \'section\', a.section,
                    \'slot\', a.slot,
                    \'appointment_status\', a.appointment_status,
                    \'slots_time\', s.slots_time,
                    \'price\', COALESCE(s.&quot;Price&quot;, \'\')::text,  -- Use &quot;Price&quot; with quotes for case-sensitivity
                    \'branch_name\', b.branch_name,
                    \'consultant_name\', r.name,
                    \'section_name\', sec.section_name,
                    \'full_name\', a.full_name,
                    \'mobile_no\', a.mobile_no,
                    \'email_id\', a.email_id,
                    \'locations\', a.locations,
                    \'startdate\', a.startdate,
                    \'dates\', a.dates,  -- Include \'dates\' column
                    \'created_at\', a.created_at
                )
            )
    )
                         FROM tbl_appointment a
    LEFT JOIN tbl_slots s ON CAST(a.slot AS INTEGER) = s.id
    LEFT JOIN tbl_register r ON a.consultant = r.id
    LEFT JOIN tbl_branch b ON a.branch = b.id
    LEFT JOIN tbl_section sec ON a.section = sec.id
    WHERE a.is_deleted = \'N\'
    AND a.appointment_status = \'PE\'  -- Only pending appointments
    AND a.dates &lt;= CURRENT_DATE
CONTEXT:  PL/pgSQL function get_pending_appointments() line 4 at SQL statement', 'C:\\xampp\\htdocs\\salonClinic\\system\\Database\\Postgre\\Connection.php', 193)
 2 SYSTEMPATH\Database\Postgre\Connection.php(193): pg_query(Object(PgSql\Connection), 'CALL get_pending_appointments(NULL)')
 3 SYSTEMPATH\Database\BaseConnection.php(722): CodeIgniter\Database\Postgre\Connection->execute('CALL get_pending_appointments(NULL)')
 4 SYSTEMPATH\Database\BaseConnection.php(636): CodeIgniter\Database\BaseConnection->simpleQuery('CALL get_pending_appointments(NULL)')
 5 APPPATH\Controllers\Home.php(1696): CodeIgniter\Database\BaseConnection->query('CALL get_pending_appointments(?)', [...])
 6 SYSTEMPATH\CodeIgniter.php(933): App\Controllers\Home->getPendingAppointments()
 7 SYSTEMPATH\CodeIgniter.php(509): CodeIgniter\CodeIgniter->runController(Object(App\Controllers\Home))
 8 SYSTEMPATH\CodeIgniter.php(355): CodeIgniter\CodeIgniter->handleRequest(null, Object(Config\Cache), false)
 9 SYSTEMPATH\Boot.php(312): CodeIgniter\CodeIgniter->run()
10 SYSTEMPATH\Boot.php(67): CodeIgniter\Boot::runCodeIgniter(Object(CodeIgniter\CodeIgniter))
11 FCPATH\index.php(56): CodeIgniter\Boot::bootWeb(Object(Config\Paths))
ERROR - 2025-03-21 12:03:27 --> ErrorException: pg_query(): Query failed: ERROR:  column s.Price does not exist
LINE 13:                     'price', COALESCE(s.&quot;Price&quot;, '')::text, ...
                                               ^
HINT:  Perhaps you meant to reference the column &quot;s.price&quot;.
QUERY:  SELECT jsonb_build_object(
            'status', 200,
            'message', 'Pending appointments retrieved successfully',
            'data', jsonb_agg(
                jsonb_build_object(
                    'id', a.id,
                    'branch', a.branch,
                    'consultant', a.consultant,
                    'section', a.section,
                    'slot', a.slot,
                    'appointment_status', a.appointment_status,
                    'slots_time', s.slots_time,
                    'price', COALESCE(s.&quot;Price&quot;, '')::text,  -- Use &quot;Price&quot; with quotes for case-sensitivity
                    'branch_name', b.branch_name,
                    'consultant_name', r.name,
                    'section_name', sec.section_name,
                    'full_name', a.full_name,
                    'mobile_no', a.mobile_no,
                    'email_id', a.email_id,
                    'locations', a.locations,
                    'startdate', a.startdate,
                    'dates', a.dates,  -- Include 'dates' column
                    'created_at', a.created_at
                )
            )
    )
                         FROM tbl_appointment a
    LEFT JOIN tbl_slots s ON CAST(a.slot AS INTEGER) = s.id
    LEFT JOIN tbl_register r ON a.consultant = r.id
    LEFT JOIN tbl_branch b ON a.branch = b.id
    LEFT JOIN tbl_section sec ON a.section = sec.id
    WHERE a.is_deleted = 'N'
    AND a.appointment_status = 'PE'  -- Only pending appointments
    AND a.dates &lt;= CURRENT_DATE
CONTEXT:  PL/pgSQL function get_pending_appointments() line 4 at SQL statement in C:\xampp\htdocs\salonClinic\system\Database\Postgre\Connection.php:193
Stack trace:
#0 [internal function]: CodeIgniter\Debug\Exceptions->errorHandler(2, 'pg_query(): Que...', 'C:\\xampp\\htdocs...', 193)
#1 C:\xampp\htdocs\salonClinic\system\Database\Postgre\Connection.php(193): pg_query(Object(PgSql\Connection), 'CALL get_pendin...')
#2 C:\xampp\htdocs\salonClinic\system\Database\BaseConnection.php(722): CodeIgniter\Database\Postgre\Connection->execute('CALL get_pendin...')
#3 C:\xampp\htdocs\salonClinic\system\Database\BaseConnection.php(636): CodeIgniter\Database\BaseConnection->simpleQuery('CALL get_pendin...')
#4 C:\xampp\htdocs\salonClinic\app\Controllers\Home.php(1696): CodeIgniter\Database\BaseConnection->query('CALL get_pendin...', Array)
#5 C:\xampp\htdocs\salonClinic\system\CodeIgniter.php(933): App\Controllers\Home->getPendingAppointments()
#6 C:\xampp\htdocs\salonClinic\system\CodeIgniter.php(509): CodeIgniter\CodeIgniter->runController(Object(App\Controllers\Home))
#7 C:\xampp\htdocs\salonClinic\system\CodeIgniter.php(355): CodeIgniter\CodeIgniter->handleRequest(NULL, Object(Config\Cache), false)
#8 C:\xampp\htdocs\salonClinic\system\Boot.php(312): CodeIgniter\CodeIgniter->run()
#9 C:\xampp\htdocs\salonClinic\system\Boot.php(67): CodeIgniter\Boot::runCodeIgniter(Object(CodeIgniter\CodeIgniter))
#10 C:\xampp\htdocs\salonClinic\index.php(56): CodeIgniter\Boot::bootWeb(Object(Config\Paths))
#11 {main}
CRITICAL - 2025-03-21 12:03:27 --> CodeIgniter\Database\Exceptions\DatabaseException: pg_query(): Query failed: ERROR:  column s.Price does not exist
LINE 13:                     'price', COALESCE(s.&quot;Price&quot;, '')::text, ...
                                               ^
HINT:  Perhaps you meant to reference the column &quot;s.price&quot;.
QUERY:  SELECT jsonb_build_object(
            'status', 200,
            'message', 'Pending appointments retrieved successfully',
            'data', jsonb_agg(
                jsonb_build_object(
                    'id', a.id,
                    'branch', a.branch,
                    'consultant', a.consultant,
                    'section', a.section,
                    'slot', a.slot,
                    'appointment_status', a.appointment_status,
                    'slots_time', s.slots_time,
                    'price', COALESCE(s.&quot;Price&quot;, '')::text,  -- Use &quot;Price&quot; with quotes for case-sensitivity
                    'branch_name', b.branch_name,
                    'consultant_name', r.name,
                    'section_name', sec.section_name,
                    'full_name', a.full_name,
                    'mobile_no', a.mobile_no,
                    'email_id', a.email_id,
                    'locations', a.locations,
                    'startdate', a.startdate,
                    'dates', a.dates,  -- Include 'dates' column
                    'created_at', a.created_at
                )
            )
    )
                         FROM tbl_appointment a
    LEFT JOIN tbl_slots s ON CAST(a.slot AS INTEGER) = s.id
    LEFT JOIN tbl_register r ON a.consultant = r.id
    LEFT JOIN tbl_branch b ON a.branch = b.id
    LEFT JOIN tbl_section sec ON a.section = sec.id
    WHERE a.is_deleted = 'N'
    AND a.appointment_status = 'PE'  -- Only pending appointments
    AND a.dates &lt;= CURRENT_DATE
CONTEXT:  PL/pgSQL function get_pending_appointments() line 4 at SQL statement
[Method: GET, Route: get_pending_appointments]
in SYSTEMPATH\Database\BaseConnection.php on line 676.
 1 APPPATH\Controllers\Home.php(1696): CodeIgniter\Database\BaseConnection->query('CALL get_pending_appointments(?)', [...])
 2 SYSTEMPATH\CodeIgniter.php(933): App\Controllers\Home->getPendingAppointments()
 3 SYSTEMPATH\CodeIgniter.php(509): CodeIgniter\CodeIgniter->runController(Object(App\Controllers\Home))
 4 SYSTEMPATH\CodeIgniter.php(355): CodeIgniter\CodeIgniter->handleRequest(null, Object(Config\Cache), false)
 5 SYSTEMPATH\Boot.php(312): CodeIgniter\CodeIgniter->run()
 6 SYSTEMPATH\Boot.php(67): CodeIgniter\Boot::runCodeIgniter(Object(CodeIgniter\CodeIgniter))
 7 FCPATH\index.php(56): CodeIgniter\Boot::bootWeb(Object(Config\Paths))
CRITICAL - 2025-03-21 12:03:27 --> [Caused by] CodeIgniter\Database\Exceptions\DatabaseException: pg_query(): Query failed: ERROR:  column s.Price does not exist
LINE 13:                     'price', COALESCE(s.&quot;Price&quot;, '')::text, ...
                                               ^
HINT:  Perhaps you meant to reference the column &quot;s.price&quot;.
QUERY:  SELECT jsonb_build_object(
            'status', 200,
            'message', 'Pending appointments retrieved successfully',
            'data', jsonb_agg(
                jsonb_build_object(
                    'id', a.id,
                    'branch', a.branch,
                    'consultant', a.consultant,
                    'section', a.section,
                    'slot', a.slot,
                    'appointment_status', a.appointment_status,
                    'slots_time', s.slots_time,
                    'price', COALESCE(s.&quot;Price&quot;, '')::text,  -- Use &quot;Price&quot; with quotes for case-sensitivity
                    'branch_name', b.branch_name,
                    'consultant_name', r.name,
                    'section_name', sec.section_name,
                    'full_name', a.full_name,
                    'mobile_no', a.mobile_no,
                    'email_id', a.email_id,
                    'locations', a.locations,
                    'startdate', a.startdate,
                    'dates', a.dates,  -- Include 'dates' column
                    'created_at', a.created_at
                )
            )
    )
                         FROM tbl_appointment a
    LEFT JOIN tbl_slots s ON CAST(a.slot AS INTEGER) = s.id
    LEFT JOIN tbl_register r ON a.consultant = r.id
    LEFT JOIN tbl_branch b ON a.branch = b.id
    LEFT JOIN tbl_section sec ON a.section = sec.id
    WHERE a.is_deleted = 'N'
    AND a.appointment_status = 'PE'  -- Only pending appointments
    AND a.dates &lt;= CURRENT_DATE
CONTEXT:  PL/pgSQL function get_pending_appointments() line 4 at SQL statement
in SYSTEMPATH\Database\Postgre\Connection.php on line 198.
 1 SYSTEMPATH\Database\BaseConnection.php(722): CodeIgniter\Database\Postgre\Connection->execute('CALL get_pending_appointments(NULL)')
 2 SYSTEMPATH\Database\BaseConnection.php(636): CodeIgniter\Database\BaseConnection->simpleQuery('CALL get_pending_appointments(NULL)')
 3 APPPATH\Controllers\Home.php(1696): CodeIgniter\Database\BaseConnection->query('CALL get_pending_appointments(?)', [...])
 4 SYSTEMPATH\CodeIgniter.php(933): App\Controllers\Home->getPendingAppointments()
 5 SYSTEMPATH\CodeIgniter.php(509): CodeIgniter\CodeIgniter->runController(Object(App\Controllers\Home))
 6 SYSTEMPATH\CodeIgniter.php(355): CodeIgniter\CodeIgniter->handleRequest(null, Object(Config\Cache), false)
 7 SYSTEMPATH\Boot.php(312): CodeIgniter\CodeIgniter->run()
 8 SYSTEMPATH\Boot.php(67): CodeIgniter\Boot::runCodeIgniter(Object(CodeIgniter\CodeIgniter))
 9 FCPATH\index.php(56): CodeIgniter\Boot::bootWeb(Object(Config\Paths))
CRITICAL - 2025-03-21 12:03:27 --> [Caused by] ErrorException: pg_query(): Query failed: ERROR:  column s.Price does not exist
LINE 13:                     'price', COALESCE(s.&quot;Price&quot;, '')::text, ...
                                               ^
HINT:  Perhaps you meant to reference the column &quot;s.price&quot;.
QUERY:  SELECT jsonb_build_object(
            'status', 200,
            'message', 'Pending appointments retrieved successfully',
            'data', jsonb_agg(
                jsonb_build_object(
                    'id', a.id,
                    'branch', a.branch,
                    'consultant', a.consultant,
                    'section', a.section,
                    'slot', a.slot,
                    'appointment_status', a.appointment_status,
                    'slots_time', s.slots_time,
                    'price', COALESCE(s.&quot;Price&quot;, '')::text,  -- Use &quot;Price&quot; with quotes for case-sensitivity
                    'branch_name', b.branch_name,
                    'consultant_name', r.name,
                    'section_name', sec.section_name,
                    'full_name', a.full_name,
                    'mobile_no', a.mobile_no,
                    'email_id', a.email_id,
                    'locations', a.locations,
                    'startdate', a.startdate,
                    'dates', a.dates,  -- Include 'dates' column
                    'created_at', a.created_at
                )
            )
    )
                         FROM tbl_appointment a
    LEFT JOIN tbl_slots s ON CAST(a.slot AS INTEGER) = s.id
    LEFT JOIN tbl_register r ON a.consultant = r.id
    LEFT JOIN tbl_branch b ON a.branch = b.id
    LEFT JOIN tbl_section sec ON a.section = sec.id
    WHERE a.is_deleted = 'N'
    AND a.appointment_status = 'PE'  -- Only pending appointments
    AND a.dates &lt;= CURRENT_DATE
CONTEXT:  PL/pgSQL function get_pending_appointments() line 4 at SQL statement
in SYSTEMPATH\Database\Postgre\Connection.php on line 193.
 1 [internal function]: CodeIgniter\Debug\Exceptions->errorHandler(2, 'pg_query(): Query failed: ERROR:  column s.Price does not exist
LINE 13:                     \'price\', COALESCE(s.&quot;Price&quot;, \'\')::text, ...
                                               ^
HINT:  Perhaps you meant to reference the column &quot;s.price&quot;.
QUERY:  SELECT jsonb_build_object(
            \'status\', 200,
            \'message\', \'Pending appointments retrieved successfully\',
            \'data\', jsonb_agg(
                jsonb_build_object(
                    \'id\', a.id,
                    \'branch\', a.branch,
                    \'consultant\', a.consultant,
                    \'section\', a.section,
                    \'slot\', a.slot,
                    \'appointment_status\', a.appointment_status,
                    \'slots_time\', s.slots_time,
                    \'price\', COALESCE(s.&quot;Price&quot;, \'\')::text,  -- Use &quot;Price&quot; with quotes for case-sensitivity
                    \'branch_name\', b.branch_name,
                    \'consultant_name\', r.name,
                    \'section_name\', sec.section_name,
                    \'full_name\', a.full_name,
                    \'mobile_no\', a.mobile_no,
                    \'email_id\', a.email_id,
                    \'locations\', a.locations,
                    \'startdate\', a.startdate,
                    \'dates\', a.dates,  -- Include \'dates\' column
                    \'created_at\', a.created_at
                )
            )
    )
                         FROM tbl_appointment a
    LEFT JOIN tbl_slots s ON CAST(a.slot AS INTEGER) = s.id
    LEFT JOIN tbl_register r ON a.consultant = r.id
    LEFT JOIN tbl_branch b ON a.branch = b.id
    LEFT JOIN tbl_section sec ON a.section = sec.id
    WHERE a.is_deleted = \'N\'
    AND a.appointment_status = \'PE\'  -- Only pending appointments
    AND a.dates &lt;= CURRENT_DATE
CONTEXT:  PL/pgSQL function get_pending_appointments() line 4 at SQL statement', 'C:\\xampp\\htdocs\\salonClinic\\system\\Database\\Postgre\\Connection.php', 193)
 2 SYSTEMPATH\Database\Postgre\Connection.php(193): pg_query(Object(PgSql\Connection), 'CALL get_pending_appointments(NULL)')
 3 SYSTEMPATH\Database\BaseConnection.php(722): CodeIgniter\Database\Postgre\Connection->execute('CALL get_pending_appointments(NULL)')
 4 SYSTEMPATH\Database\BaseConnection.php(636): CodeIgniter\Database\BaseConnection->simpleQuery('CALL get_pending_appointments(NULL)')
 5 APPPATH\Controllers\Home.php(1696): CodeIgniter\Database\BaseConnection->query('CALL get_pending_appointments(?)', [...])
 6 SYSTEMPATH\CodeIgniter.php(933): App\Controllers\Home->getPendingAppointments()
 7 SYSTEMPATH\CodeIgniter.php(509): CodeIgniter\CodeIgniter->runController(Object(App\Controllers\Home))
 8 SYSTEMPATH\CodeIgniter.php(355): CodeIgniter\CodeIgniter->handleRequest(null, Object(Config\Cache), false)
 9 SYSTEMPATH\Boot.php(312): CodeIgniter\CodeIgniter->run()
10 SYSTEMPATH\Boot.php(67): CodeIgniter\Boot::runCodeIgniter(Object(CodeIgniter\CodeIgniter))
11 FCPATH\index.php(56): CodeIgniter\Boot::bootWeb(Object(Config\Paths))
ERROR - 2025-03-21 12:13:59 --> ErrorException: pg_query(): Query failed: ERROR:  column s.Price does not exist
LINE 13:                     'price', COALESCE(s.&quot;Price&quot;, '')::text, ...
                                               ^
HINT:  Perhaps you meant to reference the column &quot;s.price&quot;.
QUERY:  SELECT jsonb_build_object(
            'status', 200,
            'message', 'Pending appointments retrieved successfully',
            'data', jsonb_agg(
                jsonb_build_object(
                    'id', a.id,
                    'branch', a.branch,
                    'consultant', a.consultant,
                    'section', a.section,
                    'slot', a.slot,
                    'appointment_status', a.appointment_status,
                    'slots_time', s.slots_time,
                    'price', COALESCE(s.&quot;Price&quot;, '')::text,  -- Use &quot;Price&quot; with quotes for case-sensitivity
                    'branch_name', b.branch_name,
                    'consultant_name', r.name,
                    'section_name', sec.section_name,
                    'full_name', a.full_name,
                    'mobile_no', a.mobile_no,
                    'email_id', a.email_id,
                    'locations', a.locations,
                    'startdate', a.startdate,
                    'dates', a.dates,  -- Include 'dates' column
                    'created_at', a.created_at
                )
            )
    )
                         FROM tbl_appointment a
    LEFT JOIN tbl_slots s ON CAST(a.slot AS INTEGER) = s.id
    LEFT JOIN tbl_register r ON a.consultant = r.id
    LEFT JOIN tbl_branch b ON a.branch = b.id
    LEFT JOIN tbl_section sec ON a.section = sec.id
    WHERE a.is_deleted = 'N'
    AND a.appointment_status = 'PE'  -- Only pending appointments
    AND a.dates &lt;= CURRENT_DATE
CONTEXT:  PL/pgSQL function get_pending_appointments() line 4 at SQL statement in C:\xampp\htdocs\salonClinic\system\Database\Postgre\Connection.php:193
Stack trace:
#0 [internal function]: CodeIgniter\Debug\Exceptions->errorHandler(2, 'pg_query(): Que...', 'C:\\xampp\\htdocs...', 193)
#1 C:\xampp\htdocs\salonClinic\system\Database\Postgre\Connection.php(193): pg_query(Object(PgSql\Connection), 'CALL get_pendin...')
#2 C:\xampp\htdocs\salonClinic\system\Database\BaseConnection.php(722): CodeIgniter\Database\Postgre\Connection->execute('CALL get_pendin...')
#3 C:\xampp\htdocs\salonClinic\system\Database\BaseConnection.php(636): CodeIgniter\Database\BaseConnection->simpleQuery('CALL get_pendin...')
#4 C:\xampp\htdocs\salonClinic\app\Controllers\Home.php(1696): CodeIgniter\Database\BaseConnection->query('CALL get_pendin...', Array)
#5 C:\xampp\htdocs\salonClinic\system\CodeIgniter.php(933): App\Controllers\Home->getPendingAppointments()
#6 C:\xampp\htdocs\salonClinic\system\CodeIgniter.php(509): CodeIgniter\CodeIgniter->runController(Object(App\Controllers\Home))
#7 C:\xampp\htdocs\salonClinic\system\CodeIgniter.php(355): CodeIgniter\CodeIgniter->handleRequest(NULL, Object(Config\Cache), false)
#8 C:\xampp\htdocs\salonClinic\system\Boot.php(312): CodeIgniter\CodeIgniter->run()
#9 C:\xampp\htdocs\salonClinic\system\Boot.php(67): CodeIgniter\Boot::runCodeIgniter(Object(CodeIgniter\CodeIgniter))
#10 C:\xampp\htdocs\salonClinic\index.php(56): CodeIgniter\Boot::bootWeb(Object(Config\Paths))
#11 {main}
CRITICAL - 2025-03-21 12:13:59 --> CodeIgniter\Database\Exceptions\DatabaseException: pg_query(): Query failed: ERROR:  column s.Price does not exist
LINE 13:                     'price', COALESCE(s.&quot;Price&quot;, '')::text, ...
                                               ^
HINT:  Perhaps you meant to reference the column &quot;s.price&quot;.
QUERY:  SELECT jsonb_build_object(
            'status', 200,
            'message', 'Pending appointments retrieved successfully',
            'data', jsonb_agg(
                jsonb_build_object(
                    'id', a.id,
                    'branch', a.branch,
                    'consultant', a.consultant,
                    'section', a.section,
                    'slot', a.slot,
                    'appointment_status', a.appointment_status,
                    'slots_time', s.slots_time,
                    'price', COALESCE(s.&quot;Price&quot;, '')::text,  -- Use &quot;Price&quot; with quotes for case-sensitivity
                    'branch_name', b.branch_name,
                    'consultant_name', r.name,
                    'section_name', sec.section_name,
                    'full_name', a.full_name,
                    'mobile_no', a.mobile_no,
                    'email_id', a.email_id,
                    'locations', a.locations,
                    'startdate', a.startdate,
                    'dates', a.dates,  -- Include 'dates' column
                    'created_at', a.created_at
                )
            )
    )
                         FROM tbl_appointment a
    LEFT JOIN tbl_slots s ON CAST(a.slot AS INTEGER) = s.id
    LEFT JOIN tbl_register r ON a.consultant = r.id
    LEFT JOIN tbl_branch b ON a.branch = b.id
    LEFT JOIN tbl_section sec ON a.section = sec.id
    WHERE a.is_deleted = 'N'
    AND a.appointment_status = 'PE'  -- Only pending appointments
    AND a.dates &lt;= CURRENT_DATE
CONTEXT:  PL/pgSQL function get_pending_appointments() line 4 at SQL statement
[Method: GET, Route: get_pending_appointments]
in SYSTEMPATH\Database\BaseConnection.php on line 676.
 1 APPPATH\Controllers\Home.php(1696): CodeIgniter\Database\BaseConnection->query('CALL get_pending_appointments(?)', [...])
 2 SYSTEMPATH\CodeIgniter.php(933): App\Controllers\Home->getPendingAppointments()
 3 SYSTEMPATH\CodeIgniter.php(509): CodeIgniter\CodeIgniter->runController(Object(App\Controllers\Home))
 4 SYSTEMPATH\CodeIgniter.php(355): CodeIgniter\CodeIgniter->handleRequest(null, Object(Config\Cache), false)
 5 SYSTEMPATH\Boot.php(312): CodeIgniter\CodeIgniter->run()
 6 SYSTEMPATH\Boot.php(67): CodeIgniter\Boot::runCodeIgniter(Object(CodeIgniter\CodeIgniter))
 7 FCPATH\index.php(56): CodeIgniter\Boot::bootWeb(Object(Config\Paths))
CRITICAL - 2025-03-21 12:13:59 --> [Caused by] CodeIgniter\Database\Exceptions\DatabaseException: pg_query(): Query failed: ERROR:  column s.Price does not exist
LINE 13:                     'price', COALESCE(s.&quot;Price&quot;, '')::text, ...
                                               ^
HINT:  Perhaps you meant to reference the column &quot;s.price&quot;.
QUERY:  SELECT jsonb_build_object(
            'status', 200,
            'message', 'Pending appointments retrieved successfully',
            'data', jsonb_agg(
                jsonb_build_object(
                    'id', a.id,
                    'branch', a.branch,
                    'consultant', a.consultant,
                    'section', a.section,
                    'slot', a.slot,
                    'appointment_status', a.appointment_status,
                    'slots_time', s.slots_time,
                    'price', COALESCE(s.&quot;Price&quot;, '')::text,  -- Use &quot;Price&quot; with quotes for case-sensitivity
                    'branch_name', b.branch_name,
                    'consultant_name', r.name,
                    'section_name', sec.section_name,
                    'full_name', a.full_name,
                    'mobile_no', a.mobile_no,
                    'email_id', a.email_id,
                    'locations', a.locations,
                    'startdate', a.startdate,
                    'dates', a.dates,  -- Include 'dates' column
                    'created_at', a.created_at
                )
            )
    )
                         FROM tbl_appointment a
    LEFT JOIN tbl_slots s ON CAST(a.slot AS INTEGER) = s.id
    LEFT JOIN tbl_register r ON a.consultant = r.id
    LEFT JOIN tbl_branch b ON a.branch = b.id
    LEFT JOIN tbl_section sec ON a.section = sec.id
    WHERE a.is_deleted = 'N'
    AND a.appointment_status = 'PE'  -- Only pending appointments
    AND a.dates &lt;= CURRENT_DATE
CONTEXT:  PL/pgSQL function get_pending_appointments() line 4 at SQL statement
in SYSTEMPATH\Database\Postgre\Connection.php on line 198.
 1 SYSTEMPATH\Database\BaseConnection.php(722): CodeIgniter\Database\Postgre\Connection->execute('CALL get_pending_appointments(NULL)')
 2 SYSTEMPATH\Database\BaseConnection.php(636): CodeIgniter\Database\BaseConnection->simpleQuery('CALL get_pending_appointments(NULL)')
 3 APPPATH\Controllers\Home.php(1696): CodeIgniter\Database\BaseConnection->query('CALL get_pending_appointments(?)', [...])
 4 SYSTEMPATH\CodeIgniter.php(933): App\Controllers\Home->getPendingAppointments()
 5 SYSTEMPATH\CodeIgniter.php(509): CodeIgniter\CodeIgniter->runController(Object(App\Controllers\Home))
 6 SYSTEMPATH\CodeIgniter.php(355): CodeIgniter\CodeIgniter->handleRequest(null, Object(Config\Cache), false)
 7 SYSTEMPATH\Boot.php(312): CodeIgniter\CodeIgniter->run()
 8 SYSTEMPATH\Boot.php(67): CodeIgniter\Boot::runCodeIgniter(Object(CodeIgniter\CodeIgniter))
 9 FCPATH\index.php(56): CodeIgniter\Boot::bootWeb(Object(Config\Paths))
CRITICAL - 2025-03-21 12:13:59 --> [Caused by] ErrorException: pg_query(): Query failed: ERROR:  column s.Price does not exist
LINE 13:                     'price', COALESCE(s.&quot;Price&quot;, '')::text, ...
                                               ^
HINT:  Perhaps you meant to reference the column &quot;s.price&quot;.
QUERY:  SELECT jsonb_build_object(
            'status', 200,
            'message', 'Pending appointments retrieved successfully',
            'data', jsonb_agg(
                jsonb_build_object(
                    'id', a.id,
                    'branch', a.branch,
                    'consultant', a.consultant,
                    'section', a.section,
                    'slot', a.slot,
                    'appointment_status', a.appointment_status,
                    'slots_time', s.slots_time,
                    'price', COALESCE(s.&quot;Price&quot;, '')::text,  -- Use &quot;Price&quot; with quotes for case-sensitivity
                    'branch_name', b.branch_name,
                    'consultant_name', r.name,
                    'section_name', sec.section_name,
                    'full_name', a.full_name,
                    'mobile_no', a.mobile_no,
                    'email_id', a.email_id,
                    'locations', a.locations,
                    'startdate', a.startdate,
                    'dates', a.dates,  -- Include 'dates' column
                    'created_at', a.created_at
                )
            )
    )
                         FROM tbl_appointment a
    LEFT JOIN tbl_slots s ON CAST(a.slot AS INTEGER) = s.id
    LEFT JOIN tbl_register r ON a.consultant = r.id
    LEFT JOIN tbl_branch b ON a.branch = b.id
    LEFT JOIN tbl_section sec ON a.section = sec.id
    WHERE a.is_deleted = 'N'
    AND a.appointment_status = 'PE'  -- Only pending appointments
    AND a.dates &lt;= CURRENT_DATE
CONTEXT:  PL/pgSQL function get_pending_appointments() line 4 at SQL statement
in SYSTEMPATH\Database\Postgre\Connection.php on line 193.
 1 [internal function]: CodeIgniter\Debug\Exceptions->errorHandler(2, 'pg_query(): Query failed: ERROR:  column s.Price does not exist
LINE 13:                     \'price\', COALESCE(s.&quot;Price&quot;, \'\')::text, ...
                                               ^
HINT:  Perhaps you meant to reference the column &quot;s.price&quot;.
QUERY:  SELECT jsonb_build_object(
            \'status\', 200,
            \'message\', \'Pending appointments retrieved successfully\',
            \'data\', jsonb_agg(
                jsonb_build_object(
                    \'id\', a.id,
                    \'branch\', a.branch,
                    \'consultant\', a.consultant,
                    \'section\', a.section,
                    \'slot\', a.slot,
                    \'appointment_status\', a.appointment_status,
                    \'slots_time\', s.slots_time,
                    \'price\', COALESCE(s.&quot;Price&quot;, \'\')::text,  -- Use &quot;Price&quot; with quotes for case-sensitivity
                    \'branch_name\', b.branch_name,
                    \'consultant_name\', r.name,
                    \'section_name\', sec.section_name,
                    \'full_name\', a.full_name,
                    \'mobile_no\', a.mobile_no,
                    \'email_id\', a.email_id,
                    \'locations\', a.locations,
                    \'startdate\', a.startdate,
                    \'dates\', a.dates,  -- Include \'dates\' column
                    \'created_at\', a.created_at
                )
            )
    )
                         FROM tbl_appointment a
    LEFT JOIN tbl_slots s ON CAST(a.slot AS INTEGER) = s.id
    LEFT JOIN tbl_register r ON a.consultant = r.id
    LEFT JOIN tbl_branch b ON a.branch = b.id
    LEFT JOIN tbl_section sec ON a.section = sec.id
    WHERE a.is_deleted = \'N\'
    AND a.appointment_status = \'PE\'  -- Only pending appointments
    AND a.dates &lt;= CURRENT_DATE
CONTEXT:  PL/pgSQL function get_pending_appointments() line 4 at SQL statement', 'C:\\xampp\\htdocs\\salonClinic\\system\\Database\\Postgre\\Connection.php', 193)
 2 SYSTEMPATH\Database\Postgre\Connection.php(193): pg_query(Object(PgSql\Connection), 'CALL get_pending_appointments(NULL)')
 3 SYSTEMPATH\Database\BaseConnection.php(722): CodeIgniter\Database\Postgre\Connection->execute('CALL get_pending_appointments(NULL)')
 4 SYSTEMPATH\Database\BaseConnection.php(636): CodeIgniter\Database\BaseConnection->simpleQuery('CALL get_pending_appointments(NULL)')
 5 APPPATH\Controllers\Home.php(1696): CodeIgniter\Database\BaseConnection->query('CALL get_pending_appointments(?)', [...])
 6 SYSTEMPATH\CodeIgniter.php(933): App\Controllers\Home->getPendingAppointments()
 7 SYSTEMPATH\CodeIgniter.php(509): CodeIgniter\CodeIgniter->runController(Object(App\Controllers\Home))
 8 SYSTEMPATH\CodeIgniter.php(355): CodeIgniter\CodeIgniter->handleRequest(null, Object(Config\Cache), false)
 9 SYSTEMPATH\Boot.php(312): CodeIgniter\CodeIgniter->run()
10 SYSTEMPATH\Boot.php(67): CodeIgniter\Boot::runCodeIgniter(Object(CodeIgniter\CodeIgniter))
11 FCPATH\index.php(56): CodeIgniter\Boot::bootWeb(Object(Config\Paths))
