ERROR - 2024-11-14 02:45:08 --> ErrorException: pg_query(): Query failed: ERROR:  column &quot;doctor_id&quot; does not exist
LINE 4: AND &quot;doctor_id&quot; = 1
            ^ in C:\xampp\htdocs\OPDClinic\system\Database\Postgre\Connection.php:193
Stack trace:
#0 [internal function]: CodeIgniter\Debug\Exceptions->errorHandler(2, 'pg_query(): Que...', 'C:\\xampp\\htdocs...', 193)
#1 C:\xampp\htdocs\OPDClinic\system\Database\Postgre\Connection.php(193): pg_query(Object(PgSql\Connection), 'SELECT *\nFROM "...')
#2 C:\xampp\htdocs\OPDClinic\system\Database\BaseConnection.php(722): CodeIgniter\Database\Postgre\Connection->execute('SELECT *\nFROM "...')
#3 C:\xampp\htdocs\OPDClinic\system\Database\BaseConnection.php(636): CodeIgniter\Database\BaseConnection->simpleQuery('SELECT *\nFROM "...')
#4 C:\xampp\htdocs\OPDClinic\system\Database\BaseBuilder.php(1629): CodeIgniter\Database\BaseConnection->query('SELECT *\nFROM "...', Array, false)
#5 C:\xampp\htdocs\OPDClinic\app\Controllers\Home.php(535): CodeIgniter\Database\BaseBuilder->get()
#6 C:\xampp\htdocs\OPDClinic\system\CodeIgniter.php(933): App\Controllers\Home->getFilteredAppointments('tbl_appointment')
#7 C:\xampp\htdocs\OPDClinic\system\CodeIgniter.php(509): CodeIgniter\CodeIgniter->runController(Object(App\Controllers\Home))
#8 C:\xampp\htdocs\OPDClinic\system\CodeIgniter.php(355): CodeIgniter\CodeIgniter->handleRequest(NULL, Object(Config\Cache), false)
#9 C:\xampp\htdocs\OPDClinic\system\Boot.php(312): CodeIgniter\CodeIgniter->run()
#10 C:\xampp\htdocs\OPDClinic\system\Boot.php(67): CodeIgniter\Boot::runCodeIgniter(Object(CodeIgniter\CodeIgniter))
#11 C:\xampp\htdocs\OPDClinic\index.php(56): CodeIgniter\Boot::bootWeb(Object(Config\Paths))
#12 {main}
CRITICAL - 2024-11-14 02:45:08 --> CodeIgniter\Database\Exceptions\DatabaseException: pg_query(): Query failed: ERROR:  column &quot;doctor_id&quot; does not exist
LINE 4: AND &quot;doctor_id&quot; = 1
            ^
[Method: POST, Route: get_filtered_appointments/tbl_appointment]
in SYSTEMPATH\Database\BaseConnection.php on line 676.
 1 SYSTEMPATH\Database\BaseBuilder.php(1629): CodeIgniter\Database\BaseConnection->query('SELECT *
FROM "tbl_appointment"
WHERE "is_deleted" = :is_deleted:
AND "doctor_id" = :doctor_id:
AND "branch_id" = :branch_id:
AND "appointment_status" = :appointment_status:', [...], false)
 2 APPPATH\Controllers\Home.php(535): CodeIgniter\Database\BaseBuilder->get()
 3 SYSTEMPATH\CodeIgniter.php(933): App\Controllers\Home->getFilteredAppointments('tbl_appointment')
 4 SYSTEMPATH\CodeIgniter.php(509): CodeIgniter\CodeIgniter->runController(Object(App\Controllers\Home))
 5 SYSTEMPATH\CodeIgniter.php(355): CodeIgniter\CodeIgniter->handleRequest(null, Object(Config\Cache), false)
 6 SYSTEMPATH\Boot.php(312): CodeIgniter\CodeIgniter->run()
 7 SYSTEMPATH\Boot.php(67): CodeIgniter\Boot::runCodeIgniter(Object(CodeIgniter\CodeIgniter))
 8 FCPATH\index.php(56): CodeIgniter\Boot::bootWeb(Object(Config\Paths))
CRITICAL - 2024-11-14 02:45:08 --> [Caused by] CodeIgniter\Database\Exceptions\DatabaseException: pg_query(): Query failed: ERROR:  column &quot;doctor_id&quot; does not exist
LINE 4: AND &quot;doctor_id&quot; = 1
            ^
in SYSTEMPATH\Database\Postgre\Connection.php on line 198.
 1 SYSTEMPATH\Database\BaseConnection.php(722): CodeIgniter\Database\Postgre\Connection->execute('SELECT *
FROM "tbl_appointment"
WHERE "is_deleted" = \'N\'
AND "doctor_id" = 1
AND "branch_id" = 12
AND "appointment_status" = \'PE\'')
 2 SYSTEMPATH\Database\BaseConnection.php(636): CodeIgniter\Database\BaseConnection->simpleQuery('SELECT *
FROM "tbl_appointment"
WHERE "is_deleted" = \'N\'
AND "doctor_id" = 1
AND "branch_id" = 12
AND "appointment_status" = \'PE\'')
 3 SYSTEMPATH\Database\BaseBuilder.php(1629): CodeIgniter\Database\BaseConnection->query('SELECT *
FROM "tbl_appointment"
WHERE "is_deleted" = :is_deleted:
AND "doctor_id" = :doctor_id:
AND "branch_id" = :branch_id:
AND "appointment_status" = :appointment_status:', [...], false)
 4 APPPATH\Controllers\Home.php(535): CodeIgniter\Database\BaseBuilder->get()
 5 SYSTEMPATH\CodeIgniter.php(933): App\Controllers\Home->getFilteredAppointments('tbl_appointment')
 6 SYSTEMPATH\CodeIgniter.php(509): CodeIgniter\CodeIgniter->runController(Object(App\Controllers\Home))
 7 SYSTEMPATH\CodeIgniter.php(355): CodeIgniter\CodeIgniter->handleRequest(null, Object(Config\Cache), false)
 8 SYSTEMPATH\Boot.php(312): CodeIgniter\CodeIgniter->run()
 9 SYSTEMPATH\Boot.php(67): CodeIgniter\Boot::runCodeIgniter(Object(CodeIgniter\CodeIgniter))
10 FCPATH\index.php(56): CodeIgniter\Boot::bootWeb(Object(Config\Paths))
CRITICAL - 2024-11-14 02:45:08 --> [Caused by] ErrorException: pg_query(): Query failed: ERROR:  column &quot;doctor_id&quot; does not exist
LINE 4: AND &quot;doctor_id&quot; = 1
            ^
in SYSTEMPATH\Database\Postgre\Connection.php on line 193.
 1 [internal function]: CodeIgniter\Debug\Exceptions->errorHandler(2, 'pg_query(): Query failed: ERROR:  column &quot;doctor_id&quot; does not exist
LINE 4: AND &quot;doctor_id&quot; = 1
            ^', 'C:\\xampp\\htdocs\\OPDClinic\\system\\Database\\Postgre\\Connection.php', 193)
 2 SYSTEMPATH\Database\Postgre\Connection.php(193): pg_query(Object(PgSql\Connection), 'SELECT *
FROM "tbl_appointment"
WHERE "is_deleted" = \'N\'
AND "doctor_id" = 1
AND "branch_id" = 12
AND "appointment_status" = \'PE\'')
 3 SYSTEMPATH\Database\BaseConnection.php(722): CodeIgniter\Database\Postgre\Connection->execute('SELECT *
FROM "tbl_appointment"
WHERE "is_deleted" = \'N\'
AND "doctor_id" = 1
AND "branch_id" = 12
AND "appointment_status" = \'PE\'')
 4 SYSTEMPATH\Database\BaseConnection.php(636): CodeIgniter\Database\BaseConnection->simpleQuery('SELECT *
FROM "tbl_appointment"
WHERE "is_deleted" = \'N\'
AND "doctor_id" = 1
AND "branch_id" = 12
AND "appointment_status" = \'PE\'')
 5 SYSTEMPATH\Database\BaseBuilder.php(1629): CodeIgniter\Database\BaseConnection->query('SELECT *
FROM "tbl_appointment"
WHERE "is_deleted" = :is_deleted:
AND "doctor_id" = :doctor_id:
AND "branch_id" = :branch_id:
AND "appointment_status" = :appointment_status:', [...], false)
 6 APPPATH\Controllers\Home.php(535): CodeIgniter\Database\BaseBuilder->get()
 7 SYSTEMPATH\CodeIgniter.php(933): App\Controllers\Home->getFilteredAppointments('tbl_appointment')
 8 SYSTEMPATH\CodeIgniter.php(509): CodeIgniter\CodeIgniter->runController(Object(App\Controllers\Home))
 9 SYSTEMPATH\CodeIgniter.php(355): CodeIgniter\CodeIgniter->handleRequest(null, Object(Config\Cache), false)
10 SYSTEMPATH\Boot.php(312): CodeIgniter\CodeIgniter->run()
11 SYSTEMPATH\Boot.php(67): CodeIgniter\Boot::runCodeIgniter(Object(CodeIgniter\CodeIgniter))
12 FCPATH\index.php(56): CodeIgniter\Boot::bootWeb(Object(Config\Paths))
ERROR - 2024-11-14 02:45:13 --> ErrorException: pg_query(): Query failed: ERROR:  column &quot;doctor_id&quot; does not exist
LINE 4: AND &quot;doctor_id&quot; = 1
            ^ in C:\xampp\htdocs\OPDClinic\system\Database\Postgre\Connection.php:193
Stack trace:
#0 [internal function]: CodeIgniter\Debug\Exceptions->errorHandler(2, 'pg_query(): Que...', 'C:\\xampp\\htdocs...', 193)
#1 C:\xampp\htdocs\OPDClinic\system\Database\Postgre\Connection.php(193): pg_query(Object(PgSql\Connection), 'SELECT *\nFROM "...')
#2 C:\xampp\htdocs\OPDClinic\system\Database\BaseConnection.php(722): CodeIgniter\Database\Postgre\Connection->execute('SELECT *\nFROM "...')
#3 C:\xampp\htdocs\OPDClinic\system\Database\BaseConnection.php(636): CodeIgniter\Database\BaseConnection->simpleQuery('SELECT *\nFROM "...')
#4 C:\xampp\htdocs\OPDClinic\system\Database\BaseBuilder.php(1629): CodeIgniter\Database\BaseConnection->query('SELECT *\nFROM "...', Array, false)
#5 C:\xampp\htdocs\OPDClinic\app\Controllers\Home.php(535): CodeIgniter\Database\BaseBuilder->get()
#6 C:\xampp\htdocs\OPDClinic\system\CodeIgniter.php(933): App\Controllers\Home->getFilteredAppointments('tbl_appointment')
#7 C:\xampp\htdocs\OPDClinic\system\CodeIgniter.php(509): CodeIgniter\CodeIgniter->runController(Object(App\Controllers\Home))
#8 C:\xampp\htdocs\OPDClinic\system\CodeIgniter.php(355): CodeIgniter\CodeIgniter->handleRequest(NULL, Object(Config\Cache), false)
#9 C:\xampp\htdocs\OPDClinic\system\Boot.php(312): CodeIgniter\CodeIgniter->run()
#10 C:\xampp\htdocs\OPDClinic\system\Boot.php(67): CodeIgniter\Boot::runCodeIgniter(Object(CodeIgniter\CodeIgniter))
#11 C:\xampp\htdocs\OPDClinic\index.php(56): CodeIgniter\Boot::bootWeb(Object(Config\Paths))
#12 {main}
CRITICAL - 2024-11-14 02:45:13 --> CodeIgniter\Database\Exceptions\DatabaseException: pg_query(): Query failed: ERROR:  column &quot;doctor_id&quot; does not exist
LINE 4: AND &quot;doctor_id&quot; = 1
            ^
[Method: POST, Route: get_filtered_appointments/tbl_appointment]
in SYSTEMPATH\Database\BaseConnection.php on line 676.
 1 SYSTEMPATH\Database\BaseBuilder.php(1629): CodeIgniter\Database\BaseConnection->query('SELECT *
FROM "tbl_appointment"
WHERE "is_deleted" = :is_deleted:
AND "doctor_id" = :doctor_id:
AND "branch_id" = :branch_id:
AND "appointment_status" = :appointment_status:', [...], false)
 2 APPPATH\Controllers\Home.php(535): CodeIgniter\Database\BaseBuilder->get()
 3 SYSTEMPATH\CodeIgniter.php(933): App\Controllers\Home->getFilteredAppointments('tbl_appointment')
 4 SYSTEMPATH\CodeIgniter.php(509): CodeIgniter\CodeIgniter->runController(Object(App\Controllers\Home))
 5 SYSTEMPATH\CodeIgniter.php(355): CodeIgniter\CodeIgniter->handleRequest(null, Object(Config\Cache), false)
 6 SYSTEMPATH\Boot.php(312): CodeIgniter\CodeIgniter->run()
 7 SYSTEMPATH\Boot.php(67): CodeIgniter\Boot::runCodeIgniter(Object(CodeIgniter\CodeIgniter))
 8 FCPATH\index.php(56): CodeIgniter\Boot::bootWeb(Object(Config\Paths))
CRITICAL - 2024-11-14 02:45:13 --> [Caused by] CodeIgniter\Database\Exceptions\DatabaseException: pg_query(): Query failed: ERROR:  column &quot;doctor_id&quot; does not exist
LINE 4: AND &quot;doctor_id&quot; = 1
            ^
in SYSTEMPATH\Database\Postgre\Connection.php on line 198.
 1 SYSTEMPATH\Database\BaseConnection.php(722): CodeIgniter\Database\Postgre\Connection->execute('SELECT *
FROM "tbl_appointment"
WHERE "is_deleted" = \'N\'
AND "doctor_id" = 1
AND "branch_id" = 12
AND "appointment_status" = \'PE\'')
 2 SYSTEMPATH\Database\BaseConnection.php(636): CodeIgniter\Database\BaseConnection->simpleQuery('SELECT *
FROM "tbl_appointment"
WHERE "is_deleted" = \'N\'
AND "doctor_id" = 1
AND "branch_id" = 12
AND "appointment_status" = \'PE\'')
 3 SYSTEMPATH\Database\BaseBuilder.php(1629): CodeIgniter\Database\BaseConnection->query('SELECT *
FROM "tbl_appointment"
WHERE "is_deleted" = :is_deleted:
AND "doctor_id" = :doctor_id:
AND "branch_id" = :branch_id:
AND "appointment_status" = :appointment_status:', [...], false)
 4 APPPATH\Controllers\Home.php(535): CodeIgniter\Database\BaseBuilder->get()
 5 SYSTEMPATH\CodeIgniter.php(933): App\Controllers\Home->getFilteredAppointments('tbl_appointment')
 6 SYSTEMPATH\CodeIgniter.php(509): CodeIgniter\CodeIgniter->runController(Object(App\Controllers\Home))
 7 SYSTEMPATH\CodeIgniter.php(355): CodeIgniter\CodeIgniter->handleRequest(null, Object(Config\Cache), false)
 8 SYSTEMPATH\Boot.php(312): CodeIgniter\CodeIgniter->run()
 9 SYSTEMPATH\Boot.php(67): CodeIgniter\Boot::runCodeIgniter(Object(CodeIgniter\CodeIgniter))
10 FCPATH\index.php(56): CodeIgniter\Boot::bootWeb(Object(Config\Paths))
CRITICAL - 2024-11-14 02:45:13 --> [Caused by] ErrorException: pg_query(): Query failed: ERROR:  column &quot;doctor_id&quot; does not exist
LINE 4: AND &quot;doctor_id&quot; = 1
            ^
in SYSTEMPATH\Database\Postgre\Connection.php on line 193.
 1 [internal function]: CodeIgniter\Debug\Exceptions->errorHandler(2, 'pg_query(): Query failed: ERROR:  column &quot;doctor_id&quot; does not exist
LINE 4: AND &quot;doctor_id&quot; = 1
            ^', 'C:\\xampp\\htdocs\\OPDClinic\\system\\Database\\Postgre\\Connection.php', 193)
 2 SYSTEMPATH\Database\Postgre\Connection.php(193): pg_query(Object(PgSql\Connection), 'SELECT *
FROM "tbl_appointment"
WHERE "is_deleted" = \'N\'
AND "doctor_id" = 1
AND "branch_id" = 12
AND "appointment_status" = \'PE\'')
 3 SYSTEMPATH\Database\BaseConnection.php(722): CodeIgniter\Database\Postgre\Connection->execute('SELECT *
FROM "tbl_appointment"
WHERE "is_deleted" = \'N\'
AND "doctor_id" = 1
AND "branch_id" = 12
AND "appointment_status" = \'PE\'')
 4 SYSTEMPATH\Database\BaseConnection.php(636): CodeIgniter\Database\BaseConnection->simpleQuery('SELECT *
FROM "tbl_appointment"
WHERE "is_deleted" = \'N\'
AND "doctor_id" = 1
AND "branch_id" = 12
AND "appointment_status" = \'PE\'')
 5 SYSTEMPATH\Database\BaseBuilder.php(1629): CodeIgniter\Database\BaseConnection->query('SELECT *
FROM "tbl_appointment"
WHERE "is_deleted" = :is_deleted:
AND "doctor_id" = :doctor_id:
AND "branch_id" = :branch_id:
AND "appointment_status" = :appointment_status:', [...], false)
 6 APPPATH\Controllers\Home.php(535): CodeIgniter\Database\BaseBuilder->get()
 7 SYSTEMPATH\CodeIgniter.php(933): App\Controllers\Home->getFilteredAppointments('tbl_appointment')
 8 SYSTEMPATH\CodeIgniter.php(509): CodeIgniter\CodeIgniter->runController(Object(App\Controllers\Home))
 9 SYSTEMPATH\CodeIgniter.php(355): CodeIgniter\CodeIgniter->handleRequest(null, Object(Config\Cache), false)
10 SYSTEMPATH\Boot.php(312): CodeIgniter\CodeIgniter->run()
11 SYSTEMPATH\Boot.php(67): CodeIgniter\Boot::runCodeIgniter(Object(CodeIgniter\CodeIgniter))
12 FCPATH\index.php(56): CodeIgniter\Boot::bootWeb(Object(Config\Paths))
ERROR - 2024-11-14 02:45:14 --> ErrorException: pg_query(): Query failed: ERROR:  column &quot;doctor_id&quot; does not exist
LINE 4: AND &quot;doctor_id&quot; = 1
            ^ in C:\xampp\htdocs\OPDClinic\system\Database\Postgre\Connection.php:193
Stack trace:
#0 [internal function]: CodeIgniter\Debug\Exceptions->errorHandler(2, 'pg_query(): Que...', 'C:\\xampp\\htdocs...', 193)
#1 C:\xampp\htdocs\OPDClinic\system\Database\Postgre\Connection.php(193): pg_query(Object(PgSql\Connection), 'SELECT *\nFROM "...')
#2 C:\xampp\htdocs\OPDClinic\system\Database\BaseConnection.php(722): CodeIgniter\Database\Postgre\Connection->execute('SELECT *\nFROM "...')
#3 C:\xampp\htdocs\OPDClinic\system\Database\BaseConnection.php(636): CodeIgniter\Database\BaseConnection->simpleQuery('SELECT *\nFROM "...')
#4 C:\xampp\htdocs\OPDClinic\system\Database\BaseBuilder.php(1629): CodeIgniter\Database\BaseConnection->query('SELECT *\nFROM "...', Array, false)
#5 C:\xampp\htdocs\OPDClinic\app\Controllers\Home.php(535): CodeIgniter\Database\BaseBuilder->get()
#6 C:\xampp\htdocs\OPDClinic\system\CodeIgniter.php(933): App\Controllers\Home->getFilteredAppointments('tbl_appointment')
#7 C:\xampp\htdocs\OPDClinic\system\CodeIgniter.php(509): CodeIgniter\CodeIgniter->runController(Object(App\Controllers\Home))
#8 C:\xampp\htdocs\OPDClinic\system\CodeIgniter.php(355): CodeIgniter\CodeIgniter->handleRequest(NULL, Object(Config\Cache), false)
#9 C:\xampp\htdocs\OPDClinic\system\Boot.php(312): CodeIgniter\CodeIgniter->run()
#10 C:\xampp\htdocs\OPDClinic\system\Boot.php(67): CodeIgniter\Boot::runCodeIgniter(Object(CodeIgniter\CodeIgniter))
#11 C:\xampp\htdocs\OPDClinic\index.php(56): CodeIgniter\Boot::bootWeb(Object(Config\Paths))
#12 {main}
CRITICAL - 2024-11-14 02:45:14 --> CodeIgniter\Database\Exceptions\DatabaseException: pg_query(): Query failed: ERROR:  column &quot;doctor_id&quot; does not exist
LINE 4: AND &quot;doctor_id&quot; = 1
            ^
[Method: POST, Route: get_filtered_appointments/tbl_appointment]
in SYSTEMPATH\Database\BaseConnection.php on line 676.
 1 SYSTEMPATH\Database\BaseBuilder.php(1629): CodeIgniter\Database\BaseConnection->query('SELECT *
FROM "tbl_appointment"
WHERE "is_deleted" = :is_deleted:
AND "doctor_id" = :doctor_id:
AND "branch_id" = :branch_id:
AND "appointment_status" = :appointment_status:', [...], false)
 2 APPPATH\Controllers\Home.php(535): CodeIgniter\Database\BaseBuilder->get()
 3 SYSTEMPATH\CodeIgniter.php(933): App\Controllers\Home->getFilteredAppointments('tbl_appointment')
 4 SYSTEMPATH\CodeIgniter.php(509): CodeIgniter\CodeIgniter->runController(Object(App\Controllers\Home))
 5 SYSTEMPATH\CodeIgniter.php(355): CodeIgniter\CodeIgniter->handleRequest(null, Object(Config\Cache), false)
 6 SYSTEMPATH\Boot.php(312): CodeIgniter\CodeIgniter->run()
 7 SYSTEMPATH\Boot.php(67): CodeIgniter\Boot::runCodeIgniter(Object(CodeIgniter\CodeIgniter))
 8 FCPATH\index.php(56): CodeIgniter\Boot::bootWeb(Object(Config\Paths))
CRITICAL - 2024-11-14 02:45:14 --> [Caused by] CodeIgniter\Database\Exceptions\DatabaseException: pg_query(): Query failed: ERROR:  column &quot;doctor_id&quot; does not exist
LINE 4: AND &quot;doctor_id&quot; = 1
            ^
in SYSTEMPATH\Database\Postgre\Connection.php on line 198.
 1 SYSTEMPATH\Database\BaseConnection.php(722): CodeIgniter\Database\Postgre\Connection->execute('SELECT *
FROM "tbl_appointment"
WHERE "is_deleted" = \'N\'
AND "doctor_id" = 1
AND "branch_id" = 12
AND "appointment_status" = \'PE\'')
 2 SYSTEMPATH\Database\BaseConnection.php(636): CodeIgniter\Database\BaseConnection->simpleQuery('SELECT *
FROM "tbl_appointment"
WHERE "is_deleted" = \'N\'
AND "doctor_id" = 1
AND "branch_id" = 12
AND "appointment_status" = \'PE\'')
 3 SYSTEMPATH\Database\BaseBuilder.php(1629): CodeIgniter\Database\BaseConnection->query('SELECT *
FROM "tbl_appointment"
WHERE "is_deleted" = :is_deleted:
AND "doctor_id" = :doctor_id:
AND "branch_id" = :branch_id:
AND "appointment_status" = :appointment_status:', [...], false)
 4 APPPATH\Controllers\Home.php(535): CodeIgniter\Database\BaseBuilder->get()
 5 SYSTEMPATH\CodeIgniter.php(933): App\Controllers\Home->getFilteredAppointments('tbl_appointment')
 6 SYSTEMPATH\CodeIgniter.php(509): CodeIgniter\CodeIgniter->runController(Object(App\Controllers\Home))
 7 SYSTEMPATH\CodeIgniter.php(355): CodeIgniter\CodeIgniter->handleRequest(null, Object(Config\Cache), false)
 8 SYSTEMPATH\Boot.php(312): CodeIgniter\CodeIgniter->run()
 9 SYSTEMPATH\Boot.php(67): CodeIgniter\Boot::runCodeIgniter(Object(CodeIgniter\CodeIgniter))
10 FCPATH\index.php(56): CodeIgniter\Boot::bootWeb(Object(Config\Paths))
CRITICAL - 2024-11-14 02:45:14 --> [Caused by] ErrorException: pg_query(): Query failed: ERROR:  column &quot;doctor_id&quot; does not exist
LINE 4: AND &quot;doctor_id&quot; = 1
            ^
in SYSTEMPATH\Database\Postgre\Connection.php on line 193.
 1 [internal function]: CodeIgniter\Debug\Exceptions->errorHandler(2, 'pg_query(): Query failed: ERROR:  column &quot;doctor_id&quot; does not exist
LINE 4: AND &quot;doctor_id&quot; = 1
            ^', 'C:\\xampp\\htdocs\\OPDClinic\\system\\Database\\Postgre\\Connection.php', 193)
 2 SYSTEMPATH\Database\Postgre\Connection.php(193): pg_query(Object(PgSql\Connection), 'SELECT *
FROM "tbl_appointment"
WHERE "is_deleted" = \'N\'
AND "doctor_id" = 1
AND "branch_id" = 12
AND "appointment_status" = \'PE\'')
 3 SYSTEMPATH\Database\BaseConnection.php(722): CodeIgniter\Database\Postgre\Connection->execute('SELECT *
FROM "tbl_appointment"
WHERE "is_deleted" = \'N\'
AND "doctor_id" = 1
AND "branch_id" = 12
AND "appointment_status" = \'PE\'')
 4 SYSTEMPATH\Database\BaseConnection.php(636): CodeIgniter\Database\BaseConnection->simpleQuery('SELECT *
FROM "tbl_appointment"
WHERE "is_deleted" = \'N\'
AND "doctor_id" = 1
AND "branch_id" = 12
AND "appointment_status" = \'PE\'')
 5 SYSTEMPATH\Database\BaseBuilder.php(1629): CodeIgniter\Database\BaseConnection->query('SELECT *
FROM "tbl_appointment"
WHERE "is_deleted" = :is_deleted:
AND "doctor_id" = :doctor_id:
AND "branch_id" = :branch_id:
AND "appointment_status" = :appointment_status:', [...], false)
 6 APPPATH\Controllers\Home.php(535): CodeIgniter\Database\BaseBuilder->get()
 7 SYSTEMPATH\CodeIgniter.php(933): App\Controllers\Home->getFilteredAppointments('tbl_appointment')
 8 SYSTEMPATH\CodeIgniter.php(509): CodeIgniter\CodeIgniter->runController(Object(App\Controllers\Home))
 9 SYSTEMPATH\CodeIgniter.php(355): CodeIgniter\CodeIgniter->handleRequest(null, Object(Config\Cache), false)
10 SYSTEMPATH\Boot.php(312): CodeIgniter\CodeIgniter->run()
11 SYSTEMPATH\Boot.php(67): CodeIgniter\Boot::runCodeIgniter(Object(CodeIgniter\CodeIgniter))
12 FCPATH\index.php(56): CodeIgniter\Boot::bootWeb(Object(Config\Paths))
ERROR - 2024-11-14 02:45:14 --> ErrorException: pg_query(): Query failed: ERROR:  column &quot;doctor_id&quot; does not exist
LINE 4: AND &quot;doctor_id&quot; = 1
            ^ in C:\xampp\htdocs\OPDClinic\system\Database\Postgre\Connection.php:193
Stack trace:
#0 [internal function]: CodeIgniter\Debug\Exceptions->errorHandler(2, 'pg_query(): Que...', 'C:\\xampp\\htdocs...', 193)
#1 C:\xampp\htdocs\OPDClinic\system\Database\Postgre\Connection.php(193): pg_query(Object(PgSql\Connection), 'SELECT *\nFROM "...')
#2 C:\xampp\htdocs\OPDClinic\system\Database\BaseConnection.php(722): CodeIgniter\Database\Postgre\Connection->execute('SELECT *\nFROM "...')
#3 C:\xampp\htdocs\OPDClinic\system\Database\BaseConnection.php(636): CodeIgniter\Database\BaseConnection->simpleQuery('SELECT *\nFROM "...')
#4 C:\xampp\htdocs\OPDClinic\system\Database\BaseBuilder.php(1629): CodeIgniter\Database\BaseConnection->query('SELECT *\nFROM "...', Array, false)
#5 C:\xampp\htdocs\OPDClinic\app\Controllers\Home.php(535): CodeIgniter\Database\BaseBuilder->get()
#6 C:\xampp\htdocs\OPDClinic\system\CodeIgniter.php(933): App\Controllers\Home->getFilteredAppointments('tbl_appointment')
#7 C:\xampp\htdocs\OPDClinic\system\CodeIgniter.php(509): CodeIgniter\CodeIgniter->runController(Object(App\Controllers\Home))
#8 C:\xampp\htdocs\OPDClinic\system\CodeIgniter.php(355): CodeIgniter\CodeIgniter->handleRequest(NULL, Object(Config\Cache), false)
#9 C:\xampp\htdocs\OPDClinic\system\Boot.php(312): CodeIgniter\CodeIgniter->run()
#10 C:\xampp\htdocs\OPDClinic\system\Boot.php(67): CodeIgniter\Boot::runCodeIgniter(Object(CodeIgniter\CodeIgniter))
#11 C:\xampp\htdocs\OPDClinic\index.php(56): CodeIgniter\Boot::bootWeb(Object(Config\Paths))
#12 {main}
CRITICAL - 2024-11-14 02:45:14 --> CodeIgniter\Database\Exceptions\DatabaseException: pg_query(): Query failed: ERROR:  column &quot;doctor_id&quot; does not exist
LINE 4: AND &quot;doctor_id&quot; = 1
            ^
[Method: POST, Route: get_filtered_appointments/tbl_appointment]
in SYSTEMPATH\Database\BaseConnection.php on line 676.
 1 SYSTEMPATH\Database\BaseBuilder.php(1629): CodeIgniter\Database\BaseConnection->query('SELECT *
FROM "tbl_appointment"
WHERE "is_deleted" = :is_deleted:
AND "doctor_id" = :doctor_id:
AND "branch_id" = :branch_id:
AND "appointment_status" = :appointment_status:', [...], false)
 2 APPPATH\Controllers\Home.php(535): CodeIgniter\Database\BaseBuilder->get()
 3 SYSTEMPATH\CodeIgniter.php(933): App\Controllers\Home->getFilteredAppointments('tbl_appointment')
 4 SYSTEMPATH\CodeIgniter.php(509): CodeIgniter\CodeIgniter->runController(Object(App\Controllers\Home))
 5 SYSTEMPATH\CodeIgniter.php(355): CodeIgniter\CodeIgniter->handleRequest(null, Object(Config\Cache), false)
 6 SYSTEMPATH\Boot.php(312): CodeIgniter\CodeIgniter->run()
 7 SYSTEMPATH\Boot.php(67): CodeIgniter\Boot::runCodeIgniter(Object(CodeIgniter\CodeIgniter))
 8 FCPATH\index.php(56): CodeIgniter\Boot::bootWeb(Object(Config\Paths))
CRITICAL - 2024-11-14 02:45:14 --> [Caused by] CodeIgniter\Database\Exceptions\DatabaseException: pg_query(): Query failed: ERROR:  column &quot;doctor_id&quot; does not exist
LINE 4: AND &quot;doctor_id&quot; = 1
            ^
in SYSTEMPATH\Database\Postgre\Connection.php on line 198.
 1 SYSTEMPATH\Database\BaseConnection.php(722): CodeIgniter\Database\Postgre\Connection->execute('SELECT *
FROM "tbl_appointment"
WHERE "is_deleted" = \'N\'
AND "doctor_id" = 1
AND "branch_id" = 12
AND "appointment_status" = \'PE\'')
 2 SYSTEMPATH\Database\BaseConnection.php(636): CodeIgniter\Database\BaseConnection->simpleQuery('SELECT *
FROM "tbl_appointment"
WHERE "is_deleted" = \'N\'
AND "doctor_id" = 1
AND "branch_id" = 12
AND "appointment_status" = \'PE\'')
 3 SYSTEMPATH\Database\BaseBuilder.php(1629): CodeIgniter\Database\BaseConnection->query('SELECT *
FROM "tbl_appointment"
WHERE "is_deleted" = :is_deleted:
AND "doctor_id" = :doctor_id:
AND "branch_id" = :branch_id:
AND "appointment_status" = :appointment_status:', [...], false)
 4 APPPATH\Controllers\Home.php(535): CodeIgniter\Database\BaseBuilder->get()
 5 SYSTEMPATH\CodeIgniter.php(933): App\Controllers\Home->getFilteredAppointments('tbl_appointment')
 6 SYSTEMPATH\CodeIgniter.php(509): CodeIgniter\CodeIgniter->runController(Object(App\Controllers\Home))
 7 SYSTEMPATH\CodeIgniter.php(355): CodeIgniter\CodeIgniter->handleRequest(null, Object(Config\Cache), false)
 8 SYSTEMPATH\Boot.php(312): CodeIgniter\CodeIgniter->run()
 9 SYSTEMPATH\Boot.php(67): CodeIgniter\Boot::runCodeIgniter(Object(CodeIgniter\CodeIgniter))
10 FCPATH\index.php(56): CodeIgniter\Boot::bootWeb(Object(Config\Paths))
CRITICAL - 2024-11-14 02:45:14 --> [Caused by] ErrorException: pg_query(): Query failed: ERROR:  column &quot;doctor_id&quot; does not exist
LINE 4: AND &quot;doctor_id&quot; = 1
            ^
in SYSTEMPATH\Database\Postgre\Connection.php on line 193.
 1 [internal function]: CodeIgniter\Debug\Exceptions->errorHandler(2, 'pg_query(): Query failed: ERROR:  column &quot;doctor_id&quot; does not exist
LINE 4: AND &quot;doctor_id&quot; = 1
            ^', 'C:\\xampp\\htdocs\\OPDClinic\\system\\Database\\Postgre\\Connection.php', 193)
 2 SYSTEMPATH\Database\Postgre\Connection.php(193): pg_query(Object(PgSql\Connection), 'SELECT *
FROM "tbl_appointment"
WHERE "is_deleted" = \'N\'
AND "doctor_id" = 1
AND "branch_id" = 12
AND "appointment_status" = \'PE\'')
 3 SYSTEMPATH\Database\BaseConnection.php(722): CodeIgniter\Database\Postgre\Connection->execute('SELECT *
FROM "tbl_appointment"
WHERE "is_deleted" = \'N\'
AND "doctor_id" = 1
AND "branch_id" = 12
AND "appointment_status" = \'PE\'')
 4 SYSTEMPATH\Database\BaseConnection.php(636): CodeIgniter\Database\BaseConnection->simpleQuery('SELECT *
FROM "tbl_appointment"
WHERE "is_deleted" = \'N\'
AND "doctor_id" = 1
AND "branch_id" = 12
AND "appointment_status" = \'PE\'')
 5 SYSTEMPATH\Database\BaseBuilder.php(1629): CodeIgniter\Database\BaseConnection->query('SELECT *
FROM "tbl_appointment"
WHERE "is_deleted" = :is_deleted:
AND "doctor_id" = :doctor_id:
AND "branch_id" = :branch_id:
AND "appointment_status" = :appointment_status:', [...], false)
 6 APPPATH\Controllers\Home.php(535): CodeIgniter\Database\BaseBuilder->get()
 7 SYSTEMPATH\CodeIgniter.php(933): App\Controllers\Home->getFilteredAppointments('tbl_appointment')
 8 SYSTEMPATH\CodeIgniter.php(509): CodeIgniter\CodeIgniter->runController(Object(App\Controllers\Home))
 9 SYSTEMPATH\CodeIgniter.php(355): CodeIgniter\CodeIgniter->handleRequest(null, Object(Config\Cache), false)
10 SYSTEMPATH\Boot.php(312): CodeIgniter\CodeIgniter->run()
11 SYSTEMPATH\Boot.php(67): CodeIgniter\Boot::runCodeIgniter(Object(CodeIgniter\CodeIgniter))
12 FCPATH\index.php(56): CodeIgniter\Boot::bootWeb(Object(Config\Paths))
ERROR - 2024-11-14 02:45:15 --> ErrorException: pg_query(): Query failed: ERROR:  column &quot;doctor_id&quot; does not exist
LINE 4: AND &quot;doctor_id&quot; = 1
            ^ in C:\xampp\htdocs\OPDClinic\system\Database\Postgre\Connection.php:193
Stack trace:
#0 [internal function]: CodeIgniter\Debug\Exceptions->errorHandler(2, 'pg_query(): Que...', 'C:\\xampp\\htdocs...', 193)
#1 C:\xampp\htdocs\OPDClinic\system\Database\Postgre\Connection.php(193): pg_query(Object(PgSql\Connection), 'SELECT *\nFROM "...')
#2 C:\xampp\htdocs\OPDClinic\system\Database\BaseConnection.php(722): CodeIgniter\Database\Postgre\Connection->execute('SELECT *\nFROM "...')
#3 C:\xampp\htdocs\OPDClinic\system\Database\BaseConnection.php(636): CodeIgniter\Database\BaseConnection->simpleQuery('SELECT *\nFROM "...')
#4 C:\xampp\htdocs\OPDClinic\system\Database\BaseBuilder.php(1629): CodeIgniter\Database\BaseConnection->query('SELECT *\nFROM "...', Array, false)
#5 C:\xampp\htdocs\OPDClinic\app\Controllers\Home.php(535): CodeIgniter\Database\BaseBuilder->get()
#6 C:\xampp\htdocs\OPDClinic\system\CodeIgniter.php(933): App\Controllers\Home->getFilteredAppointments('tbl_appointment')
#7 C:\xampp\htdocs\OPDClinic\system\CodeIgniter.php(509): CodeIgniter\CodeIgniter->runController(Object(App\Controllers\Home))
#8 C:\xampp\htdocs\OPDClinic\system\CodeIgniter.php(355): CodeIgniter\CodeIgniter->handleRequest(NULL, Object(Config\Cache), false)
#9 C:\xampp\htdocs\OPDClinic\system\Boot.php(312): CodeIgniter\CodeIgniter->run()
#10 C:\xampp\htdocs\OPDClinic\system\Boot.php(67): CodeIgniter\Boot::runCodeIgniter(Object(CodeIgniter\CodeIgniter))
#11 C:\xampp\htdocs\OPDClinic\index.php(56): CodeIgniter\Boot::bootWeb(Object(Config\Paths))
#12 {main}
CRITICAL - 2024-11-14 02:45:15 --> CodeIgniter\Database\Exceptions\DatabaseException: pg_query(): Query failed: ERROR:  column &quot;doctor_id&quot; does not exist
LINE 4: AND &quot;doctor_id&quot; = 1
            ^
[Method: POST, Route: get_filtered_appointments/tbl_appointment]
in SYSTEMPATH\Database\BaseConnection.php on line 676.
 1 SYSTEMPATH\Database\BaseBuilder.php(1629): CodeIgniter\Database\BaseConnection->query('SELECT *
FROM "tbl_appointment"
WHERE "is_deleted" = :is_deleted:
AND "doctor_id" = :doctor_id:
AND "branch_id" = :branch_id:
AND "appointment_status" = :appointment_status:', [...], false)
 2 APPPATH\Controllers\Home.php(535): CodeIgniter\Database\BaseBuilder->get()
 3 SYSTEMPATH\CodeIgniter.php(933): App\Controllers\Home->getFilteredAppointments('tbl_appointment')
 4 SYSTEMPATH\CodeIgniter.php(509): CodeIgniter\CodeIgniter->runController(Object(App\Controllers\Home))
 5 SYSTEMPATH\CodeIgniter.php(355): CodeIgniter\CodeIgniter->handleRequest(null, Object(Config\Cache), false)
 6 SYSTEMPATH\Boot.php(312): CodeIgniter\CodeIgniter->run()
 7 SYSTEMPATH\Boot.php(67): CodeIgniter\Boot::runCodeIgniter(Object(CodeIgniter\CodeIgniter))
 8 FCPATH\index.php(56): CodeIgniter\Boot::bootWeb(Object(Config\Paths))
CRITICAL - 2024-11-14 02:45:15 --> [Caused by] CodeIgniter\Database\Exceptions\DatabaseException: pg_query(): Query failed: ERROR:  column &quot;doctor_id&quot; does not exist
LINE 4: AND &quot;doctor_id&quot; = 1
            ^
in SYSTEMPATH\Database\Postgre\Connection.php on line 198.
 1 SYSTEMPATH\Database\BaseConnection.php(722): CodeIgniter\Database\Postgre\Connection->execute('SELECT *
FROM "tbl_appointment"
WHERE "is_deleted" = \'N\'
AND "doctor_id" = 1
AND "branch_id" = 12
AND "appointment_status" = \'PE\'')
 2 SYSTEMPATH\Database\BaseConnection.php(636): CodeIgniter\Database\BaseConnection->simpleQuery('SELECT *
FROM "tbl_appointment"
WHERE "is_deleted" = \'N\'
AND "doctor_id" = 1
AND "branch_id" = 12
AND "appointment_status" = \'PE\'')
 3 SYSTEMPATH\Database\BaseBuilder.php(1629): CodeIgniter\Database\BaseConnection->query('SELECT *
FROM "tbl_appointment"
WHERE "is_deleted" = :is_deleted:
AND "doctor_id" = :doctor_id:
AND "branch_id" = :branch_id:
AND "appointment_status" = :appointment_status:', [...], false)
 4 APPPATH\Controllers\Home.php(535): CodeIgniter\Database\BaseBuilder->get()
 5 SYSTEMPATH\CodeIgniter.php(933): App\Controllers\Home->getFilteredAppointments('tbl_appointment')
 6 SYSTEMPATH\CodeIgniter.php(509): CodeIgniter\CodeIgniter->runController(Object(App\Controllers\Home))
 7 SYSTEMPATH\CodeIgniter.php(355): CodeIgniter\CodeIgniter->handleRequest(null, Object(Config\Cache), false)
 8 SYSTEMPATH\Boot.php(312): CodeIgniter\CodeIgniter->run()
 9 SYSTEMPATH\Boot.php(67): CodeIgniter\Boot::runCodeIgniter(Object(CodeIgniter\CodeIgniter))
10 FCPATH\index.php(56): CodeIgniter\Boot::bootWeb(Object(Config\Paths))
CRITICAL - 2024-11-14 02:45:15 --> [Caused by] ErrorException: pg_query(): Query failed: ERROR:  column &quot;doctor_id&quot; does not exist
LINE 4: AND &quot;doctor_id&quot; = 1
            ^
in SYSTEMPATH\Database\Postgre\Connection.php on line 193.
 1 [internal function]: CodeIgniter\Debug\Exceptions->errorHandler(2, 'pg_query(): Query failed: ERROR:  column &quot;doctor_id&quot; does not exist
LINE 4: AND &quot;doctor_id&quot; = 1
            ^', 'C:\\xampp\\htdocs\\OPDClinic\\system\\Database\\Postgre\\Connection.php', 193)
 2 SYSTEMPATH\Database\Postgre\Connection.php(193): pg_query(Object(PgSql\Connection), 'SELECT *
FROM "tbl_appointment"
WHERE "is_deleted" = \'N\'
AND "doctor_id" = 1
AND "branch_id" = 12
AND "appointment_status" = \'PE\'')
 3 SYSTEMPATH\Database\BaseConnection.php(722): CodeIgniter\Database\Postgre\Connection->execute('SELECT *
FROM "tbl_appointment"
WHERE "is_deleted" = \'N\'
AND "doctor_id" = 1
AND "branch_id" = 12
AND "appointment_status" = \'PE\'')
 4 SYSTEMPATH\Database\BaseConnection.php(636): CodeIgniter\Database\BaseConnection->simpleQuery('SELECT *
FROM "tbl_appointment"
WHERE "is_deleted" = \'N\'
AND "doctor_id" = 1
AND "branch_id" = 12
AND "appointment_status" = \'PE\'')
 5 SYSTEMPATH\Database\BaseBuilder.php(1629): CodeIgniter\Database\BaseConnection->query('SELECT *
FROM "tbl_appointment"
WHERE "is_deleted" = :is_deleted:
AND "doctor_id" = :doctor_id:
AND "branch_id" = :branch_id:
AND "appointment_status" = :appointment_status:', [...], false)
 6 APPPATH\Controllers\Home.php(535): CodeIgniter\Database\BaseBuilder->get()
 7 SYSTEMPATH\CodeIgniter.php(933): App\Controllers\Home->getFilteredAppointments('tbl_appointment')
 8 SYSTEMPATH\CodeIgniter.php(509): CodeIgniter\CodeIgniter->runController(Object(App\Controllers\Home))
 9 SYSTEMPATH\CodeIgniter.php(355): CodeIgniter\CodeIgniter->handleRequest(null, Object(Config\Cache), false)
10 SYSTEMPATH\Boot.php(312): CodeIgniter\CodeIgniter->run()
11 SYSTEMPATH\Boot.php(67): CodeIgniter\Boot::runCodeIgniter(Object(CodeIgniter\CodeIgniter))
12 FCPATH\index.php(56): CodeIgniter\Boot::bootWeb(Object(Config\Paths))
ERROR - 2024-11-14 02:45:15 --> ErrorException: pg_query(): Query failed: ERROR:  column &quot;doctor_id&quot; does not exist
LINE 4: AND &quot;doctor_id&quot; = 1
            ^ in C:\xampp\htdocs\OPDClinic\system\Database\Postgre\Connection.php:193
Stack trace:
#0 [internal function]: CodeIgniter\Debug\Exceptions->errorHandler(2, 'pg_query(): Que...', 'C:\\xampp\\htdocs...', 193)
#1 C:\xampp\htdocs\OPDClinic\system\Database\Postgre\Connection.php(193): pg_query(Object(PgSql\Connection), 'SELECT *\nFROM "...')
#2 C:\xampp\htdocs\OPDClinic\system\Database\BaseConnection.php(722): CodeIgniter\Database\Postgre\Connection->execute('SELECT *\nFROM "...')
#3 C:\xampp\htdocs\OPDClinic\system\Database\BaseConnection.php(636): CodeIgniter\Database\BaseConnection->simpleQuery('SELECT *\nFROM "...')
#4 C:\xampp\htdocs\OPDClinic\system\Database\BaseBuilder.php(1629): CodeIgniter\Database\BaseConnection->query('SELECT *\nFROM "...', Array, false)
#5 C:\xampp\htdocs\OPDClinic\app\Controllers\Home.php(535): CodeIgniter\Database\BaseBuilder->get()
#6 C:\xampp\htdocs\OPDClinic\system\CodeIgniter.php(933): App\Controllers\Home->getFilteredAppointments('tbl_appointment')
#7 C:\xampp\htdocs\OPDClinic\system\CodeIgniter.php(509): CodeIgniter\CodeIgniter->runController(Object(App\Controllers\Home))
#8 C:\xampp\htdocs\OPDClinic\system\CodeIgniter.php(355): CodeIgniter\CodeIgniter->handleRequest(NULL, Object(Config\Cache), false)
#9 C:\xampp\htdocs\OPDClinic\system\Boot.php(312): CodeIgniter\CodeIgniter->run()
#10 C:\xampp\htdocs\OPDClinic\system\Boot.php(67): CodeIgniter\Boot::runCodeIgniter(Object(CodeIgniter\CodeIgniter))
#11 C:\xampp\htdocs\OPDClinic\index.php(56): CodeIgniter\Boot::bootWeb(Object(Config\Paths))
#12 {main}
CRITICAL - 2024-11-14 02:45:15 --> CodeIgniter\Database\Exceptions\DatabaseException: pg_query(): Query failed: ERROR:  column &quot;doctor_id&quot; does not exist
LINE 4: AND &quot;doctor_id&quot; = 1
            ^
[Method: POST, Route: get_filtered_appointments/tbl_appointment]
in SYSTEMPATH\Database\BaseConnection.php on line 676.
 1 SYSTEMPATH\Database\BaseBuilder.php(1629): CodeIgniter\Database\BaseConnection->query('SELECT *
FROM "tbl_appointment"
WHERE "is_deleted" = :is_deleted:
AND "doctor_id" = :doctor_id:
AND "branch_id" = :branch_id:
AND "appointment_status" = :appointment_status:', [...], false)
 2 APPPATH\Controllers\Home.php(535): CodeIgniter\Database\BaseBuilder->get()
 3 SYSTEMPATH\CodeIgniter.php(933): App\Controllers\Home->getFilteredAppointments('tbl_appointment')
 4 SYSTEMPATH\CodeIgniter.php(509): CodeIgniter\CodeIgniter->runController(Object(App\Controllers\Home))
 5 SYSTEMPATH\CodeIgniter.php(355): CodeIgniter\CodeIgniter->handleRequest(null, Object(Config\Cache), false)
 6 SYSTEMPATH\Boot.php(312): CodeIgniter\CodeIgniter->run()
 7 SYSTEMPATH\Boot.php(67): CodeIgniter\Boot::runCodeIgniter(Object(CodeIgniter\CodeIgniter))
 8 FCPATH\index.php(56): CodeIgniter\Boot::bootWeb(Object(Config\Paths))
CRITICAL - 2024-11-14 02:45:15 --> [Caused by] CodeIgniter\Database\Exceptions\DatabaseException: pg_query(): Query failed: ERROR:  column &quot;doctor_id&quot; does not exist
LINE 4: AND &quot;doctor_id&quot; = 1
            ^
in SYSTEMPATH\Database\Postgre\Connection.php on line 198.
 1 SYSTEMPATH\Database\BaseConnection.php(722): CodeIgniter\Database\Postgre\Connection->execute('SELECT *
FROM "tbl_appointment"
WHERE "is_deleted" = \'N\'
AND "doctor_id" = 1
AND "branch_id" = 12
AND "appointment_status" = \'PE\'')
 2 SYSTEMPATH\Database\BaseConnection.php(636): CodeIgniter\Database\BaseConnection->simpleQuery('SELECT *
FROM "tbl_appointment"
WHERE "is_deleted" = \'N\'
AND "doctor_id" = 1
AND "branch_id" = 12
AND "appointment_status" = \'PE\'')
 3 SYSTEMPATH\Database\BaseBuilder.php(1629): CodeIgniter\Database\BaseConnection->query('SELECT *
FROM "tbl_appointment"
WHERE "is_deleted" = :is_deleted:
AND "doctor_id" = :doctor_id:
AND "branch_id" = :branch_id:
AND "appointment_status" = :appointment_status:', [...], false)
 4 APPPATH\Controllers\Home.php(535): CodeIgniter\Database\BaseBuilder->get()
 5 SYSTEMPATH\CodeIgniter.php(933): App\Controllers\Home->getFilteredAppointments('tbl_appointment')
 6 SYSTEMPATH\CodeIgniter.php(509): CodeIgniter\CodeIgniter->runController(Object(App\Controllers\Home))
 7 SYSTEMPATH\CodeIgniter.php(355): CodeIgniter\CodeIgniter->handleRequest(null, Object(Config\Cache), false)
 8 SYSTEMPATH\Boot.php(312): CodeIgniter\CodeIgniter->run()
 9 SYSTEMPATH\Boot.php(67): CodeIgniter\Boot::runCodeIgniter(Object(CodeIgniter\CodeIgniter))
10 FCPATH\index.php(56): CodeIgniter\Boot::bootWeb(Object(Config\Paths))
CRITICAL - 2024-11-14 02:45:15 --> [Caused by] ErrorException: pg_query(): Query failed: ERROR:  column &quot;doctor_id&quot; does not exist
LINE 4: AND &quot;doctor_id&quot; = 1
            ^
in SYSTEMPATH\Database\Postgre\Connection.php on line 193.
 1 [internal function]: CodeIgniter\Debug\Exceptions->errorHandler(2, 'pg_query(): Query failed: ERROR:  column &quot;doctor_id&quot; does not exist
LINE 4: AND &quot;doctor_id&quot; = 1
            ^', 'C:\\xampp\\htdocs\\OPDClinic\\system\\Database\\Postgre\\Connection.php', 193)
 2 SYSTEMPATH\Database\Postgre\Connection.php(193): pg_query(Object(PgSql\Connection), 'SELECT *
FROM "tbl_appointment"
WHERE "is_deleted" = \'N\'
AND "doctor_id" = 1
AND "branch_id" = 12
AND "appointment_status" = \'PE\'')
 3 SYSTEMPATH\Database\BaseConnection.php(722): CodeIgniter\Database\Postgre\Connection->execute('SELECT *
FROM "tbl_appointment"
WHERE "is_deleted" = \'N\'
AND "doctor_id" = 1
AND "branch_id" = 12
AND "appointment_status" = \'PE\'')
 4 SYSTEMPATH\Database\BaseConnection.php(636): CodeIgniter\Database\BaseConnection->simpleQuery('SELECT *
FROM "tbl_appointment"
WHERE "is_deleted" = \'N\'
AND "doctor_id" = 1
AND "branch_id" = 12
AND "appointment_status" = \'PE\'')
 5 SYSTEMPATH\Database\BaseBuilder.php(1629): CodeIgniter\Database\BaseConnection->query('SELECT *
FROM "tbl_appointment"
WHERE "is_deleted" = :is_deleted:
AND "doctor_id" = :doctor_id:
AND "branch_id" = :branch_id:
AND "appointment_status" = :appointment_status:', [...], false)
 6 APPPATH\Controllers\Home.php(535): CodeIgniter\Database\BaseBuilder->get()
 7 SYSTEMPATH\CodeIgniter.php(933): App\Controllers\Home->getFilteredAppointments('tbl_appointment')
 8 SYSTEMPATH\CodeIgniter.php(509): CodeIgniter\CodeIgniter->runController(Object(App\Controllers\Home))
 9 SYSTEMPATH\CodeIgniter.php(355): CodeIgniter\CodeIgniter->handleRequest(null, Object(Config\Cache), false)
10 SYSTEMPATH\Boot.php(312): CodeIgniter\CodeIgniter->run()
11 SYSTEMPATH\Boot.php(67): CodeIgniter\Boot::runCodeIgniter(Object(CodeIgniter\CodeIgniter))
12 FCPATH\index.php(56): CodeIgniter\Boot::bootWeb(Object(Config\Paths))
ERROR - 2024-11-14 02:45:17 --> ErrorException: pg_query(): Query failed: ERROR:  column &quot;doctor_id&quot; does not exist
LINE 4: AND &quot;doctor_id&quot; = 1
            ^ in C:\xampp\htdocs\OPDClinic\system\Database\Postgre\Connection.php:193
Stack trace:
#0 [internal function]: CodeIgniter\Debug\Exceptions->errorHandler(2, 'pg_query(): Que...', 'C:\\xampp\\htdocs...', 193)
#1 C:\xampp\htdocs\OPDClinic\system\Database\Postgre\Connection.php(193): pg_query(Object(PgSql\Connection), 'SELECT *\nFROM "...')
#2 C:\xampp\htdocs\OPDClinic\system\Database\BaseConnection.php(722): CodeIgniter\Database\Postgre\Connection->execute('SELECT *\nFROM "...')
#3 C:\xampp\htdocs\OPDClinic\system\Database\BaseConnection.php(636): CodeIgniter\Database\BaseConnection->simpleQuery('SELECT *\nFROM "...')
#4 C:\xampp\htdocs\OPDClinic\system\Database\BaseBuilder.php(1629): CodeIgniter\Database\BaseConnection->query('SELECT *\nFROM "...', Array, false)
#5 C:\xampp\htdocs\OPDClinic\app\Controllers\Home.php(535): CodeIgniter\Database\BaseBuilder->get()
#6 C:\xampp\htdocs\OPDClinic\system\CodeIgniter.php(933): App\Controllers\Home->getFilteredAppointments('tbl_appointment')
#7 C:\xampp\htdocs\OPDClinic\system\CodeIgniter.php(509): CodeIgniter\CodeIgniter->runController(Object(App\Controllers\Home))
#8 C:\xampp\htdocs\OPDClinic\system\CodeIgniter.php(355): CodeIgniter\CodeIgniter->handleRequest(NULL, Object(Config\Cache), false)
#9 C:\xampp\htdocs\OPDClinic\system\Boot.php(312): CodeIgniter\CodeIgniter->run()
#10 C:\xampp\htdocs\OPDClinic\system\Boot.php(67): CodeIgniter\Boot::runCodeIgniter(Object(CodeIgniter\CodeIgniter))
#11 C:\xampp\htdocs\OPDClinic\index.php(56): CodeIgniter\Boot::bootWeb(Object(Config\Paths))
#12 {main}
CRITICAL - 2024-11-14 02:45:17 --> CodeIgniter\Database\Exceptions\DatabaseException: pg_query(): Query failed: ERROR:  column &quot;doctor_id&quot; does not exist
LINE 4: AND &quot;doctor_id&quot; = 1
            ^
[Method: POST, Route: get_filtered_appointments/tbl_appointment]
in SYSTEMPATH\Database\BaseConnection.php on line 676.
 1 SYSTEMPATH\Database\BaseBuilder.php(1629): CodeIgniter\Database\BaseConnection->query('SELECT *
FROM "tbl_appointment"
WHERE "is_deleted" = :is_deleted:
AND "doctor_id" = :doctor_id:
AND "branch_id" = :branch_id:
AND "appointment_status" = :appointment_status:', [...], false)
 2 APPPATH\Controllers\Home.php(535): CodeIgniter\Database\BaseBuilder->get()
 3 SYSTEMPATH\CodeIgniter.php(933): App\Controllers\Home->getFilteredAppointments('tbl_appointment')
 4 SYSTEMPATH\CodeIgniter.php(509): CodeIgniter\CodeIgniter->runController(Object(App\Controllers\Home))
 5 SYSTEMPATH\CodeIgniter.php(355): CodeIgniter\CodeIgniter->handleRequest(null, Object(Config\Cache), false)
 6 SYSTEMPATH\Boot.php(312): CodeIgniter\CodeIgniter->run()
 7 SYSTEMPATH\Boot.php(67): CodeIgniter\Boot::runCodeIgniter(Object(CodeIgniter\CodeIgniter))
 8 FCPATH\index.php(56): CodeIgniter\Boot::bootWeb(Object(Config\Paths))
CRITICAL - 2024-11-14 02:45:17 --> [Caused by] CodeIgniter\Database\Exceptions\DatabaseException: pg_query(): Query failed: ERROR:  column &quot;doctor_id&quot; does not exist
LINE 4: AND &quot;doctor_id&quot; = 1
            ^
in SYSTEMPATH\Database\Postgre\Connection.php on line 198.
 1 SYSTEMPATH\Database\BaseConnection.php(722): CodeIgniter\Database\Postgre\Connection->execute('SELECT *
FROM "tbl_appointment"
WHERE "is_deleted" = \'N\'
AND "doctor_id" = 1
AND "branch_id" = 12
AND "appointment_status" = \'PE\'')
 2 SYSTEMPATH\Database\BaseConnection.php(636): CodeIgniter\Database\BaseConnection->simpleQuery('SELECT *
FROM "tbl_appointment"
WHERE "is_deleted" = \'N\'
AND "doctor_id" = 1
AND "branch_id" = 12
AND "appointment_status" = \'PE\'')
 3 SYSTEMPATH\Database\BaseBuilder.php(1629): CodeIgniter\Database\BaseConnection->query('SELECT *
FROM "tbl_appointment"
WHERE "is_deleted" = :is_deleted:
AND "doctor_id" = :doctor_id:
AND "branch_id" = :branch_id:
AND "appointment_status" = :appointment_status:', [...], false)
 4 APPPATH\Controllers\Home.php(535): CodeIgniter\Database\BaseBuilder->get()
 5 SYSTEMPATH\CodeIgniter.php(933): App\Controllers\Home->getFilteredAppointments('tbl_appointment')
 6 SYSTEMPATH\CodeIgniter.php(509): CodeIgniter\CodeIgniter->runController(Object(App\Controllers\Home))
 7 SYSTEMPATH\CodeIgniter.php(355): CodeIgniter\CodeIgniter->handleRequest(null, Object(Config\Cache), false)
 8 SYSTEMPATH\Boot.php(312): CodeIgniter\CodeIgniter->run()
 9 SYSTEMPATH\Boot.php(67): CodeIgniter\Boot::runCodeIgniter(Object(CodeIgniter\CodeIgniter))
10 FCPATH\index.php(56): CodeIgniter\Boot::bootWeb(Object(Config\Paths))
CRITICAL - 2024-11-14 02:45:17 --> [Caused by] ErrorException: pg_query(): Query failed: ERROR:  column &quot;doctor_id&quot; does not exist
LINE 4: AND &quot;doctor_id&quot; = 1
            ^
in SYSTEMPATH\Database\Postgre\Connection.php on line 193.
 1 [internal function]: CodeIgniter\Debug\Exceptions->errorHandler(2, 'pg_query(): Query failed: ERROR:  column &quot;doctor_id&quot; does not exist
LINE 4: AND &quot;doctor_id&quot; = 1
            ^', 'C:\\xampp\\htdocs\\OPDClinic\\system\\Database\\Postgre\\Connection.php', 193)
 2 SYSTEMPATH\Database\Postgre\Connection.php(193): pg_query(Object(PgSql\Connection), 'SELECT *
FROM "tbl_appointment"
WHERE "is_deleted" = \'N\'
AND "doctor_id" = 1
AND "branch_id" = 12
AND "appointment_status" = \'PE\'')
 3 SYSTEMPATH\Database\BaseConnection.php(722): CodeIgniter\Database\Postgre\Connection->execute('SELECT *
FROM "tbl_appointment"
WHERE "is_deleted" = \'N\'
AND "doctor_id" = 1
AND "branch_id" = 12
AND "appointment_status" = \'PE\'')
 4 SYSTEMPATH\Database\BaseConnection.php(636): CodeIgniter\Database\BaseConnection->simpleQuery('SELECT *
FROM "tbl_appointment"
WHERE "is_deleted" = \'N\'
AND "doctor_id" = 1
AND "branch_id" = 12
AND "appointment_status" = \'PE\'')
 5 SYSTEMPATH\Database\BaseBuilder.php(1629): CodeIgniter\Database\BaseConnection->query('SELECT *
FROM "tbl_appointment"
WHERE "is_deleted" = :is_deleted:
AND "doctor_id" = :doctor_id:
AND "branch_id" = :branch_id:
AND "appointment_status" = :appointment_status:', [...], false)
 6 APPPATH\Controllers\Home.php(535): CodeIgniter\Database\BaseBuilder->get()
 7 SYSTEMPATH\CodeIgniter.php(933): App\Controllers\Home->getFilteredAppointments('tbl_appointment')
 8 SYSTEMPATH\CodeIgniter.php(509): CodeIgniter\CodeIgniter->runController(Object(App\Controllers\Home))
 9 SYSTEMPATH\CodeIgniter.php(355): CodeIgniter\CodeIgniter->handleRequest(null, Object(Config\Cache), false)
10 SYSTEMPATH\Boot.php(312): CodeIgniter\CodeIgniter->run()
11 SYSTEMPATH\Boot.php(67): CodeIgniter\Boot::runCodeIgniter(Object(CodeIgniter\CodeIgniter))
12 FCPATH\index.php(56): CodeIgniter\Boot::bootWeb(Object(Config\Paths))
ERROR - 2024-11-14 02:46:04 --> ErrorException: pg_query(): Query failed: ERROR:  column &quot;doctor_id&quot; does not exist
LINE 4: AND &quot;doctor_id&quot; = 1
            ^ in C:\xampp\htdocs\OPDClinic\system\Database\Postgre\Connection.php:193
Stack trace:
#0 [internal function]: CodeIgniter\Debug\Exceptions->errorHandler(2, 'pg_query(): Que...', 'C:\\xampp\\htdocs...', 193)
#1 C:\xampp\htdocs\OPDClinic\system\Database\Postgre\Connection.php(193): pg_query(Object(PgSql\Connection), 'SELECT *\nFROM "...')
#2 C:\xampp\htdocs\OPDClinic\system\Database\BaseConnection.php(722): CodeIgniter\Database\Postgre\Connection->execute('SELECT *\nFROM "...')
#3 C:\xampp\htdocs\OPDClinic\system\Database\BaseConnection.php(636): CodeIgniter\Database\BaseConnection->simpleQuery('SELECT *\nFROM "...')
#4 C:\xampp\htdocs\OPDClinic\system\Database\BaseBuilder.php(1629): CodeIgniter\Database\BaseConnection->query('SELECT *\nFROM "...', Array, false)
#5 C:\xampp\htdocs\OPDClinic\app\Controllers\Home.php(535): CodeIgniter\Database\BaseBuilder->get()
#6 C:\xampp\htdocs\OPDClinic\system\CodeIgniter.php(933): App\Controllers\Home->getFilteredAppointments('tbl_appointment')
#7 C:\xampp\htdocs\OPDClinic\system\CodeIgniter.php(509): CodeIgniter\CodeIgniter->runController(Object(App\Controllers\Home))
#8 C:\xampp\htdocs\OPDClinic\system\CodeIgniter.php(355): CodeIgniter\CodeIgniter->handleRequest(NULL, Object(Config\Cache), false)
#9 C:\xampp\htdocs\OPDClinic\system\Boot.php(312): CodeIgniter\CodeIgniter->run()
#10 C:\xampp\htdocs\OPDClinic\system\Boot.php(67): CodeIgniter\Boot::runCodeIgniter(Object(CodeIgniter\CodeIgniter))
#11 C:\xampp\htdocs\OPDClinic\index.php(56): CodeIgniter\Boot::bootWeb(Object(Config\Paths))
#12 {main}
CRITICAL - 2024-11-14 02:46:04 --> CodeIgniter\Database\Exceptions\DatabaseException: pg_query(): Query failed: ERROR:  column &quot;doctor_id&quot; does not exist
LINE 4: AND &quot;doctor_id&quot; = 1
            ^
[Method: POST, Route: get_filtered_appointments/tbl_appointment]
in SYSTEMPATH\Database\BaseConnection.php on line 676.
 1 SYSTEMPATH\Database\BaseBuilder.php(1629): CodeIgniter\Database\BaseConnection->query('SELECT *
FROM "tbl_appointment"
WHERE "is_deleted" = :is_deleted:
AND "doctor_id" = :doctor_id:
AND "branch_id" = :branch_id:
AND "appointment_status" = :appointment_status:', [...], false)
 2 APPPATH\Controllers\Home.php(535): CodeIgniter\Database\BaseBuilder->get()
 3 SYSTEMPATH\CodeIgniter.php(933): App\Controllers\Home->getFilteredAppointments('tbl_appointment')
 4 SYSTEMPATH\CodeIgniter.php(509): CodeIgniter\CodeIgniter->runController(Object(App\Controllers\Home))
 5 SYSTEMPATH\CodeIgniter.php(355): CodeIgniter\CodeIgniter->handleRequest(null, Object(Config\Cache), false)
 6 SYSTEMPATH\Boot.php(312): CodeIgniter\CodeIgniter->run()
 7 SYSTEMPATH\Boot.php(67): CodeIgniter\Boot::runCodeIgniter(Object(CodeIgniter\CodeIgniter))
 8 FCPATH\index.php(56): CodeIgniter\Boot::bootWeb(Object(Config\Paths))
CRITICAL - 2024-11-14 02:46:04 --> [Caused by] CodeIgniter\Database\Exceptions\DatabaseException: pg_query(): Query failed: ERROR:  column &quot;doctor_id&quot; does not exist
LINE 4: AND &quot;doctor_id&quot; = 1
            ^
in SYSTEMPATH\Database\Postgre\Connection.php on line 198.
 1 SYSTEMPATH\Database\BaseConnection.php(722): CodeIgniter\Database\Postgre\Connection->execute('SELECT *
FROM "tbl_appointment"
WHERE "is_deleted" = \'N\'
AND "doctor_id" = 1
AND "branch_id" = 12
AND "appointment_status" = \'PE\'')
 2 SYSTEMPATH\Database\BaseConnection.php(636): CodeIgniter\Database\BaseConnection->simpleQuery('SELECT *
FROM "tbl_appointment"
WHERE "is_deleted" = \'N\'
AND "doctor_id" = 1
AND "branch_id" = 12
AND "appointment_status" = \'PE\'')
 3 SYSTEMPATH\Database\BaseBuilder.php(1629): CodeIgniter\Database\BaseConnection->query('SELECT *
FROM "tbl_appointment"
WHERE "is_deleted" = :is_deleted:
AND "doctor_id" = :doctor_id:
AND "branch_id" = :branch_id:
AND "appointment_status" = :appointment_status:', [...], false)
 4 APPPATH\Controllers\Home.php(535): CodeIgniter\Database\BaseBuilder->get()
 5 SYSTEMPATH\CodeIgniter.php(933): App\Controllers\Home->getFilteredAppointments('tbl_appointment')
 6 SYSTEMPATH\CodeIgniter.php(509): CodeIgniter\CodeIgniter->runController(Object(App\Controllers\Home))
 7 SYSTEMPATH\CodeIgniter.php(355): CodeIgniter\CodeIgniter->handleRequest(null, Object(Config\Cache), false)
 8 SYSTEMPATH\Boot.php(312): CodeIgniter\CodeIgniter->run()
 9 SYSTEMPATH\Boot.php(67): CodeIgniter\Boot::runCodeIgniter(Object(CodeIgniter\CodeIgniter))
10 FCPATH\index.php(56): CodeIgniter\Boot::bootWeb(Object(Config\Paths))
CRITICAL - 2024-11-14 02:46:04 --> [Caused by] ErrorException: pg_query(): Query failed: ERROR:  column &quot;doctor_id&quot; does not exist
LINE 4: AND &quot;doctor_id&quot; = 1
            ^
in SYSTEMPATH\Database\Postgre\Connection.php on line 193.
 1 [internal function]: CodeIgniter\Debug\Exceptions->errorHandler(2, 'pg_query(): Query failed: ERROR:  column &quot;doctor_id&quot; does not exist
LINE 4: AND &quot;doctor_id&quot; = 1
            ^', 'C:\\xampp\\htdocs\\OPDClinic\\system\\Database\\Postgre\\Connection.php', 193)
 2 SYSTEMPATH\Database\Postgre\Connection.php(193): pg_query(Object(PgSql\Connection), 'SELECT *
FROM "tbl_appointment"
WHERE "is_deleted" = \'N\'
AND "doctor_id" = 1
AND "branch_id" = 12
AND "appointment_status" = \'PE\'')
 3 SYSTEMPATH\Database\BaseConnection.php(722): CodeIgniter\Database\Postgre\Connection->execute('SELECT *
FROM "tbl_appointment"
WHERE "is_deleted" = \'N\'
AND "doctor_id" = 1
AND "branch_id" = 12
AND "appointment_status" = \'PE\'')
 4 SYSTEMPATH\Database\BaseConnection.php(636): CodeIgniter\Database\BaseConnection->simpleQuery('SELECT *
FROM "tbl_appointment"
WHERE "is_deleted" = \'N\'
AND "doctor_id" = 1
AND "branch_id" = 12
AND "appointment_status" = \'PE\'')
 5 SYSTEMPATH\Database\BaseBuilder.php(1629): CodeIgniter\Database\BaseConnection->query('SELECT *
FROM "tbl_appointment"
WHERE "is_deleted" = :is_deleted:
AND "doctor_id" = :doctor_id:
AND "branch_id" = :branch_id:
AND "appointment_status" = :appointment_status:', [...], false)
 6 APPPATH\Controllers\Home.php(535): CodeIgniter\Database\BaseBuilder->get()
 7 SYSTEMPATH\CodeIgniter.php(933): App\Controllers\Home->getFilteredAppointments('tbl_appointment')
 8 SYSTEMPATH\CodeIgniter.php(509): CodeIgniter\CodeIgniter->runController(Object(App\Controllers\Home))
 9 SYSTEMPATH\CodeIgniter.php(355): CodeIgniter\CodeIgniter->handleRequest(null, Object(Config\Cache), false)
10 SYSTEMPATH\Boot.php(312): CodeIgniter\CodeIgniter->run()
11 SYSTEMPATH\Boot.php(67): CodeIgniter\Boot::runCodeIgniter(Object(CodeIgniter\CodeIgniter))
12 FCPATH\index.php(56): CodeIgniter\Boot::bootWeb(Object(Config\Paths))
INFO - 2024-11-14 05:15:49 --> Fetching appointments with parameters: consultantId=1, branchId=1, appointmentStatus=PE
INFO - 2024-11-14 05:48:07 --> Fetching appointments with parameters: consultantId=1, branchId=11, appointmentStatus=PE
INFO - 2024-11-14 05:48:09 --> Consultant Name: Exercise
INFO - 2024-11-14 05:48:09 --> Query Result: []
INFO - 2024-11-14 05:48:15 --> Fetching appointments with parameters: consultantId=1, branchId=1, appointmentStatus=PE
INFO - 2024-11-14 05:48:16 --> Consultant Name: Exercise
INFO - 2024-11-14 05:48:17 --> Query Result: [{"id":"9","branch":"1","hawservices":null,"consultant":null,"healthissues":null,"dates":"2024-12-09","full_name":"Priyanka","age":"23","mobile_no":"7588525387","email_id":"sid@g.com","locations":"vdfv trg","slot":"2","subscription":null,"plan":"custom","subscriptiontype":"7 Days","startdate":"2024-12-09","section":"6","created_at":"2024-11-13 12:19:44.955639","is_deleted":"N","payment_status":null,"appointment_status":"PE","price":null,"branch_name":"Moshi, Pimpri-Chinchwad","consultant_name":null},{"id":"10","branch":"1","hawservices":null,"consultant":null,"healthissues":null,"dates":"2024-12-13","full_name":"Priyanka","age":"23","mobile_no":"7588525387","email_id":"sid@g.com","locations":"vdfv trg","slot":"10","subscription":null,"plan":"custom","subscriptiontype":"7 Days","startdate":"2024-12-09","section":"6","created_at":"2024-11-13 12:19:44.955639","is_deleted":"N","payment_status":null,"appointment_status":"PE","price":null,"branch_name":"Moshi, Pimpri-Chinchwad","consultant_name":null},{"id":"11","branch":"1","hawservices":null,"consultant":null,"healthissues":null,"dates":"2024-12-16","full_name":"Priyanka","age":"23","mobile_no":"7588525387","email_id":"sid@g.com","locations":"vdfv trg","slot":"2","subscription":null,"plan":"custom","subscriptiontype":"7 Days","startdate":"2024-12-09","section":"6","created_at":"2024-11-13 12:19:44.955639","is_deleted":"N","payment_status":null,"appointment_status":"PE","price":null,"branch_name":"Moshi, Pimpri-Chinchwad","consultant_name":null},{"id":"12","branch":"1","hawservices":null,"consultant":null,"healthissues":null,"dates":"2024-12-20","full_name":"Priyanka","age":"23","mobile_no":"7588525387","email_id":"sid@g.com","locations":"vdfv trg","slot":"10","subscription":null,"plan":"custom","subscriptiontype":"7 Days","startdate":"2024-12-09","section":"6","created_at":"2024-11-13 12:19:44.955639","is_deleted":"N","payment_status":null,"appointment_status":"PE","price":null,"branch_name":"Moshi, Pimpri-Chinchwad","consultant_name":null},{"id":"13","branch":"1","hawservices":null,"consultant":null,"healthissues":null,"dates":"2024-12-23","full_name":"Priyanka","age":"23","mobile_no":"7588525387","email_id":"sid@g.com","locations":"vdfv trg","slot":"2","subscription":null,"plan":"custom","subscriptiontype":"7 Days","startdate":"2024-12-09","section":"6","created_at":"2024-11-13 12:19:44.955639","is_deleted":"N","payment_status":null,"appointment_status":"PE","price":null,"branch_name":"Moshi, Pimpri-Chinchwad","consultant_name":null},{"id":"14","branch":"1","hawservices":null,"consultant":null,"healthissues":null,"dates":"2024-12-27","full_name":"Priyanka","age":"23","mobile_no":"7588525387","email_id":"sid@g.com","locations":"vdfv trg","slot":"10","subscription":null,"plan":"custom","subscriptiontype":"7 Days","startdate":"2024-12-09","section":"6","created_at":"2024-11-13 12:19:44.955639","is_deleted":"N","payment_status":null,"appointment_status":"PE","price":null,"branch_name":"Moshi, Pimpri-Chinchwad","consultant_name":null},{"id":"15","branch":"1","hawservices":null,"consultant":null,"healthissues":null,"dates":"2024-12-30","full_name":"Priyanka","age":"23","mobile_no":"7588525387","email_id":"sid@g.com","locations":"vdfv trg","slot":"2","subscription":null,"plan":"custom","subscriptiontype":"7 Days","startdate":"2024-12-09","section":"6","created_at":"2024-11-13 12:19:44.955639","is_deleted":"N","payment_status":null,"appointment_status":"PE","price":null,"branch_name":"Moshi, Pimpri-Chinchwad","consultant_name":null}]
INFO - 2024-11-14 05:48:31 --> Fetching appointments with parameters: consultantId=3, branchId=1, appointmentStatus=PE
INFO - 2024-11-14 05:48:33 --> Consultant Name: siddhesh kadge
INFO - 2024-11-14 05:48:33 --> Query Result: [{"id":"16","branch":"1","hawservices":"","consultant":"3","healthissues":"test","dates":"2024-11-14","full_name":"test ","age":"25","mobile_no":"1020301020","email_id":"test.@co","locations":"xxx","slot":"49","subscription":"","plan":"daily","subscriptiontype":"","startdate":"2024-11-14","section":"3","created_at":"2024-11-14 02:56:10.605492","is_deleted":"N","payment_status":null,"appointment_status":"PE","price":null,"branch_name":"Moshi, Pimpri-Chinchwad","consultant_name":"siddhesh kadge"}]
INFO - 2024-11-14 06:01:21 --> Fetching appointments with parameters: consultantId=1, branchId=1, appointmentStatus=CN
INFO - 2024-11-14 06:01:22 --> Consultant Name: Exercise
INFO - 2024-11-14 06:01:23 --> Query Result: []
INFO - 2024-11-14 06:14:56 --> Fetching appointments with parameters: consultantId=1, branchId=1, appointmentStatus=all
INFO - 2024-11-14 06:14:58 --> Consultant Name: Exercise
INFO - 2024-11-14 06:14:58 --> Query Result: [{"id":"9","branch":"1","hawservices":null,"consultant":null,"healthissues":null,"dates":"2024-12-09","full_name":"Priyanka","age":"23","mobile_no":"7588525387","email_id":"sid@g.com","locations":"vdfv trg","slot":"2","subscription":null,"plan":"custom","subscriptiontype":"7 Days","startdate":"2024-12-09","section":"6","created_at":"2024-11-13 12:19:44.955639","is_deleted":"N","payment_status":null,"appointment_status":"PE","price":null,"branch_name":"Moshi, Pimpri-Chinchwad","consultant_name":null},{"id":"10","branch":"1","hawservices":null,"consultant":null,"healthissues":null,"dates":"2024-12-13","full_name":"Priyanka","age":"23","mobile_no":"7588525387","email_id":"sid@g.com","locations":"vdfv trg","slot":"10","subscription":null,"plan":"custom","subscriptiontype":"7 Days","startdate":"2024-12-09","section":"6","created_at":"2024-11-13 12:19:44.955639","is_deleted":"N","payment_status":null,"appointment_status":"PE","price":null,"branch_name":"Moshi, Pimpri-Chinchwad","consultant_name":null},{"id":"11","branch":"1","hawservices":null,"consultant":null,"healthissues":null,"dates":"2024-12-16","full_name":"Priyanka","age":"23","mobile_no":"7588525387","email_id":"sid@g.com","locations":"vdfv trg","slot":"2","subscription":null,"plan":"custom","subscriptiontype":"7 Days","startdate":"2024-12-09","section":"6","created_at":"2024-11-13 12:19:44.955639","is_deleted":"N","payment_status":null,"appointment_status":"PE","price":null,"branch_name":"Moshi, Pimpri-Chinchwad","consultant_name":null},{"id":"12","branch":"1","hawservices":null,"consultant":null,"healthissues":null,"dates":"2024-12-20","full_name":"Priyanka","age":"23","mobile_no":"7588525387","email_id":"sid@g.com","locations":"vdfv trg","slot":"10","subscription":null,"plan":"custom","subscriptiontype":"7 Days","startdate":"2024-12-09","section":"6","created_at":"2024-11-13 12:19:44.955639","is_deleted":"N","payment_status":null,"appointment_status":"PE","price":null,"branch_name":"Moshi, Pimpri-Chinchwad","consultant_name":null},{"id":"13","branch":"1","hawservices":null,"consultant":null,"healthissues":null,"dates":"2024-12-23","full_name":"Priyanka","age":"23","mobile_no":"7588525387","email_id":"sid@g.com","locations":"vdfv trg","slot":"2","subscription":null,"plan":"custom","subscriptiontype":"7 Days","startdate":"2024-12-09","section":"6","created_at":"2024-11-13 12:19:44.955639","is_deleted":"N","payment_status":null,"appointment_status":"PE","price":null,"branch_name":"Moshi, Pimpri-Chinchwad","consultant_name":null},{"id":"14","branch":"1","hawservices":null,"consultant":null,"healthissues":null,"dates":"2024-12-27","full_name":"Priyanka","age":"23","mobile_no":"7588525387","email_id":"sid@g.com","locations":"vdfv trg","slot":"10","subscription":null,"plan":"custom","subscriptiontype":"7 Days","startdate":"2024-12-09","section":"6","created_at":"2024-11-13 12:19:44.955639","is_deleted":"N","payment_status":null,"appointment_status":"PE","price":null,"branch_name":"Moshi, Pimpri-Chinchwad","consultant_name":null},{"id":"15","branch":"1","hawservices":null,"consultant":null,"healthissues":null,"dates":"2024-12-30","full_name":"Priyanka","age":"23","mobile_no":"7588525387","email_id":"sid@g.com","locations":"vdfv trg","slot":"2","subscription":null,"plan":"custom","subscriptiontype":"7 Days","startdate":"2024-12-09","section":"6","created_at":"2024-11-13 12:19:44.955639","is_deleted":"N","payment_status":null,"appointment_status":"PE","price":null,"branch_name":"Moshi, Pimpri-Chinchwad","consultant_name":null},{"id":"17","branch":"1","hawservices":null,"consultant":null,"healthissues":null,"dates":"2024-11-18","full_name":"Siddhesh","age":"23","mobile_no":"7588525387","email_id":"sid@g.com","locations":"fffsg","slot":"3","subscription":null,"plan":"custom","subscriptiontype":"7 Days","startdate":"2024-11-15","section":"6","created_at":"2024-11-14 05:48:12.721184","is_deleted":"N","payment_status":null,"appointment_status":"PE","price":null,"branch_name":"Moshi, Pimpri-Chinchwad","consultant_name":null},{"id":"18","branch":"1","hawservices":null,"consultant":null,"healthissues":null,"dates":"2024-11-22","full_name":"Siddhesh","age":"23","mobile_no":"7588525387","email_id":"sid@g.com","locations":"fffsg","slot":"11","subscription":null,"plan":"custom","subscriptiontype":"7 Days","startdate":"2024-11-15","section":"6","created_at":"2024-11-14 05:48:12.721184","is_deleted":"N","payment_status":null,"appointment_status":"PE","price":null,"branch_name":"Moshi, Pimpri-Chinchwad","consultant_name":null},{"id":"19","branch":"1","hawservices":null,"consultant":null,"healthissues":null,"dates":"2024-11-25","full_name":"Siddhesh","age":"23","mobile_no":"7588525387","email_id":"sid@g.com","locations":"fffsg","slot":"3","subscription":null,"plan":"custom","subscriptiontype":"7 Days","startdate":"2024-11-15","section":"6","created_at":"2024-11-14 05:48:12.721184","is_deleted":"N","payment_status":null,"appointment_status":"PE","price":null,"branch_name":"Moshi, Pimpri-Chinchwad","consultant_name":null},{"id":"20","branch":"1","hawservices":null,"consultant":null,"healthissues":null,"dates":"2024-11-29","full_name":"Siddhesh","age":"23","mobile_no":"7588525387","email_id":"sid@g.com","locations":"fffsg","slot":"11","subscription":null,"plan":"custom","subscriptiontype":"7 Days","startdate":"2024-11-15","section":"6","created_at":"2024-11-14 05:48:12.721184","is_deleted":"N","payment_status":null,"appointment_status":"PE","price":null,"branch_name":"Moshi, Pimpri-Chinchwad","consultant_name":null},{"id":"21","branch":"1","hawservices":null,"consultant":null,"healthissues":null,"dates":"2024-12-02","full_name":"Siddhesh","age":"23","mobile_no":"7588525387","email_id":"sid@g.com","locations":"fffsg","slot":"3","subscription":null,"plan":"custom","subscriptiontype":"7 Days","startdate":"2024-11-15","section":"6","created_at":"2024-11-14 05:48:12.721184","is_deleted":"N","payment_status":null,"appointment_status":"PE","price":null,"branch_name":"Moshi, Pimpri-Chinchwad","consultant_name":null},{"id":"22","branch":"1","hawservices":null,"consultant":null,"healthissues":null,"dates":"2024-12-06","full_name":"Siddhesh","age":"23","mobile_no":"7588525387","email_id":"sid@g.com","locations":"fffsg","slot":"11","subscription":null,"plan":"custom","subscriptiontype":"7 Days","startdate":"2024-11-15","section":"6","created_at":"2024-11-14 05:48:12.721184","is_deleted":"N","payment_status":null,"appointment_status":"PE","price":null,"branch_name":"Moshi, Pimpri-Chinchwad","consultant_name":null},{"id":"23","branch":"1","hawservices":null,"consultant":null,"healthissues":null,"dates":"2024-12-09","full_name":"Siddhesh","age":"23","mobile_no":"7588525387","email_id":"sid@g.com","locations":"fffsg","slot":"3","subscription":null,"plan":"custom","subscriptiontype":"7 Days","startdate":"2024-11-15","section":"6","created_at":"2024-11-14 05:48:12.721184","is_deleted":"N","payment_status":null,"appointment_status":"PE","price":null,"branch_name":"Moshi, Pimpri-Chinchwad","consultant_name":null}]
INFO - 2024-11-14 06:15:03 --> Fetching appointments with parameters: consultantId=1, branchId=1, appointmentStatus=all
INFO - 2024-11-14 06:15:05 --> Consultant Name: Exercise
INFO - 2024-11-14 06:15:05 --> Query Result: [{"id":"9","branch":"1","hawservices":null,"consultant":null,"healthissues":null,"dates":"2024-12-09","full_name":"Priyanka","age":"23","mobile_no":"7588525387","email_id":"sid@g.com","locations":"vdfv trg","slot":"2","subscription":null,"plan":"custom","subscriptiontype":"7 Days","startdate":"2024-12-09","section":"6","created_at":"2024-11-13 12:19:44.955639","is_deleted":"N","payment_status":null,"appointment_status":"PE","price":null,"branch_name":"Moshi, Pimpri-Chinchwad","consultant_name":null},{"id":"10","branch":"1","hawservices":null,"consultant":null,"healthissues":null,"dates":"2024-12-13","full_name":"Priyanka","age":"23","mobile_no":"7588525387","email_id":"sid@g.com","locations":"vdfv trg","slot":"10","subscription":null,"plan":"custom","subscriptiontype":"7 Days","startdate":"2024-12-09","section":"6","created_at":"2024-11-13 12:19:44.955639","is_deleted":"N","payment_status":null,"appointment_status":"PE","price":null,"branch_name":"Moshi, Pimpri-Chinchwad","consultant_name":null},{"id":"11","branch":"1","hawservices":null,"consultant":null,"healthissues":null,"dates":"2024-12-16","full_name":"Priyanka","age":"23","mobile_no":"7588525387","email_id":"sid@g.com","locations":"vdfv trg","slot":"2","subscription":null,"plan":"custom","subscriptiontype":"7 Days","startdate":"2024-12-09","section":"6","created_at":"2024-11-13 12:19:44.955639","is_deleted":"N","payment_status":null,"appointment_status":"PE","price":null,"branch_name":"Moshi, Pimpri-Chinchwad","consultant_name":null},{"id":"12","branch":"1","hawservices":null,"consultant":null,"healthissues":null,"dates":"2024-12-20","full_name":"Priyanka","age":"23","mobile_no":"7588525387","email_id":"sid@g.com","locations":"vdfv trg","slot":"10","subscription":null,"plan":"custom","subscriptiontype":"7 Days","startdate":"2024-12-09","section":"6","created_at":"2024-11-13 12:19:44.955639","is_deleted":"N","payment_status":null,"appointment_status":"PE","price":null,"branch_name":"Moshi, Pimpri-Chinchwad","consultant_name":null},{"id":"13","branch":"1","hawservices":null,"consultant":null,"healthissues":null,"dates":"2024-12-23","full_name":"Priyanka","age":"23","mobile_no":"7588525387","email_id":"sid@g.com","locations":"vdfv trg","slot":"2","subscription":null,"plan":"custom","subscriptiontype":"7 Days","startdate":"2024-12-09","section":"6","created_at":"2024-11-13 12:19:44.955639","is_deleted":"N","payment_status":null,"appointment_status":"PE","price":null,"branch_name":"Moshi, Pimpri-Chinchwad","consultant_name":null},{"id":"14","branch":"1","hawservices":null,"consultant":null,"healthissues":null,"dates":"2024-12-27","full_name":"Priyanka","age":"23","mobile_no":"7588525387","email_id":"sid@g.com","locations":"vdfv trg","slot":"10","subscription":null,"plan":"custom","subscriptiontype":"7 Days","startdate":"2024-12-09","section":"6","created_at":"2024-11-13 12:19:44.955639","is_deleted":"N","payment_status":null,"appointment_status":"PE","price":null,"branch_name":"Moshi, Pimpri-Chinchwad","consultant_name":null},{"id":"15","branch":"1","hawservices":null,"consultant":null,"healthissues":null,"dates":"2024-12-30","full_name":"Priyanka","age":"23","mobile_no":"7588525387","email_id":"sid@g.com","locations":"vdfv trg","slot":"2","subscription":null,"plan":"custom","subscriptiontype":"7 Days","startdate":"2024-12-09","section":"6","created_at":"2024-11-13 12:19:44.955639","is_deleted":"N","payment_status":null,"appointment_status":"PE","price":null,"branch_name":"Moshi, Pimpri-Chinchwad","consultant_name":null},{"id":"17","branch":"1","hawservices":null,"consultant":null,"healthissues":null,"dates":"2024-11-18","full_name":"Siddhesh","age":"23","mobile_no":"7588525387","email_id":"sid@g.com","locations":"fffsg","slot":"3","subscription":null,"plan":"custom","subscriptiontype":"7 Days","startdate":"2024-11-15","section":"6","created_at":"2024-11-14 05:48:12.721184","is_deleted":"N","payment_status":null,"appointment_status":"PE","price":null,"branch_name":"Moshi, Pimpri-Chinchwad","consultant_name":null},{"id":"18","branch":"1","hawservices":null,"consultant":null,"healthissues":null,"dates":"2024-11-22","full_name":"Siddhesh","age":"23","mobile_no":"7588525387","email_id":"sid@g.com","locations":"fffsg","slot":"11","subscription":null,"plan":"custom","subscriptiontype":"7 Days","startdate":"2024-11-15","section":"6","created_at":"2024-11-14 05:48:12.721184","is_deleted":"N","payment_status":null,"appointment_status":"PE","price":null,"branch_name":"Moshi, Pimpri-Chinchwad","consultant_name":null},{"id":"19","branch":"1","hawservices":null,"consultant":null,"healthissues":null,"dates":"2024-11-25","full_name":"Siddhesh","age":"23","mobile_no":"7588525387","email_id":"sid@g.com","locations":"fffsg","slot":"3","subscription":null,"plan":"custom","subscriptiontype":"7 Days","startdate":"2024-11-15","section":"6","created_at":"2024-11-14 05:48:12.721184","is_deleted":"N","payment_status":null,"appointment_status":"PE","price":null,"branch_name":"Moshi, Pimpri-Chinchwad","consultant_name":null},{"id":"20","branch":"1","hawservices":null,"consultant":null,"healthissues":null,"dates":"2024-11-29","full_name":"Siddhesh","age":"23","mobile_no":"7588525387","email_id":"sid@g.com","locations":"fffsg","slot":"11","subscription":null,"plan":"custom","subscriptiontype":"7 Days","startdate":"2024-11-15","section":"6","created_at":"2024-11-14 05:48:12.721184","is_deleted":"N","payment_status":null,"appointment_status":"PE","price":null,"branch_name":"Moshi, Pimpri-Chinchwad","consultant_name":null},{"id":"21","branch":"1","hawservices":null,"consultant":null,"healthissues":null,"dates":"2024-12-02","full_name":"Siddhesh","age":"23","mobile_no":"7588525387","email_id":"sid@g.com","locations":"fffsg","slot":"3","subscription":null,"plan":"custom","subscriptiontype":"7 Days","startdate":"2024-11-15","section":"6","created_at":"2024-11-14 05:48:12.721184","is_deleted":"N","payment_status":null,"appointment_status":"PE","price":null,"branch_name":"Moshi, Pimpri-Chinchwad","consultant_name":null},{"id":"22","branch":"1","hawservices":null,"consultant":null,"healthissues":null,"dates":"2024-12-06","full_name":"Siddhesh","age":"23","mobile_no":"7588525387","email_id":"sid@g.com","locations":"fffsg","slot":"11","subscription":null,"plan":"custom","subscriptiontype":"7 Days","startdate":"2024-11-15","section":"6","created_at":"2024-11-14 05:48:12.721184","is_deleted":"N","payment_status":null,"appointment_status":"PE","price":null,"branch_name":"Moshi, Pimpri-Chinchwad","consultant_name":null},{"id":"23","branch":"1","hawservices":null,"consultant":null,"healthissues":null,"dates":"2024-12-09","full_name":"Siddhesh","age":"23","mobile_no":"7588525387","email_id":"sid@g.com","locations":"fffsg","slot":"3","subscription":null,"plan":"custom","subscriptiontype":"7 Days","startdate":"2024-11-15","section":"6","created_at":"2024-11-14 05:48:12.721184","is_deleted":"N","payment_status":null,"appointment_status":"PE","price":null,"branch_name":"Moshi, Pimpri-Chinchwad","consultant_name":null}]
INFO - 2024-11-14 06:15:13 --> Fetching appointments with parameters: consultantId=1, branchId=1, appointmentStatus=all
INFO - 2024-11-14 06:15:15 --> Consultant Name: Exercise
INFO - 2024-11-14 06:15:15 --> Query Result: [{"id":"9","branch":"1","hawservices":null,"consultant":null,"healthissues":null,"dates":"2024-12-09","full_name":"Priyanka","age":"23","mobile_no":"7588525387","email_id":"sid@g.com","locations":"vdfv trg","slot":"2","subscription":null,"plan":"custom","subscriptiontype":"7 Days","startdate":"2024-12-09","section":"6","created_at":"2024-11-13 12:19:44.955639","is_deleted":"N","payment_status":null,"appointment_status":"PE","price":null,"branch_name":"Moshi, Pimpri-Chinchwad","consultant_name":null},{"id":"10","branch":"1","hawservices":null,"consultant":null,"healthissues":null,"dates":"2024-12-13","full_name":"Priyanka","age":"23","mobile_no":"7588525387","email_id":"sid@g.com","locations":"vdfv trg","slot":"10","subscription":null,"plan":"custom","subscriptiontype":"7 Days","startdate":"2024-12-09","section":"6","created_at":"2024-11-13 12:19:44.955639","is_deleted":"N","payment_status":null,"appointment_status":"PE","price":null,"branch_name":"Moshi, Pimpri-Chinchwad","consultant_name":null},{"id":"11","branch":"1","hawservices":null,"consultant":null,"healthissues":null,"dates":"2024-12-16","full_name":"Priyanka","age":"23","mobile_no":"7588525387","email_id":"sid@g.com","locations":"vdfv trg","slot":"2","subscription":null,"plan":"custom","subscriptiontype":"7 Days","startdate":"2024-12-09","section":"6","created_at":"2024-11-13 12:19:44.955639","is_deleted":"N","payment_status":null,"appointment_status":"PE","price":null,"branch_name":"Moshi, Pimpri-Chinchwad","consultant_name":null},{"id":"12","branch":"1","hawservices":null,"consultant":null,"healthissues":null,"dates":"2024-12-20","full_name":"Priyanka","age":"23","mobile_no":"7588525387","email_id":"sid@g.com","locations":"vdfv trg","slot":"10","subscription":null,"plan":"custom","subscriptiontype":"7 Days","startdate":"2024-12-09","section":"6","created_at":"2024-11-13 12:19:44.955639","is_deleted":"N","payment_status":null,"appointment_status":"PE","price":null,"branch_name":"Moshi, Pimpri-Chinchwad","consultant_name":null},{"id":"13","branch":"1","hawservices":null,"consultant":null,"healthissues":null,"dates":"2024-12-23","full_name":"Priyanka","age":"23","mobile_no":"7588525387","email_id":"sid@g.com","locations":"vdfv trg","slot":"2","subscription":null,"plan":"custom","subscriptiontype":"7 Days","startdate":"2024-12-09","section":"6","created_at":"2024-11-13 12:19:44.955639","is_deleted":"N","payment_status":null,"appointment_status":"PE","price":null,"branch_name":"Moshi, Pimpri-Chinchwad","consultant_name":null},{"id":"14","branch":"1","hawservices":null,"consultant":null,"healthissues":null,"dates":"2024-12-27","full_name":"Priyanka","age":"23","mobile_no":"7588525387","email_id":"sid@g.com","locations":"vdfv trg","slot":"10","subscription":null,"plan":"custom","subscriptiontype":"7 Days","startdate":"2024-12-09","section":"6","created_at":"2024-11-13 12:19:44.955639","is_deleted":"N","payment_status":null,"appointment_status":"PE","price":null,"branch_name":"Moshi, Pimpri-Chinchwad","consultant_name":null},{"id":"15","branch":"1","hawservices":null,"consultant":null,"healthissues":null,"dates":"2024-12-30","full_name":"Priyanka","age":"23","mobile_no":"7588525387","email_id":"sid@g.com","locations":"vdfv trg","slot":"2","subscription":null,"plan":"custom","subscriptiontype":"7 Days","startdate":"2024-12-09","section":"6","created_at":"2024-11-13 12:19:44.955639","is_deleted":"N","payment_status":null,"appointment_status":"PE","price":null,"branch_name":"Moshi, Pimpri-Chinchwad","consultant_name":null},{"id":"17","branch":"1","hawservices":null,"consultant":null,"healthissues":null,"dates":"2024-11-18","full_name":"Siddhesh","age":"23","mobile_no":"7588525387","email_id":"sid@g.com","locations":"fffsg","slot":"3","subscription":null,"plan":"custom","subscriptiontype":"7 Days","startdate":"2024-11-15","section":"6","created_at":"2024-11-14 05:48:12.721184","is_deleted":"N","payment_status":null,"appointment_status":"PE","price":null,"branch_name":"Moshi, Pimpri-Chinchwad","consultant_name":null},{"id":"18","branch":"1","hawservices":null,"consultant":null,"healthissues":null,"dates":"2024-11-22","full_name":"Siddhesh","age":"23","mobile_no":"7588525387","email_id":"sid@g.com","locations":"fffsg","slot":"11","subscription":null,"plan":"custom","subscriptiontype":"7 Days","startdate":"2024-11-15","section":"6","created_at":"2024-11-14 05:48:12.721184","is_deleted":"N","payment_status":null,"appointment_status":"PE","price":null,"branch_name":"Moshi, Pimpri-Chinchwad","consultant_name":null},{"id":"19","branch":"1","hawservices":null,"consultant":null,"healthissues":null,"dates":"2024-11-25","full_name":"Siddhesh","age":"23","mobile_no":"7588525387","email_id":"sid@g.com","locations":"fffsg","slot":"3","subscription":null,"plan":"custom","subscriptiontype":"7 Days","startdate":"2024-11-15","section":"6","created_at":"2024-11-14 05:48:12.721184","is_deleted":"N","payment_status":null,"appointment_status":"PE","price":null,"branch_name":"Moshi, Pimpri-Chinchwad","consultant_name":null},{"id":"20","branch":"1","hawservices":null,"consultant":null,"healthissues":null,"dates":"2024-11-29","full_name":"Siddhesh","age":"23","mobile_no":"7588525387","email_id":"sid@g.com","locations":"fffsg","slot":"11","subscription":null,"plan":"custom","subscriptiontype":"7 Days","startdate":"2024-11-15","section":"6","created_at":"2024-11-14 05:48:12.721184","is_deleted":"N","payment_status":null,"appointment_status":"PE","price":null,"branch_name":"Moshi, Pimpri-Chinchwad","consultant_name":null},{"id":"21","branch":"1","hawservices":null,"consultant":null,"healthissues":null,"dates":"2024-12-02","full_name":"Siddhesh","age":"23","mobile_no":"7588525387","email_id":"sid@g.com","locations":"fffsg","slot":"3","subscription":null,"plan":"custom","subscriptiontype":"7 Days","startdate":"2024-11-15","section":"6","created_at":"2024-11-14 05:48:12.721184","is_deleted":"N","payment_status":null,"appointment_status":"PE","price":null,"branch_name":"Moshi, Pimpri-Chinchwad","consultant_name":null},{"id":"22","branch":"1","hawservices":null,"consultant":null,"healthissues":null,"dates":"2024-12-06","full_name":"Siddhesh","age":"23","mobile_no":"7588525387","email_id":"sid@g.com","locations":"fffsg","slot":"11","subscription":null,"plan":"custom","subscriptiontype":"7 Days","startdate":"2024-11-15","section":"6","created_at":"2024-11-14 05:48:12.721184","is_deleted":"N","payment_status":null,"appointment_status":"PE","price":null,"branch_name":"Moshi, Pimpri-Chinchwad","consultant_name":null},{"id":"23","branch":"1","hawservices":null,"consultant":null,"healthissues":null,"dates":"2024-12-09","full_name":"Siddhesh","age":"23","mobile_no":"7588525387","email_id":"sid@g.com","locations":"fffsg","slot":"3","subscription":null,"plan":"custom","subscriptiontype":"7 Days","startdate":"2024-11-15","section":"6","created_at":"2024-11-14 05:48:12.721184","is_deleted":"N","payment_status":null,"appointment_status":"PE","price":null,"branch_name":"Moshi, Pimpri-Chinchwad","consultant_name":null}]
INFO - 2024-11-14 06:24:34 --> Fetching appointments with parameters: consultantId=1, branchId=1, appointmentStatus=all
INFO - 2024-11-14 06:24:36 --> Consultant Name: Exercise
INFO - 2024-11-14 06:24:36 --> Query Result: [{"id":"9","branch":"1","hawservices":null,"consultant":null,"healthissues":null,"dates":"2024-12-09","full_name":"Priyanka","age":"23","mobile_no":"7588525387","email_id":"sid@g.com","locations":"vdfv trg","slot":"2","subscription":null,"plan":"custom","subscriptiontype":"7 Days","startdate":"2024-12-09","section":"6","created_at":"2024-11-13 12:19:44.955639","is_deleted":"N","payment_status":null,"appointment_status":"PE","price":null,"branch_name":"Moshi, Pimpri-Chinchwad","consultant_name":null},{"id":"10","branch":"1","hawservices":null,"consultant":null,"healthissues":null,"dates":"2024-12-13","full_name":"Priyanka","age":"23","mobile_no":"7588525387","email_id":"sid@g.com","locations":"vdfv trg","slot":"10","subscription":null,"plan":"custom","subscriptiontype":"7 Days","startdate":"2024-12-09","section":"6","created_at":"2024-11-13 12:19:44.955639","is_deleted":"N","payment_status":null,"appointment_status":"PE","price":null,"branch_name":"Moshi, Pimpri-Chinchwad","consultant_name":null},{"id":"11","branch":"1","hawservices":null,"consultant":null,"healthissues":null,"dates":"2024-12-16","full_name":"Priyanka","age":"23","mobile_no":"7588525387","email_id":"sid@g.com","locations":"vdfv trg","slot":"2","subscription":null,"plan":"custom","subscriptiontype":"7 Days","startdate":"2024-12-09","section":"6","created_at":"2024-11-13 12:19:44.955639","is_deleted":"N","payment_status":null,"appointment_status":"PE","price":null,"branch_name":"Moshi, Pimpri-Chinchwad","consultant_name":null},{"id":"12","branch":"1","hawservices":null,"consultant":null,"healthissues":null,"dates":"2024-12-20","full_name":"Priyanka","age":"23","mobile_no":"7588525387","email_id":"sid@g.com","locations":"vdfv trg","slot":"10","subscription":null,"plan":"custom","subscriptiontype":"7 Days","startdate":"2024-12-09","section":"6","created_at":"2024-11-13 12:19:44.955639","is_deleted":"N","payment_status":null,"appointment_status":"PE","price":null,"branch_name":"Moshi, Pimpri-Chinchwad","consultant_name":null},{"id":"13","branch":"1","hawservices":null,"consultant":null,"healthissues":null,"dates":"2024-12-23","full_name":"Priyanka","age":"23","mobile_no":"7588525387","email_id":"sid@g.com","locations":"vdfv trg","slot":"2","subscription":null,"plan":"custom","subscriptiontype":"7 Days","startdate":"2024-12-09","section":"6","created_at":"2024-11-13 12:19:44.955639","is_deleted":"N","payment_status":null,"appointment_status":"PE","price":null,"branch_name":"Moshi, Pimpri-Chinchwad","consultant_name":null},{"id":"14","branch":"1","hawservices":null,"consultant":null,"healthissues":null,"dates":"2024-12-27","full_name":"Priyanka","age":"23","mobile_no":"7588525387","email_id":"sid@g.com","locations":"vdfv trg","slot":"10","subscription":null,"plan":"custom","subscriptiontype":"7 Days","startdate":"2024-12-09","section":"6","created_at":"2024-11-13 12:19:44.955639","is_deleted":"N","payment_status":null,"appointment_status":"PE","price":null,"branch_name":"Moshi, Pimpri-Chinchwad","consultant_name":null},{"id":"15","branch":"1","hawservices":null,"consultant":null,"healthissues":null,"dates":"2024-12-30","full_name":"Priyanka","age":"23","mobile_no":"7588525387","email_id":"sid@g.com","locations":"vdfv trg","slot":"2","subscription":null,"plan":"custom","subscriptiontype":"7 Days","startdate":"2024-12-09","section":"6","created_at":"2024-11-13 12:19:44.955639","is_deleted":"N","payment_status":null,"appointment_status":"PE","price":null,"branch_name":"Moshi, Pimpri-Chinchwad","consultant_name":null},{"id":"17","branch":"1","hawservices":null,"consultant":null,"healthissues":null,"dates":"2024-11-18","full_name":"Siddhesh","age":"23","mobile_no":"7588525387","email_id":"sid@g.com","locations":"fffsg","slot":"3","subscription":null,"plan":"custom","subscriptiontype":"7 Days","startdate":"2024-11-15","section":"6","created_at":"2024-11-14 05:48:12.721184","is_deleted":"N","payment_status":null,"appointment_status":"PE","price":null,"branch_name":"Moshi, Pimpri-Chinchwad","consultant_name":null},{"id":"18","branch":"1","hawservices":null,"consultant":null,"healthissues":null,"dates":"2024-11-22","full_name":"Siddhesh","age":"23","mobile_no":"7588525387","email_id":"sid@g.com","locations":"fffsg","slot":"11","subscription":null,"plan":"custom","subscriptiontype":"7 Days","startdate":"2024-11-15","section":"6","created_at":"2024-11-14 05:48:12.721184","is_deleted":"N","payment_status":null,"appointment_status":"PE","price":null,"branch_name":"Moshi, Pimpri-Chinchwad","consultant_name":null},{"id":"19","branch":"1","hawservices":null,"consultant":null,"healthissues":null,"dates":"2024-11-25","full_name":"Siddhesh","age":"23","mobile_no":"7588525387","email_id":"sid@g.com","locations":"fffsg","slot":"3","subscription":null,"plan":"custom","subscriptiontype":"7 Days","startdate":"2024-11-15","section":"6","created_at":"2024-11-14 05:48:12.721184","is_deleted":"N","payment_status":null,"appointment_status":"PE","price":null,"branch_name":"Moshi, Pimpri-Chinchwad","consultant_name":null},{"id":"20","branch":"1","hawservices":null,"consultant":null,"healthissues":null,"dates":"2024-11-29","full_name":"Siddhesh","age":"23","mobile_no":"7588525387","email_id":"sid@g.com","locations":"fffsg","slot":"11","subscription":null,"plan":"custom","subscriptiontype":"7 Days","startdate":"2024-11-15","section":"6","created_at":"2024-11-14 05:48:12.721184","is_deleted":"N","payment_status":null,"appointment_status":"PE","price":null,"branch_name":"Moshi, Pimpri-Chinchwad","consultant_name":null},{"id":"21","branch":"1","hawservices":null,"consultant":null,"healthissues":null,"dates":"2024-12-02","full_name":"Siddhesh","age":"23","mobile_no":"7588525387","email_id":"sid@g.com","locations":"fffsg","slot":"3","subscription":null,"plan":"custom","subscriptiontype":"7 Days","startdate":"2024-11-15","section":"6","created_at":"2024-11-14 05:48:12.721184","is_deleted":"N","payment_status":null,"appointment_status":"PE","price":null,"branch_name":"Moshi, Pimpri-Chinchwad","consultant_name":null},{"id":"22","branch":"1","hawservices":null,"consultant":null,"healthissues":null,"dates":"2024-12-06","full_name":"Siddhesh","age":"23","mobile_no":"7588525387","email_id":"sid@g.com","locations":"fffsg","slot":"11","subscription":null,"plan":"custom","subscriptiontype":"7 Days","startdate":"2024-11-15","section":"6","created_at":"2024-11-14 05:48:12.721184","is_deleted":"N","payment_status":null,"appointment_status":"PE","price":null,"branch_name":"Moshi, Pimpri-Chinchwad","consultant_name":null},{"id":"23","branch":"1","hawservices":null,"consultant":null,"healthissues":null,"dates":"2024-12-09","full_name":"Siddhesh","age":"23","mobile_no":"7588525387","email_id":"sid@g.com","locations":"fffsg","slot":"3","subscription":null,"plan":"custom","subscriptiontype":"7 Days","startdate":"2024-11-15","section":"6","created_at":"2024-11-14 05:48:12.721184","is_deleted":"N","payment_status":null,"appointment_status":"PE","price":null,"branch_name":"Moshi, Pimpri-Chinchwad","consultant_name":null}]
ERROR - 2024-11-14 08:50:35 --> Error connecting to the database: ErrorException: pg_connect(): Unable to connect to PostgreSQL server: FATAL:  remaining connection slots are reserved for roles with the SUPERUSER attribute in C:\xampp\htdocs\OPDClinic\system\Database\Postgre\Connection.php:78
Stack trace:
#0 [internal function]: CodeIgniter\Debug\Exceptions->errorHandler(2, 'pg_connect(): U...', 'C:\\xampp\\htdocs...', 78)
#1 C:\xampp\htdocs\OPDClinic\system\Database\Postgre\Connection.php(78): pg_connect('host=db-postgre...')
#2 C:\xampp\htdocs\OPDClinic\system\Database\BaseConnection.php(421): CodeIgniter\Database\Postgre\Connection->connect(false)
#3 C:\xampp\htdocs\OPDClinic\system\Database\BaseConnection.php(604): CodeIgniter\Database\BaseConnection->initialize()
#4 C:\xampp\htdocs\OPDClinic\system\Database\BaseBuilder.php(1629): CodeIgniter\Database\BaseConnection->query('SELECT "tbl_app...', Array, false)
#5 C:\xampp\htdocs\OPDClinic\app\Controllers\Home.php(1047): CodeIgniter\Database\BaseBuilder->get()
#6 C:\xampp\htdocs\OPDClinic\system\CodeIgniter.php(933): App\Controllers\Home->getConductedAppointments()
#7 C:\xampp\htdocs\OPDClinic\system\CodeIgniter.php(509): CodeIgniter\CodeIgniter->runController(Object(App\Controllers\Home))
#8 C:\xampp\htdocs\OPDClinic\system\CodeIgniter.php(355): CodeIgniter\CodeIgniter->handleRequest(NULL, Object(Config\Cache), false)
#9 C:\xampp\htdocs\OPDClinic\system\Boot.php(312): CodeIgniter\CodeIgniter->run()
#10 C:\xampp\htdocs\OPDClinic\system\Boot.php(67): CodeIgniter\Boot::runCodeIgniter(Object(CodeIgniter\CodeIgniter))
#11 C:\xampp\htdocs\OPDClinic\index.php(56): CodeIgniter\Boot::bootWeb(Object(Config\Paths))
#12 {main}
CRITICAL - 2024-11-14 08:50:35 --> CodeIgniter\Database\Exceptions\DatabaseException: Unable to connect to the database.
Main connection [Postgre]: pg_connect(): Unable to connect to PostgreSQL server: FATAL:  remaining connection slots are reserved for roles with the SUPERUSER attribute
[Method: GET, Route: get_conducted_appointments]
in SYSTEMPATH\Database\BaseConnection.php on line 457.
 1 SYSTEMPATH\Database\BaseConnection.php(604): CodeIgniter\Database\BaseConnection->initialize()
 2 SYSTEMPATH\Database\BaseBuilder.php(1629): CodeIgniter\Database\BaseConnection->query('SELECT "tbl_appointment".*, "tbl_slots"."slots_time" AS "slot_time", "tbl_branch"."branch_name" AS "branch_name", "tbl_register"."name" AS "consultant_name", "tbl_section"."section_name" AS "section_name"
FROM "tbl_appointment"
LEFT JOIN "tbl_slots" ON CAST(tbl_appointment.slot AS INTEGER) = tbl_slots.id
LEFT JOIN "tbl_branch" ON "tbl_appointment"."branch" = "tbl_branch"."id"
LEFT JOIN "tbl_register" ON "tbl_appointment"."consultant" = "tbl_register"."id"
LEFT JOIN "tbl_section" ON "tbl_appointment"."section" = "tbl_section"."id"
WHERE "tbl_appointment"."appointment_status" = :tbl_appointment.appointment_status:', [...], false)
 3 APPPATH\Controllers\Home.php(1047): CodeIgniter\Database\BaseBuilder->get()
 4 SYSTEMPATH\CodeIgniter.php(933): App\Controllers\Home->getConductedAppointments()
 5 SYSTEMPATH\CodeIgniter.php(509): CodeIgniter\CodeIgniter->runController(Object(App\Controllers\Home))
 6 SYSTEMPATH\CodeIgniter.php(355): CodeIgniter\CodeIgniter->handleRequest(null, Object(Config\Cache), false)
 7 SYSTEMPATH\Boot.php(312): CodeIgniter\CodeIgniter->run()
 8 SYSTEMPATH\Boot.php(67): CodeIgniter\Boot::runCodeIgniter(Object(CodeIgniter\CodeIgniter))
 9 FCPATH\index.php(56): CodeIgniter\Boot::bootWeb(Object(Config\Paths))
ERROR - 2024-11-14 08:50:35 --> Error connecting to the database: ErrorException: pg_connect(): Unable to connect to PostgreSQL server: FATAL:  remaining connection slots are reserved for roles with the SUPERUSER attribute in C:\xampp\htdocs\OPDClinic\system\Database\Postgre\Connection.php:78
Stack trace:
#0 [internal function]: CodeIgniter\Debug\Exceptions->errorHandler(2, 'pg_connect(): U...', 'C:\\xampp\\htdocs...', 78)
#1 C:\xampp\htdocs\OPDClinic\system\Database\Postgre\Connection.php(78): pg_connect('host=db-postgre...')
#2 C:\xampp\htdocs\OPDClinic\system\Database\BaseConnection.php(421): CodeIgniter\Database\Postgre\Connection->connect(false)
#3 C:\xampp\htdocs\OPDClinic\system\Database\BaseConnection.php(604): CodeIgniter\Database\BaseConnection->initialize()
#4 C:\xampp\htdocs\OPDClinic\system\Database\BaseBuilder.php(1629): CodeIgniter\Database\BaseConnection->query('SELECT "tbl_app...', Array, false)
#5 C:\xampp\htdocs\OPDClinic\app\Controllers\Home.php(864): CodeIgniter\Database\BaseBuilder->get()
#6 C:\xampp\htdocs\OPDClinic\system\CodeIgniter.php(933): App\Controllers\Home->get_todays_appointment_data('tbl_appointment')
#7 C:\xampp\htdocs\OPDClinic\system\CodeIgniter.php(509): CodeIgniter\CodeIgniter->runController(Object(App\Controllers\Home))
#8 C:\xampp\htdocs\OPDClinic\system\CodeIgniter.php(355): CodeIgniter\CodeIgniter->handleRequest(NULL, Object(Config\Cache), false)
#9 C:\xampp\htdocs\OPDClinic\system\Boot.php(312): CodeIgniter\CodeIgniter->run()
#10 C:\xampp\htdocs\OPDClinic\system\Boot.php(67): CodeIgniter\Boot::runCodeIgniter(Object(CodeIgniter\CodeIgniter))
#11 C:\xampp\htdocs\OPDClinic\index.php(56): CodeIgniter\Boot::bootWeb(Object(Config\Paths))
#12 {main}
CRITICAL - 2024-11-14 08:50:35 --> CodeIgniter\Database\Exceptions\DatabaseException: Unable to connect to the database.
Main connection [Postgre]: pg_connect(): Unable to connect to PostgreSQL server: FATAL:  remaining connection slots are reserved for roles with the SUPERUSER attribute
[Method: GET, Route: get_todays_appointment_data/tbl_appointment]
in SYSTEMPATH\Database\BaseConnection.php on line 457.
 1 SYSTEMPATH\Database\BaseConnection.php(604): CodeIgniter\Database\BaseConnection->initialize()
 2 SYSTEMPATH\Database\BaseBuilder.php(1629): CodeIgniter\Database\BaseConnection->query('SELECT "tbl_appointment".*, "tbl_register"."name" AS "cname", "tbl_branch"."branch_name" AS "branch_name", "tbl_slots"."slots_time" AS "slots_time", "tbl_slots"."day_name" AS "day_name", "tbl_section"."section_name" AS "section_name"
FROM "tbl_appointment"
LEFT JOIN "tbl_register" ON "tbl_register"."id" = "tbl_appointment"."consultant"
LEFT JOIN "tbl_branch" ON "tbl_branch"."id" = "tbl_appointment"."branch"
LEFT JOIN "tbl_slots" ON "tbl_slots"."id" = CAST(tbl_appointment.slot AS INTEGER)
LEFT JOIN "tbl_section" ON "tbl_section"."id" = "tbl_appointment"."section"
WHERE "tbl_appointment"."is_deleted" = :tbl_appointment.is_deleted:
AND CAST(tbl_appointment.dates AS DATE) = :CAST(tbl_appointment.dates AS DATE):', [...], false)
 3 APPPATH\Controllers\Home.php(864): CodeIgniter\Database\BaseBuilder->get()
 4 SYSTEMPATH\CodeIgniter.php(933): App\Controllers\Home->get_todays_appointment_data('tbl_appointment')
 5 SYSTEMPATH\CodeIgniter.php(509): CodeIgniter\CodeIgniter->runController(Object(App\Controllers\Home))
 6 SYSTEMPATH\CodeIgniter.php(355): CodeIgniter\CodeIgniter->handleRequest(null, Object(Config\Cache), false)
 7 SYSTEMPATH\Boot.php(312): CodeIgniter\CodeIgniter->run()
 8 SYSTEMPATH\Boot.php(67): CodeIgniter\Boot::runCodeIgniter(Object(CodeIgniter\CodeIgniter))
 9 FCPATH\index.php(56): CodeIgniter\Boot::bootWeb(Object(Config\Paths))
ERROR - 2024-11-14 08:51:32 --> Error connecting to the database: ErrorException: pg_connect(): Unable to connect to PostgreSQL server: FATAL:  remaining connection slots are reserved for roles with the SUPERUSER attribute in C:\xampp\htdocs\OPDClinic\system\Database\Postgre\Connection.php:78
Stack trace:
#0 [internal function]: CodeIgniter\Debug\Exceptions->errorHandler(2, 'pg_connect(): U...', 'C:\\xampp\\htdocs...', 78)
#1 C:\xampp\htdocs\OPDClinic\system\Database\Postgre\Connection.php(78): pg_connect('host=db-postgre...')
#2 C:\xampp\htdocs\OPDClinic\system\Database\BaseConnection.php(421): CodeIgniter\Database\Postgre\Connection->connect(false)
#3 C:\xampp\htdocs\OPDClinic\system\Database\BaseConnection.php(604): CodeIgniter\Database\BaseConnection->initialize()
#4 C:\xampp\htdocs\OPDClinic\system\Database\BaseBuilder.php(1629): CodeIgniter\Database\BaseConnection->query('SELECT "tbl_app...', Array, false)
#5 C:\xampp\htdocs\OPDClinic\app\Controllers\Home.php(1073): CodeIgniter\Database\BaseBuilder->get()
#6 C:\xampp\htdocs\OPDClinic\system\CodeIgniter.php(933): App\Controllers\Home->getUpcomingAppointments()
#7 C:\xampp\htdocs\OPDClinic\system\CodeIgniter.php(509): CodeIgniter\CodeIgniter->runController(Object(App\Controllers\Home))
#8 C:\xampp\htdocs\OPDClinic\system\CodeIgniter.php(355): CodeIgniter\CodeIgniter->handleRequest(NULL, Object(Config\Cache), false)
#9 C:\xampp\htdocs\OPDClinic\system\Boot.php(312): CodeIgniter\CodeIgniter->run()
#10 C:\xampp\htdocs\OPDClinic\system\Boot.php(67): CodeIgniter\Boot::runCodeIgniter(Object(CodeIgniter\CodeIgniter))
#11 C:\xampp\htdocs\OPDClinic\index.php(56): CodeIgniter\Boot::bootWeb(Object(Config\Paths))
#12 {main}
ERROR - 2024-11-14 08:51:32 --> Error connecting to the database: ErrorException: pg_connect(): Unable to connect to PostgreSQL server: FATAL:  remaining connection slots are reserved for roles with the SUPERUSER attribute in C:\xampp\htdocs\OPDClinic\system\Database\Postgre\Connection.php:78
Stack trace:
#0 [internal function]: CodeIgniter\Debug\Exceptions->errorHandler(2, 'pg_connect(): U...', 'C:\\xampp\\htdocs...', 78)
#1 C:\xampp\htdocs\OPDClinic\system\Database\Postgre\Connection.php(78): pg_connect('host=db-postgre...')
#2 C:\xampp\htdocs\OPDClinic\system\Database\BaseConnection.php(421): CodeIgniter\Database\Postgre\Connection->connect(false)
#3 C:\xampp\htdocs\OPDClinic\system\Database\BaseConnection.php(604): CodeIgniter\Database\BaseConnection->initialize()
#4 C:\xampp\htdocs\OPDClinic\system\Database\BaseBuilder.php(1629): CodeIgniter\Database\BaseConnection->query('SELECT "tbl_app...', Array, false)
#5 C:\xampp\htdocs\OPDClinic\app\Controllers\Home.php(1047): CodeIgniter\Database\BaseBuilder->get()
#6 C:\xampp\htdocs\OPDClinic\system\CodeIgniter.php(933): App\Controllers\Home->getConductedAppointments()
#7 C:\xampp\htdocs\OPDClinic\system\CodeIgniter.php(509): CodeIgniter\CodeIgniter->runController(Object(App\Controllers\Home))
#8 C:\xampp\htdocs\OPDClinic\system\CodeIgniter.php(355): CodeIgniter\CodeIgniter->handleRequest(NULL, Object(Config\Cache), false)
#9 C:\xampp\htdocs\OPDClinic\system\Boot.php(312): CodeIgniter\CodeIgniter->run()
#10 C:\xampp\htdocs\OPDClinic\system\Boot.php(67): CodeIgniter\Boot::runCodeIgniter(Object(CodeIgniter\CodeIgniter))
#11 C:\xampp\htdocs\OPDClinic\index.php(56): CodeIgniter\Boot::bootWeb(Object(Config\Paths))
#12 {main}
CRITICAL - 2024-11-14 08:51:32 --> CodeIgniter\Database\Exceptions\DatabaseException: Unable to connect to the database.
Main connection [Postgre]: pg_connect(): Unable to connect to PostgreSQL server: FATAL:  remaining connection slots are reserved for roles with the SUPERUSER attribute
[Method: GET, Route: get_upcoming_appointments]
in SYSTEMPATH\Database\BaseConnection.php on line 457.
 1 SYSTEMPATH\Database\BaseConnection.php(604): CodeIgniter\Database\BaseConnection->initialize()
 2 SYSTEMPATH\Database\BaseBuilder.php(1629): CodeIgniter\Database\BaseConnection->query('SELECT "tbl_appointment".*, "tbl_slots"."slots_time" AS "slot_time", "tbl_branch"."branch_name" AS "branch_name", "tbl_register"."name" AS "consultant_name", "tbl_section"."section_name" AS "section_name"
FROM "tbl_appointment"
LEFT JOIN "tbl_slots" ON CAST(tbl_appointment.slot AS INTEGER) = tbl_slots.id
LEFT JOIN "tbl_branch" ON "tbl_appointment"."branch" = "tbl_branch"."id"
LEFT JOIN "tbl_register" ON "tbl_appointment"."consultant" = "tbl_register"."id"
LEFT JOIN "tbl_section" ON "tbl_appointment"."section" = "tbl_section"."id"
WHERE "tbl_appointment"."appointment_status" = :tbl_appointment.appointment_status:', [...], false)
 3 APPPATH\Controllers\Home.php(1073): CodeIgniter\Database\BaseBuilder->get()
 4 SYSTEMPATH\CodeIgniter.php(933): App\Controllers\Home->getUpcomingAppointments()
 5 SYSTEMPATH\CodeIgniter.php(509): CodeIgniter\CodeIgniter->runController(Object(App\Controllers\Home))
 6 SYSTEMPATH\CodeIgniter.php(355): CodeIgniter\CodeIgniter->handleRequest(null, Object(Config\Cache), false)
 7 SYSTEMPATH\Boot.php(312): CodeIgniter\CodeIgniter->run()
 8 SYSTEMPATH\Boot.php(67): CodeIgniter\Boot::runCodeIgniter(Object(CodeIgniter\CodeIgniter))
 9 FCPATH\index.php(56): CodeIgniter\Boot::bootWeb(Object(Config\Paths))
CRITICAL - 2024-11-14 08:51:32 --> CodeIgniter\Database\Exceptions\DatabaseException: Unable to connect to the database.
Main connection [Postgre]: pg_connect(): Unable to connect to PostgreSQL server: FATAL:  remaining connection slots are reserved for roles with the SUPERUSER attribute
[Method: GET, Route: get_conducted_appointments]
in SYSTEMPATH\Database\BaseConnection.php on line 457.
 1 SYSTEMPATH\Database\BaseConnection.php(604): CodeIgniter\Database\BaseConnection->initialize()
 2 SYSTEMPATH\Database\BaseBuilder.php(1629): CodeIgniter\Database\BaseConnection->query('SELECT "tbl_appointment".*, "tbl_slots"."slots_time" AS "slot_time", "tbl_branch"."branch_name" AS "branch_name", "tbl_register"."name" AS "consultant_name", "tbl_section"."section_name" AS "section_name"
FROM "tbl_appointment"
LEFT JOIN "tbl_slots" ON CAST(tbl_appointment.slot AS INTEGER) = tbl_slots.id
LEFT JOIN "tbl_branch" ON "tbl_appointment"."branch" = "tbl_branch"."id"
LEFT JOIN "tbl_register" ON "tbl_appointment"."consultant" = "tbl_register"."id"
LEFT JOIN "tbl_section" ON "tbl_appointment"."section" = "tbl_section"."id"
WHERE "tbl_appointment"."appointment_status" = :tbl_appointment.appointment_status:', [...], false)
 3 APPPATH\Controllers\Home.php(1047): CodeIgniter\Database\BaseBuilder->get()
 4 SYSTEMPATH\CodeIgniter.php(933): App\Controllers\Home->getConductedAppointments()
 5 SYSTEMPATH\CodeIgniter.php(509): CodeIgniter\CodeIgniter->runController(Object(App\Controllers\Home))
 6 SYSTEMPATH\CodeIgniter.php(355): CodeIgniter\CodeIgniter->handleRequest(null, Object(Config\Cache), false)
 7 SYSTEMPATH\Boot.php(312): CodeIgniter\CodeIgniter->run()
 8 SYSTEMPATH\Boot.php(67): CodeIgniter\Boot::runCodeIgniter(Object(CodeIgniter\CodeIgniter))
 9 FCPATH\index.php(56): CodeIgniter\Boot::bootWeb(Object(Config\Paths))
ERROR - 2024-11-14 08:55:05 --> Error connecting to the database: ErrorException: pg_connect(): Unable to connect to PostgreSQL server: FATAL:  remaining connection slots are reserved for roles with the SUPERUSER attribute in C:\xampp\htdocs\OPDClinic\system\Database\Postgre\Connection.php:78
Stack trace:
#0 [internal function]: CodeIgniter\Debug\Exceptions->errorHandler(2, 'pg_connect(): U...', 'C:\\xampp\\htdocs...', 78)
#1 C:\xampp\htdocs\OPDClinic\system\Database\Postgre\Connection.php(78): pg_connect('host=db-postgre...')
#2 C:\xampp\htdocs\OPDClinic\system\Database\BaseConnection.php(421): CodeIgniter\Database\Postgre\Connection->connect(false)
#3 C:\xampp\htdocs\OPDClinic\system\Database\BaseConnection.php(604): CodeIgniter\Database\BaseConnection->initialize()
#4 C:\xampp\htdocs\OPDClinic\system\Database\BaseBuilder.php(1629): CodeIgniter\Database\BaseConnection->query('SELECT "tbl_app...', Array, false)
#5 C:\xampp\htdocs\OPDClinic\app\Controllers\Home.php(1073): CodeIgniter\Database\BaseBuilder->get()
#6 C:\xampp\htdocs\OPDClinic\system\CodeIgniter.php(933): App\Controllers\Home->getUpcomingAppointments()
#7 C:\xampp\htdocs\OPDClinic\system\CodeIgniter.php(509): CodeIgniter\CodeIgniter->runController(Object(App\Controllers\Home))
#8 C:\xampp\htdocs\OPDClinic\system\CodeIgniter.php(355): CodeIgniter\CodeIgniter->handleRequest(NULL, Object(Config\Cache), false)
#9 C:\xampp\htdocs\OPDClinic\system\Boot.php(312): CodeIgniter\CodeIgniter->run()
#10 C:\xampp\htdocs\OPDClinic\system\Boot.php(67): CodeIgniter\Boot::runCodeIgniter(Object(CodeIgniter\CodeIgniter))
#11 C:\xampp\htdocs\OPDClinic\index.php(56): CodeIgniter\Boot::bootWeb(Object(Config\Paths))
#12 {main}
CRITICAL - 2024-11-14 08:55:05 --> CodeIgniter\Database\Exceptions\DatabaseException: Unable to connect to the database.
Main connection [Postgre]: pg_connect(): Unable to connect to PostgreSQL server: FATAL:  remaining connection slots are reserved for roles with the SUPERUSER attribute
[Method: GET, Route: get_upcoming_appointments]
in SYSTEMPATH\Database\BaseConnection.php on line 457.
 1 SYSTEMPATH\Database\BaseConnection.php(604): CodeIgniter\Database\BaseConnection->initialize()
 2 SYSTEMPATH\Database\BaseBuilder.php(1629): CodeIgniter\Database\BaseConnection->query('SELECT "tbl_appointment".*, "tbl_slots"."slots_time" AS "slot_time", "tbl_branch"."branch_name" AS "branch_name", "tbl_register"."name" AS "consultant_name", "tbl_section"."section_name" AS "section_name"
FROM "tbl_appointment"
LEFT JOIN "tbl_slots" ON CAST(tbl_appointment.slot AS INTEGER) = tbl_slots.id
LEFT JOIN "tbl_branch" ON "tbl_appointment"."branch" = "tbl_branch"."id"
LEFT JOIN "tbl_register" ON "tbl_appointment"."consultant" = "tbl_register"."id"
LEFT JOIN "tbl_section" ON "tbl_appointment"."section" = "tbl_section"."id"
WHERE "tbl_appointment"."appointment_status" = :tbl_appointment.appointment_status:', [...], false)
 3 APPPATH\Controllers\Home.php(1073): CodeIgniter\Database\BaseBuilder->get()
 4 SYSTEMPATH\CodeIgniter.php(933): App\Controllers\Home->getUpcomingAppointments()
 5 SYSTEMPATH\CodeIgniter.php(509): CodeIgniter\CodeIgniter->runController(Object(App\Controllers\Home))
 6 SYSTEMPATH\CodeIgniter.php(355): CodeIgniter\CodeIgniter->handleRequest(null, Object(Config\Cache), false)
 7 SYSTEMPATH\Boot.php(312): CodeIgniter\CodeIgniter->run()
 8 SYSTEMPATH\Boot.php(67): CodeIgniter\Boot::runCodeIgniter(Object(CodeIgniter\CodeIgniter))
 9 FCPATH\index.php(56): CodeIgniter\Boot::bootWeb(Object(Config\Paths))
ERROR - 2024-11-14 08:55:05 --> Error connecting to the database: ErrorException: pg_connect(): Unable to connect to PostgreSQL server: FATAL:  remaining connection slots are reserved for roles with the SUPERUSER attribute in C:\xampp\htdocs\OPDClinic\system\Database\Postgre\Connection.php:78
Stack trace:
#0 [internal function]: CodeIgniter\Debug\Exceptions->errorHandler(2, 'pg_connect(): U...', 'C:\\xampp\\htdocs...', 78)
#1 C:\xampp\htdocs\OPDClinic\system\Database\Postgre\Connection.php(78): pg_connect('host=db-postgre...')
#2 C:\xampp\htdocs\OPDClinic\system\Database\BaseConnection.php(421): CodeIgniter\Database\Postgre\Connection->connect(false)
#3 C:\xampp\htdocs\OPDClinic\system\Database\BaseConnection.php(604): CodeIgniter\Database\BaseConnection->initialize()
#4 C:\xampp\htdocs\OPDClinic\system\Database\BaseBuilder.php(1629): CodeIgniter\Database\BaseConnection->query('SELECT "tbl_app...', Array, false)
#5 C:\xampp\htdocs\OPDClinic\app\Controllers\Home.php(864): CodeIgniter\Database\BaseBuilder->get()
#6 C:\xampp\htdocs\OPDClinic\system\CodeIgniter.php(933): App\Controllers\Home->get_todays_appointment_data('tbl_appointment')
#7 C:\xampp\htdocs\OPDClinic\system\CodeIgniter.php(509): CodeIgniter\CodeIgniter->runController(Object(App\Controllers\Home))
#8 C:\xampp\htdocs\OPDClinic\system\CodeIgniter.php(355): CodeIgniter\CodeIgniter->handleRequest(NULL, Object(Config\Cache), false)
#9 C:\xampp\htdocs\OPDClinic\system\Boot.php(312): CodeIgniter\CodeIgniter->run()
#10 C:\xampp\htdocs\OPDClinic\system\Boot.php(67): CodeIgniter\Boot::runCodeIgniter(Object(CodeIgniter\CodeIgniter))
#11 C:\xampp\htdocs\OPDClinic\index.php(56): CodeIgniter\Boot::bootWeb(Object(Config\Paths))
#12 {main}
CRITICAL - 2024-11-14 08:55:05 --> CodeIgniter\Database\Exceptions\DatabaseException: Unable to connect to the database.
Main connection [Postgre]: pg_connect(): Unable to connect to PostgreSQL server: FATAL:  remaining connection slots are reserved for roles with the SUPERUSER attribute
[Method: GET, Route: get_todays_appointment_data/tbl_appointment]
in SYSTEMPATH\Database\BaseConnection.php on line 457.
 1 SYSTEMPATH\Database\BaseConnection.php(604): CodeIgniter\Database\BaseConnection->initialize()
 2 SYSTEMPATH\Database\BaseBuilder.php(1629): CodeIgniter\Database\BaseConnection->query('SELECT "tbl_appointment".*, "tbl_register"."name" AS "cname", "tbl_branch"."branch_name" AS "branch_name", "tbl_slots"."slots_time" AS "slots_time", "tbl_slots"."day_name" AS "day_name", "tbl_section"."section_name" AS "section_name"
FROM "tbl_appointment"
LEFT JOIN "tbl_register" ON "tbl_register"."id" = "tbl_appointment"."consultant"
LEFT JOIN "tbl_branch" ON "tbl_branch"."id" = "tbl_appointment"."branch"
LEFT JOIN "tbl_slots" ON "tbl_slots"."id" = CAST(tbl_appointment.slot AS INTEGER)
LEFT JOIN "tbl_section" ON "tbl_section"."id" = "tbl_appointment"."section"
WHERE "tbl_appointment"."is_deleted" = :tbl_appointment.is_deleted:
AND CAST(tbl_appointment.dates AS DATE) = :CAST(tbl_appointment.dates AS DATE):', [...], false)
 3 APPPATH\Controllers\Home.php(864): CodeIgniter\Database\BaseBuilder->get()
 4 SYSTEMPATH\CodeIgniter.php(933): App\Controllers\Home->get_todays_appointment_data('tbl_appointment')
 5 SYSTEMPATH\CodeIgniter.php(509): CodeIgniter\CodeIgniter->runController(Object(App\Controllers\Home))
 6 SYSTEMPATH\CodeIgniter.php(355): CodeIgniter\CodeIgniter->handleRequest(null, Object(Config\Cache), false)
 7 SYSTEMPATH\Boot.php(312): CodeIgniter\CodeIgniter->run()
 8 SYSTEMPATH\Boot.php(67): CodeIgniter\Boot::runCodeIgniter(Object(CodeIgniter\CodeIgniter))
 9 FCPATH\index.php(56): CodeIgniter\Boot::bootWeb(Object(Config\Paths))
ERROR - 2024-11-14 08:55:25 --> Error connecting to the database: ErrorException: pg_connect(): Unable to connect to PostgreSQL server: FATAL:  remaining connection slots are reserved for roles with the SUPERUSER attribute in C:\xampp\htdocs\OPDClinic\system\Database\Postgre\Connection.php:78
Stack trace:
#0 [internal function]: CodeIgniter\Debug\Exceptions->errorHandler(2, 'pg_connect(): U...', 'C:\\xampp\\htdocs...', 78)
#1 C:\xampp\htdocs\OPDClinic\system\Database\Postgre\Connection.php(78): pg_connect('host=db-postgre...')
#2 C:\xampp\htdocs\OPDClinic\system\Database\BaseConnection.php(421): CodeIgniter\Database\Postgre\Connection->connect(false)
#3 C:\xampp\htdocs\OPDClinic\system\Database\BaseConnection.php(604): CodeIgniter\Database\BaseConnection->initialize()
#4 C:\xampp\htdocs\OPDClinic\system\Database\BaseBuilder.php(1629): CodeIgniter\Database\BaseConnection->query('SELECT "tbl_app...', Array, false)
#5 C:\xampp\htdocs\OPDClinic\app\Controllers\Home.php(864): CodeIgniter\Database\BaseBuilder->get()
#6 C:\xampp\htdocs\OPDClinic\system\CodeIgniter.php(933): App\Controllers\Home->get_todays_appointment_data('tbl_appointment')
#7 C:\xampp\htdocs\OPDClinic\system\CodeIgniter.php(509): CodeIgniter\CodeIgniter->runController(Object(App\Controllers\Home))
#8 C:\xampp\htdocs\OPDClinic\system\CodeIgniter.php(355): CodeIgniter\CodeIgniter->handleRequest(NULL, Object(Config\Cache), false)
#9 C:\xampp\htdocs\OPDClinic\system\Boot.php(312): CodeIgniter\CodeIgniter->run()
#10 C:\xampp\htdocs\OPDClinic\system\Boot.php(67): CodeIgniter\Boot::runCodeIgniter(Object(CodeIgniter\CodeIgniter))
#11 C:\xampp\htdocs\OPDClinic\index.php(56): CodeIgniter\Boot::bootWeb(Object(Config\Paths))
#12 {main}
CRITICAL - 2024-11-14 08:55:25 --> CodeIgniter\Database\Exceptions\DatabaseException: Unable to connect to the database.
Main connection [Postgre]: pg_connect(): Unable to connect to PostgreSQL server: FATAL:  remaining connection slots are reserved for roles with the SUPERUSER attribute
[Method: GET, Route: get_todays_appointment_data/tbl_appointment]
in SYSTEMPATH\Database\BaseConnection.php on line 457.
 1 SYSTEMPATH\Database\BaseConnection.php(604): CodeIgniter\Database\BaseConnection->initialize()
 2 SYSTEMPATH\Database\BaseBuilder.php(1629): CodeIgniter\Database\BaseConnection->query('SELECT "tbl_appointment".*, "tbl_register"."name" AS "cname", "tbl_branch"."branch_name" AS "branch_name", "tbl_slots"."slots_time" AS "slots_time", "tbl_slots"."day_name" AS "day_name", "tbl_section"."section_name" AS "section_name"
FROM "tbl_appointment"
LEFT JOIN "tbl_register" ON "tbl_register"."id" = "tbl_appointment"."consultant"
LEFT JOIN "tbl_branch" ON "tbl_branch"."id" = "tbl_appointment"."branch"
LEFT JOIN "tbl_slots" ON "tbl_slots"."id" = CAST(tbl_appointment.slot AS INTEGER)
LEFT JOIN "tbl_section" ON "tbl_section"."id" = "tbl_appointment"."section"
WHERE "tbl_appointment"."is_deleted" = :tbl_appointment.is_deleted:
AND CAST(tbl_appointment.dates AS DATE) = :CAST(tbl_appointment.dates AS DATE):', [...], false)
 3 APPPATH\Controllers\Home.php(864): CodeIgniter\Database\BaseBuilder->get()
 4 SYSTEMPATH\CodeIgniter.php(933): App\Controllers\Home->get_todays_appointment_data('tbl_appointment')
 5 SYSTEMPATH\CodeIgniter.php(509): CodeIgniter\CodeIgniter->runController(Object(App\Controllers\Home))
 6 SYSTEMPATH\CodeIgniter.php(355): CodeIgniter\CodeIgniter->handleRequest(null, Object(Config\Cache), false)
 7 SYSTEMPATH\Boot.php(312): CodeIgniter\CodeIgniter->run()
 8 SYSTEMPATH\Boot.php(67): CodeIgniter\Boot::runCodeIgniter(Object(CodeIgniter\CodeIgniter))
 9 FCPATH\index.php(56): CodeIgniter\Boot::bootWeb(Object(Config\Paths))
ERROR - 2024-11-14 08:55:25 --> Error connecting to the database: ErrorException: pg_connect(): Unable to connect to PostgreSQL server: FATAL:  remaining connection slots are reserved for roles with the SUPERUSER attribute in C:\xampp\htdocs\OPDClinic\system\Database\Postgre\Connection.php:78
Stack trace:
#0 [internal function]: CodeIgniter\Debug\Exceptions->errorHandler(2, 'pg_connect(): U...', 'C:\\xampp\\htdocs...', 78)
#1 C:\xampp\htdocs\OPDClinic\system\Database\Postgre\Connection.php(78): pg_connect('host=db-postgre...')
#2 C:\xampp\htdocs\OPDClinic\system\Database\BaseConnection.php(421): CodeIgniter\Database\Postgre\Connection->connect(false)
#3 C:\xampp\htdocs\OPDClinic\system\Database\BaseConnection.php(604): CodeIgniter\Database\BaseConnection->initialize()
#4 C:\xampp\htdocs\OPDClinic\system\Database\BaseBuilder.php(1629): CodeIgniter\Database\BaseConnection->query('SELECT "tbl_app...', Array, false)
#5 C:\xampp\htdocs\OPDClinic\app\Controllers\Home.php(1073): CodeIgniter\Database\BaseBuilder->get()
#6 C:\xampp\htdocs\OPDClinic\system\CodeIgniter.php(933): App\Controllers\Home->getUpcomingAppointments()
#7 C:\xampp\htdocs\OPDClinic\system\CodeIgniter.php(509): CodeIgniter\CodeIgniter->runController(Object(App\Controllers\Home))
#8 C:\xampp\htdocs\OPDClinic\system\CodeIgniter.php(355): CodeIgniter\CodeIgniter->handleRequest(NULL, Object(Config\Cache), false)
#9 C:\xampp\htdocs\OPDClinic\system\Boot.php(312): CodeIgniter\CodeIgniter->run()
#10 C:\xampp\htdocs\OPDClinic\system\Boot.php(67): CodeIgniter\Boot::runCodeIgniter(Object(CodeIgniter\CodeIgniter))
#11 C:\xampp\htdocs\OPDClinic\index.php(56): CodeIgniter\Boot::bootWeb(Object(Config\Paths))
#12 {main}
CRITICAL - 2024-11-14 08:55:25 --> CodeIgniter\Database\Exceptions\DatabaseException: Unable to connect to the database.
Main connection [Postgre]: pg_connect(): Unable to connect to PostgreSQL server: FATAL:  remaining connection slots are reserved for roles with the SUPERUSER attribute
[Method: GET, Route: get_upcoming_appointments]
in SYSTEMPATH\Database\BaseConnection.php on line 457.
 1 SYSTEMPATH\Database\BaseConnection.php(604): CodeIgniter\Database\BaseConnection->initialize()
 2 SYSTEMPATH\Database\BaseBuilder.php(1629): CodeIgniter\Database\BaseConnection->query('SELECT "tbl_appointment".*, "tbl_slots"."slots_time" AS "slot_time", "tbl_branch"."branch_name" AS "branch_name", "tbl_register"."name" AS "consultant_name", "tbl_section"."section_name" AS "section_name"
FROM "tbl_appointment"
LEFT JOIN "tbl_slots" ON CAST(tbl_appointment.slot AS INTEGER) = tbl_slots.id
LEFT JOIN "tbl_branch" ON "tbl_appointment"."branch" = "tbl_branch"."id"
LEFT JOIN "tbl_register" ON "tbl_appointment"."consultant" = "tbl_register"."id"
LEFT JOIN "tbl_section" ON "tbl_appointment"."section" = "tbl_section"."id"
WHERE "tbl_appointment"."appointment_status" = :tbl_appointment.appointment_status:', [...], false)
 3 APPPATH\Controllers\Home.php(1073): CodeIgniter\Database\BaseBuilder->get()
 4 SYSTEMPATH\CodeIgniter.php(933): App\Controllers\Home->getUpcomingAppointments()
 5 SYSTEMPATH\CodeIgniter.php(509): CodeIgniter\CodeIgniter->runController(Object(App\Controllers\Home))
 6 SYSTEMPATH\CodeIgniter.php(355): CodeIgniter\CodeIgniter->handleRequest(null, Object(Config\Cache), false)
 7 SYSTEMPATH\Boot.php(312): CodeIgniter\CodeIgniter->run()
 8 SYSTEMPATH\Boot.php(67): CodeIgniter\Boot::runCodeIgniter(Object(CodeIgniter\CodeIgniter))
 9 FCPATH\index.php(56): CodeIgniter\Boot::bootWeb(Object(Config\Paths))
INFO - 2024-11-14 09:19:00 --> Fetching appointments with parameters: consultantId=1, branchId=12, appointmentStatus=PE
INFO - 2024-11-14 09:19:02 --> Consultant Name: Exercise
INFO - 2024-11-14 09:19:02 --> Query Result: []
INFO - 2024-11-14 09:19:32 --> Fetching appointments with parameters: consultantId=3, branchId=1, appointmentStatus=PE
INFO - 2024-11-14 09:19:34 --> Consultant Name: siddhesh kadge
INFO - 2024-11-14 09:19:35 --> Query Result: [{"id":"29","branch":"1","hawservices":"","consultant":"3","healthissues":"test ","dates":"2024-11-14","full_name":"test1 ","age":"25","mobile_no":"1010101010","email_id":"test1@co","locations":"xxx","slot":"14","subscription":"","plan":"daily","subscriptiontype":"","startdate":"2024-11-14","section":"3","created_at":"2024-11-14 08:49:23.128874","is_deleted":"N","payment_status":null,"appointment_status":"PE","price":null,"branch_name":"Moshi, Pimpri-Chinchwad","consultant_name":"siddhesh kadge"}]
INFO - 2024-11-14 09:23:26 --> Fetching appointments with parameters: consultantId=1, branchId=12, appointmentStatus=PE
INFO - 2024-11-14 09:23:28 --> Consultant Name: Exercise
INFO - 2024-11-14 09:23:28 --> Query Result: []
INFO - 2024-11-14 09:24:32 --> Fetching appointments with parameters: consultantId=1, branchId=1, appointmentStatus=PE
INFO - 2024-11-14 09:24:33 --> Consultant Name: Exercise
INFO - 2024-11-14 09:24:34 --> Query Result: [{"id":"1","branch":"1","hawservices":null,"consultant":null,"healthissues":null,"dates":"2024-11-18","full_name":"Siddhesh","age":"23","mobile_no":"7588525387","email_id":"sdkj@wsdj.com","locations":"hhdhhf dgg","slot":"1","subscription":null,"plan":"custom","subscriptiontype":"7 Days","startdate":"2024-11-17","section":"6","created_at":"2024-11-14 08:00:04.899964","is_deleted":"N","payment_status":null,"appointment_status":"PE","price":null,"branch_name":"Moshi, Pimpri-Chinchwad","consultant_name":null},{"id":"2","branch":"1","hawservices":null,"consultant":null,"healthissues":null,"dates":"2024-11-25","full_name":"Siddhesh","age":"23","mobile_no":"7588525387","email_id":"sdkj@wsdj.com","locations":"hhdhhf dgg","slot":"1","subscription":null,"plan":"custom","subscriptiontype":"7 Days","startdate":"2024-11-17","section":"6","created_at":"2024-11-14 08:00:04.899964","is_deleted":"N","payment_status":null,"appointment_status":"PE","price":null,"branch_name":"Moshi, Pimpri-Chinchwad","consultant_name":null},{"id":"3","branch":"1","hawservices":null,"consultant":null,"healthissues":null,"dates":"2024-12-02","full_name":"Siddhesh","age":"23","mobile_no":"7588525387","email_id":"sdkj@wsdj.com","locations":"hhdhhf dgg","slot":"1","subscription":null,"plan":"custom","subscriptiontype":"7 Days","startdate":"2024-11-17","section":"6","created_at":"2024-11-14 08:00:04.899964","is_deleted":"N","payment_status":null,"appointment_status":"PE","price":null,"branch_name":"Moshi, Pimpri-Chinchwad","consultant_name":null},{"id":"4","branch":"1","hawservices":null,"consultant":null,"healthissues":null,"dates":"2024-12-09","full_name":"Siddhesh","age":"23","mobile_no":"7588525387","email_id":"sdkj@wsdj.com","locations":"hhdhhf dgg","slot":"1","subscription":null,"plan":"custom","subscriptiontype":"7 Days","startdate":"2024-11-17","section":"6","created_at":"2024-11-14 08:00:04.899964","is_deleted":"N","payment_status":null,"appointment_status":"PE","price":null,"branch_name":"Moshi, Pimpri-Chinchwad","consultant_name":null},{"id":"5","branch":"1","hawservices":null,"consultant":null,"healthissues":null,"dates":"2024-12-16","full_name":"Siddhesh","age":"23","mobile_no":"7588525387","email_id":"sdkj@wsdj.com","locations":"hhdhhf dgg","slot":"1","subscription":null,"plan":"custom","subscriptiontype":"7 Days","startdate":"2024-11-17","section":"6","created_at":"2024-11-14 08:00:04.899964","is_deleted":"N","payment_status":null,"appointment_status":"PE","price":null,"branch_name":"Moshi, Pimpri-Chinchwad","consultant_name":null},{"id":"6","branch":"1","hawservices":null,"consultant":null,"healthissues":null,"dates":"2024-12-23","full_name":"Siddhesh","age":"23","mobile_no":"7588525387","email_id":"sdkj@wsdj.com","locations":"hhdhhf dgg","slot":"1","subscription":null,"plan":"custom","subscriptiontype":"7 Days","startdate":"2024-11-17","section":"6","created_at":"2024-11-14 08:00:04.899964","is_deleted":"N","payment_status":null,"appointment_status":"PE","price":null,"branch_name":"Moshi, Pimpri-Chinchwad","consultant_name":null},{"id":"7","branch":"1","hawservices":null,"consultant":null,"healthissues":null,"dates":"2024-12-30","full_name":"Siddhesh","age":"23","mobile_no":"7588525387","email_id":"sdkj@wsdj.com","locations":"hhdhhf dgg","slot":"1","subscription":null,"plan":"custom","subscriptiontype":"7 Days","startdate":"2024-11-17","section":"6","created_at":"2024-11-14 08:00:04.899964","is_deleted":"N","payment_status":null,"appointment_status":"PE","price":null,"branch_name":"Moshi, Pimpri-Chinchwad","consultant_name":null},{"id":"8","branch":"1","hawservices":null,"consultant":null,"healthissues":null,"dates":"2024-11-18","full_name":"Rushikesh","age":"23","mobile_no":"9421563410","email_id":"sdkj@wsdjf","locations":"drd","slot":"1","subscription":null,"plan":"custom","subscriptiontype":"7 Days","startdate":"2024-11-15","section":"6","created_at":"2024-11-14 08:23:07.397485","is_deleted":"N","payment_status":null,"appointment_status":"PE","price":null,"branch_name":"Moshi, Pimpri-Chinchwad","consultant_name":null},{"id":"9","branch":"1","hawservices":null,"consultant":null,"healthissues":null,"dates":"2024-11-25","full_name":"Rushikesh","age":"23","mobile_no":"9421563410","email_id":"sdkj@wsdjf","locations":"drd","slot":"1","subscription":null,"plan":"custom","subscriptiontype":"7 Days","startdate":"2024-11-15","section":"6","created_at":"2024-11-14 08:23:07.397485","is_deleted":"N","payment_status":null,"appointment_status":"PE","price":null,"branch_name":"Moshi, Pimpri-Chinchwad","consultant_name":null},{"id":"10","branch":"1","hawservices":null,"consultant":null,"healthissues":null,"dates":"2024-12-02","full_name":"Rushikesh","age":"23","mobile_no":"9421563410","email_id":"sdkj@wsdjf","locations":"drd","slot":"1","subscription":null,"plan":"custom","subscriptiontype":"7 Days","startdate":"2024-11-15","section":"6","created_at":"2024-11-14 08:23:07.397485","is_deleted":"N","payment_status":null,"appointment_status":"PE","price":null,"branch_name":"Moshi, Pimpri-Chinchwad","consultant_name":null},{"id":"11","branch":"1","hawservices":null,"consultant":null,"healthissues":null,"dates":"2024-12-09","full_name":"Rushikesh","age":"23","mobile_no":"9421563410","email_id":"sdkj@wsdjf","locations":"drd","slot":"1","subscription":null,"plan":"custom","subscriptiontype":"7 Days","startdate":"2024-11-15","section":"6","created_at":"2024-11-14 08:23:07.397485","is_deleted":"N","payment_status":null,"appointment_status":"PE","price":null,"branch_name":"Moshi, Pimpri-Chinchwad","consultant_name":null},{"id":"12","branch":"1","hawservices":null,"consultant":null,"healthissues":null,"dates":"2024-12-16","full_name":"Rushikesh","age":"23","mobile_no":"9421563410","email_id":"sdkj@wsdjf","locations":"drd","slot":"1","subscription":null,"plan":"custom","subscriptiontype":"7 Days","startdate":"2024-11-15","section":"6","created_at":"2024-11-14 08:23:07.397485","is_deleted":"N","payment_status":null,"appointment_status":"PE","price":null,"branch_name":"Moshi, Pimpri-Chinchwad","consultant_name":null},{"id":"13","branch":"1","hawservices":null,"consultant":null,"healthissues":null,"dates":"2024-12-23","full_name":"Rushikesh","age":"23","mobile_no":"9421563410","email_id":"sdkj@wsdjf","locations":"drd","slot":"1","subscription":null,"plan":"custom","subscriptiontype":"7 Days","startdate":"2024-11-15","section":"6","created_at":"2024-11-14 08:23:07.397485","is_deleted":"N","payment_status":null,"appointment_status":"PE","price":null,"branch_name":"Moshi, Pimpri-Chinchwad","consultant_name":null},{"id":"14","branch":"1","hawservices":null,"consultant":null,"healthissues":null,"dates":"2024-12-30","full_name":"Rushikesh","age":"23","mobile_no":"9421563410","email_id":"sdkj@wsdjf","locations":"drd","slot":"1","subscription":null,"plan":"custom","subscriptiontype":"7 Days","startdate":"2024-11-15","section":"6","created_at":"2024-11-14 08:23:07.397485","is_deleted":"N","payment_status":null,"appointment_status":"PE","price":null,"branch_name":"Moshi, Pimpri-Chinchwad","consultant_name":null},{"id":"15","branch":"1","hawservices":null,"consultant":null,"healthissues":null,"dates":"2024-11-18","full_name":"ss","age":"100","mobile_no":"9421563410","email_id":"sdkj@wsdjf","locations":"d","slot":"2","subscription":null,"plan":"custom","subscriptiontype":"7 Days","startdate":"2024-11-15","section":"6","created_at":"2024-11-14 08:23:50.680605","is_deleted":"N","payment_status":null,"appointment_status":"PE","price":null,"branch_name":"Moshi, Pimpri-Chinchwad","consultant_name":null},{"id":"16","branch":"1","hawservices":null,"consultant":null,"healthissues":null,"dates":"2024-11-25","full_name":"ss","age":"100","mobile_no":"9421563410","email_id":"sdkj@wsdjf","locations":"d","slot":"2","subscription":null,"plan":"custom","subscriptiontype":"7 Days","startdate":"2024-11-15","section":"6","created_at":"2024-11-14 08:23:50.680605","is_deleted":"N","payment_status":null,"appointment_status":"PE","price":null,"branch_name":"Moshi, Pimpri-Chinchwad","consultant_name":null},{"id":"17","branch":"1","hawservices":null,"consultant":null,"healthissues":null,"dates":"2024-12-02","full_name":"ss","age":"100","mobile_no":"9421563410","email_id":"sdkj@wsdjf","locations":"d","slot":"2","subscription":null,"plan":"custom","subscriptiontype":"7 Days","startdate":"2024-11-15","section":"6","created_at":"2024-11-14 08:23:50.680605","is_deleted":"N","payment_status":null,"appointment_status":"PE","price":null,"branch_name":"Moshi, Pimpri-Chinchwad","consultant_name":null},{"id":"18","branch":"1","hawservices":null,"consultant":null,"healthissues":null,"dates":"2024-12-09","full_name":"ss","age":"100","mobile_no":"9421563410","email_id":"sdkj@wsdjf","locations":"d","slot":"2","subscription":null,"plan":"custom","subscriptiontype":"7 Days","startdate":"2024-11-15","section":"6","created_at":"2024-11-14 08:23:50.680605","is_deleted":"N","payment_status":null,"appointment_status":"PE","price":null,"branch_name":"Moshi, Pimpri-Chinchwad","consultant_name":null},{"id":"19","branch":"1","hawservices":null,"consultant":null,"healthissues":null,"dates":"2024-12-16","full_name":"ss","age":"100","mobile_no":"9421563410","email_id":"sdkj@wsdjf","locations":"d","slot":"2","subscription":null,"plan":"custom","subscriptiontype":"7 Days","startdate":"2024-11-15","section":"6","created_at":"2024-11-14 08:23:50.680605","is_deleted":"N","payment_status":null,"appointment_status":"PE","price":null,"branch_name":"Moshi, Pimpri-Chinchwad","consultant_name":null},{"id":"20","branch":"1","hawservices":null,"consultant":null,"healthissues":null,"dates":"2024-12-23","full_name":"ss","age":"100","mobile_no":"9421563410","email_id":"sdkj@wsdjf","locations":"d","slot":"2","subscription":null,"plan":"custom","subscriptiontype":"7 Days","startdate":"2024-11-15","section":"6","created_at":"2024-11-14 08:23:50.680605","is_deleted":"N","payment_status":null,"appointment_status":"PE","price":null,"branch_name":"Moshi, Pimpri-Chinchwad","consultant_name":null},{"id":"21","branch":"1","hawservices":null,"consultant":null,"healthissues":null,"dates":"2024-12-30","full_name":"ss","age":"100","mobile_no":"9421563410","email_id":"sdkj@wsdjf","locations":"d","slot":"2","subscription":null,"plan":"custom","subscriptiontype":"7 Days","startdate":"2024-11-15","section":"6","created_at":"2024-11-14 08:23:50.680605","is_deleted":"N","payment_status":null,"appointment_status":"PE","price":null,"branch_name":"Moshi, Pimpri-Chinchwad","consultant_name":null},{"id":"22","branch":"1","hawservices":null,"consultant":null,"healthissues":null,"dates":"2024-11-18","full_name":"siddhesh fffdd","age":"10","mobile_no":"9325623328","email_id":"sdkj@wsdj.com","locations":"sd","slot":"2","subscription":null,"plan":"custom","subscriptiontype":"7 Days","startdate":"2024-11-14","section":"6","created_at":"2024-11-14 08:24:25.278599","is_deleted":"N","payment_status":null,"appointment_status":"PE","price":null,"branch_name":"Moshi, Pimpri-Chinchwad","consultant_name":null},{"id":"23","branch":"1","hawservices":null,"consultant":null,"healthissues":null,"dates":"2024-11-25","full_name":"siddhesh fffdd","age":"10","mobile_no":"9325623328","email_id":"sdkj@wsdj.com","locations":"sd","slot":"2","subscription":null,"plan":"custom","subscriptiontype":"7 Days","startdate":"2024-11-14","section":"6","created_at":"2024-11-14 08:24:25.278599","is_deleted":"N","payment_status":null,"appointment_status":"PE","price":null,"branch_name":"Moshi, Pimpri-Chinchwad","consultant_name":null},{"id":"24","branch":"1","hawservices":null,"consultant":null,"healthissues":null,"dates":"2024-12-02","full_name":"siddhesh fffdd","age":"10","mobile_no":"9325623328","email_id":"sdkj@wsdj.com","locations":"sd","slot":"2","subscription":null,"plan":"custom","subscriptiontype":"7 Days","startdate":"2024-11-14","section":"6","created_at":"2024-11-14 08:24:25.278599","is_deleted":"N","payment_status":null,"appointment_status":"PE","price":null,"branch_name":"Moshi, Pimpri-Chinchwad","consultant_name":null},{"id":"25","branch":"1","hawservices":null,"consultant":null,"healthissues":null,"dates":"2024-12-09","full_name":"siddhesh fffdd","age":"10","mobile_no":"9325623328","email_id":"sdkj@wsdj.com","locations":"sd","slot":"2","subscription":null,"plan":"custom","subscriptiontype":"7 Days","startdate":"2024-11-14","section":"6","created_at":"2024-11-14 08:24:25.278599","is_deleted":"N","payment_status":null,"appointment_status":"PE","price":null,"branch_name":"Moshi, Pimpri-Chinchwad","consultant_name":null},{"id":"26","branch":"1","hawservices":null,"consultant":null,"healthissues":null,"dates":"2024-12-16","full_name":"siddhesh fffdd","age":"10","mobile_no":"9325623328","email_id":"sdkj@wsdj.com","locations":"sd","slot":"2","subscription":null,"plan":"custom","subscriptiontype":"7 Days","startdate":"2024-11-14","section":"6","created_at":"2024-11-14 08:24:25.278599","is_deleted":"N","payment_status":null,"appointment_status":"PE","price":null,"branch_name":"Moshi, Pimpri-Chinchwad","consultant_name":null},{"id":"27","branch":"1","hawservices":null,"consultant":null,"healthissues":null,"dates":"2024-12-23","full_name":"siddhesh fffdd","age":"10","mobile_no":"9325623328","email_id":"sdkj@wsdj.com","locations":"sd","slot":"2","subscription":null,"plan":"custom","subscriptiontype":"7 Days","startdate":"2024-11-14","section":"6","created_at":"2024-11-14 08:24:25.278599","is_deleted":"N","payment_status":null,"appointment_status":"PE","price":null,"branch_name":"Moshi, Pimpri-Chinchwad","consultant_name":null},{"id":"28","branch":"1","hawservices":null,"consultant":null,"healthissues":null,"dates":"2024-12-30","full_name":"siddhesh fffdd","age":"10","mobile_no":"9325623328","email_id":"sdkj@wsdj.com","locations":"sd","slot":"2","subscription":null,"plan":"custom","subscriptiontype":"7 Days","startdate":"2024-11-14","section":"6","created_at":"2024-11-14 08:24:25.278599","is_deleted":"N","payment_status":null,"appointment_status":"PE","price":null,"branch_name":"Moshi, Pimpri-Chinchwad","consultant_name":null}]
INFO - 2024-11-14 09:25:08 --> Fetching appointments with parameters: consultantId=1, branchId=1, appointmentStatus=PE
INFO - 2024-11-14 09:25:10 --> Consultant Name: Exercise
INFO - 2024-11-14 09:25:10 --> Query Result: [{"id":"1","branch":"1","hawservices":null,"consultant":null,"healthissues":null,"dates":"2024-11-18","full_name":"Siddhesh","age":"23","mobile_no":"7588525387","email_id":"sdkj@wsdj.com","locations":"hhdhhf dgg","slot":"1","subscription":null,"plan":"custom","subscriptiontype":"7 Days","startdate":"2024-11-17","section":"6","created_at":"2024-11-14 08:00:04.899964","is_deleted":"N","payment_status":null,"appointment_status":"PE","price":null,"branch_name":"Moshi, Pimpri-Chinchwad","consultant_name":null},{"id":"2","branch":"1","hawservices":null,"consultant":null,"healthissues":null,"dates":"2024-11-25","full_name":"Siddhesh","age":"23","mobile_no":"7588525387","email_id":"sdkj@wsdj.com","locations":"hhdhhf dgg","slot":"1","subscription":null,"plan":"custom","subscriptiontype":"7 Days","startdate":"2024-11-17","section":"6","created_at":"2024-11-14 08:00:04.899964","is_deleted":"N","payment_status":null,"appointment_status":"PE","price":null,"branch_name":"Moshi, Pimpri-Chinchwad","consultant_name":null},{"id":"3","branch":"1","hawservices":null,"consultant":null,"healthissues":null,"dates":"2024-12-02","full_name":"Siddhesh","age":"23","mobile_no":"7588525387","email_id":"sdkj@wsdj.com","locations":"hhdhhf dgg","slot":"1","subscription":null,"plan":"custom","subscriptiontype":"7 Days","startdate":"2024-11-17","section":"6","created_at":"2024-11-14 08:00:04.899964","is_deleted":"N","payment_status":null,"appointment_status":"PE","price":null,"branch_name":"Moshi, Pimpri-Chinchwad","consultant_name":null},{"id":"4","branch":"1","hawservices":null,"consultant":null,"healthissues":null,"dates":"2024-12-09","full_name":"Siddhesh","age":"23","mobile_no":"7588525387","email_id":"sdkj@wsdj.com","locations":"hhdhhf dgg","slot":"1","subscription":null,"plan":"custom","subscriptiontype":"7 Days","startdate":"2024-11-17","section":"6","created_at":"2024-11-14 08:00:04.899964","is_deleted":"N","payment_status":null,"appointment_status":"PE","price":null,"branch_name":"Moshi, Pimpri-Chinchwad","consultant_name":null},{"id":"5","branch":"1","hawservices":null,"consultant":null,"healthissues":null,"dates":"2024-12-16","full_name":"Siddhesh","age":"23","mobile_no":"7588525387","email_id":"sdkj@wsdj.com","locations":"hhdhhf dgg","slot":"1","subscription":null,"plan":"custom","subscriptiontype":"7 Days","startdate":"2024-11-17","section":"6","created_at":"2024-11-14 08:00:04.899964","is_deleted":"N","payment_status":null,"appointment_status":"PE","price":null,"branch_name":"Moshi, Pimpri-Chinchwad","consultant_name":null},{"id":"6","branch":"1","hawservices":null,"consultant":null,"healthissues":null,"dates":"2024-12-23","full_name":"Siddhesh","age":"23","mobile_no":"7588525387","email_id":"sdkj@wsdj.com","locations":"hhdhhf dgg","slot":"1","subscription":null,"plan":"custom","subscriptiontype":"7 Days","startdate":"2024-11-17","section":"6","created_at":"2024-11-14 08:00:04.899964","is_deleted":"N","payment_status":null,"appointment_status":"PE","price":null,"branch_name":"Moshi, Pimpri-Chinchwad","consultant_name":null},{"id":"7","branch":"1","hawservices":null,"consultant":null,"healthissues":null,"dates":"2024-12-30","full_name":"Siddhesh","age":"23","mobile_no":"7588525387","email_id":"sdkj@wsdj.com","locations":"hhdhhf dgg","slot":"1","subscription":null,"plan":"custom","subscriptiontype":"7 Days","startdate":"2024-11-17","section":"6","created_at":"2024-11-14 08:00:04.899964","is_deleted":"N","payment_status":null,"appointment_status":"PE","price":null,"branch_name":"Moshi, Pimpri-Chinchwad","consultant_name":null},{"id":"8","branch":"1","hawservices":null,"consultant":null,"healthissues":null,"dates":"2024-11-18","full_name":"Rushikesh","age":"23","mobile_no":"9421563410","email_id":"sdkj@wsdjf","locations":"drd","slot":"1","subscription":null,"plan":"custom","subscriptiontype":"7 Days","startdate":"2024-11-15","section":"6","created_at":"2024-11-14 08:23:07.397485","is_deleted":"N","payment_status":null,"appointment_status":"PE","price":null,"branch_name":"Moshi, Pimpri-Chinchwad","consultant_name":null},{"id":"9","branch":"1","hawservices":null,"consultant":null,"healthissues":null,"dates":"2024-11-25","full_name":"Rushikesh","age":"23","mobile_no":"9421563410","email_id":"sdkj@wsdjf","locations":"drd","slot":"1","subscription":null,"plan":"custom","subscriptiontype":"7 Days","startdate":"2024-11-15","section":"6","created_at":"2024-11-14 08:23:07.397485","is_deleted":"N","payment_status":null,"appointment_status":"PE","price":null,"branch_name":"Moshi, Pimpri-Chinchwad","consultant_name":null},{"id":"10","branch":"1","hawservices":null,"consultant":null,"healthissues":null,"dates":"2024-12-02","full_name":"Rushikesh","age":"23","mobile_no":"9421563410","email_id":"sdkj@wsdjf","locations":"drd","slot":"1","subscription":null,"plan":"custom","subscriptiontype":"7 Days","startdate":"2024-11-15","section":"6","created_at":"2024-11-14 08:23:07.397485","is_deleted":"N","payment_status":null,"appointment_status":"PE","price":null,"branch_name":"Moshi, Pimpri-Chinchwad","consultant_name":null},{"id":"11","branch":"1","hawservices":null,"consultant":null,"healthissues":null,"dates":"2024-12-09","full_name":"Rushikesh","age":"23","mobile_no":"9421563410","email_id":"sdkj@wsdjf","locations":"drd","slot":"1","subscription":null,"plan":"custom","subscriptiontype":"7 Days","startdate":"2024-11-15","section":"6","created_at":"2024-11-14 08:23:07.397485","is_deleted":"N","payment_status":null,"appointment_status":"PE","price":null,"branch_name":"Moshi, Pimpri-Chinchwad","consultant_name":null},{"id":"12","branch":"1","hawservices":null,"consultant":null,"healthissues":null,"dates":"2024-12-16","full_name":"Rushikesh","age":"23","mobile_no":"9421563410","email_id":"sdkj@wsdjf","locations":"drd","slot":"1","subscription":null,"plan":"custom","subscriptiontype":"7 Days","startdate":"2024-11-15","section":"6","created_at":"2024-11-14 08:23:07.397485","is_deleted":"N","payment_status":null,"appointment_status":"PE","price":null,"branch_name":"Moshi, Pimpri-Chinchwad","consultant_name":null},{"id":"13","branch":"1","hawservices":null,"consultant":null,"healthissues":null,"dates":"2024-12-23","full_name":"Rushikesh","age":"23","mobile_no":"9421563410","email_id":"sdkj@wsdjf","locations":"drd","slot":"1","subscription":null,"plan":"custom","subscriptiontype":"7 Days","startdate":"2024-11-15","section":"6","created_at":"2024-11-14 08:23:07.397485","is_deleted":"N","payment_status":null,"appointment_status":"PE","price":null,"branch_name":"Moshi, Pimpri-Chinchwad","consultant_name":null},{"id":"14","branch":"1","hawservices":null,"consultant":null,"healthissues":null,"dates":"2024-12-30","full_name":"Rushikesh","age":"23","mobile_no":"9421563410","email_id":"sdkj@wsdjf","locations":"drd","slot":"1","subscription":null,"plan":"custom","subscriptiontype":"7 Days","startdate":"2024-11-15","section":"6","created_at":"2024-11-14 08:23:07.397485","is_deleted":"N","payment_status":null,"appointment_status":"PE","price":null,"branch_name":"Moshi, Pimpri-Chinchwad","consultant_name":null},{"id":"15","branch":"1","hawservices":null,"consultant":null,"healthissues":null,"dates":"2024-11-18","full_name":"ss","age":"100","mobile_no":"9421563410","email_id":"sdkj@wsdjf","locations":"d","slot":"2","subscription":null,"plan":"custom","subscriptiontype":"7 Days","startdate":"2024-11-15","section":"6","created_at":"2024-11-14 08:23:50.680605","is_deleted":"N","payment_status":null,"appointment_status":"PE","price":null,"branch_name":"Moshi, Pimpri-Chinchwad","consultant_name":null},{"id":"16","branch":"1","hawservices":null,"consultant":null,"healthissues":null,"dates":"2024-11-25","full_name":"ss","age":"100","mobile_no":"9421563410","email_id":"sdkj@wsdjf","locations":"d","slot":"2","subscription":null,"plan":"custom","subscriptiontype":"7 Days","startdate":"2024-11-15","section":"6","created_at":"2024-11-14 08:23:50.680605","is_deleted":"N","payment_status":null,"appointment_status":"PE","price":null,"branch_name":"Moshi, Pimpri-Chinchwad","consultant_name":null},{"id":"17","branch":"1","hawservices":null,"consultant":null,"healthissues":null,"dates":"2024-12-02","full_name":"ss","age":"100","mobile_no":"9421563410","email_id":"sdkj@wsdjf","locations":"d","slot":"2","subscription":null,"plan":"custom","subscriptiontype":"7 Days","startdate":"2024-11-15","section":"6","created_at":"2024-11-14 08:23:50.680605","is_deleted":"N","payment_status":null,"appointment_status":"PE","price":null,"branch_name":"Moshi, Pimpri-Chinchwad","consultant_name":null},{"id":"18","branch":"1","hawservices":null,"consultant":null,"healthissues":null,"dates":"2024-12-09","full_name":"ss","age":"100","mobile_no":"9421563410","email_id":"sdkj@wsdjf","locations":"d","slot":"2","subscription":null,"plan":"custom","subscriptiontype":"7 Days","startdate":"2024-11-15","section":"6","created_at":"2024-11-14 08:23:50.680605","is_deleted":"N","payment_status":null,"appointment_status":"PE","price":null,"branch_name":"Moshi, Pimpri-Chinchwad","consultant_name":null},{"id":"19","branch":"1","hawservices":null,"consultant":null,"healthissues":null,"dates":"2024-12-16","full_name":"ss","age":"100","mobile_no":"9421563410","email_id":"sdkj@wsdjf","locations":"d","slot":"2","subscription":null,"plan":"custom","subscriptiontype":"7 Days","startdate":"2024-11-15","section":"6","created_at":"2024-11-14 08:23:50.680605","is_deleted":"N","payment_status":null,"appointment_status":"PE","price":null,"branch_name":"Moshi, Pimpri-Chinchwad","consultant_name":null},{"id":"20","branch":"1","hawservices":null,"consultant":null,"healthissues":null,"dates":"2024-12-23","full_name":"ss","age":"100","mobile_no":"9421563410","email_id":"sdkj@wsdjf","locations":"d","slot":"2","subscription":null,"plan":"custom","subscriptiontype":"7 Days","startdate":"2024-11-15","section":"6","created_at":"2024-11-14 08:23:50.680605","is_deleted":"N","payment_status":null,"appointment_status":"PE","price":null,"branch_name":"Moshi, Pimpri-Chinchwad","consultant_name":null},{"id":"21","branch":"1","hawservices":null,"consultant":null,"healthissues":null,"dates":"2024-12-30","full_name":"ss","age":"100","mobile_no":"9421563410","email_id":"sdkj@wsdjf","locations":"d","slot":"2","subscription":null,"plan":"custom","subscriptiontype":"7 Days","startdate":"2024-11-15","section":"6","created_at":"2024-11-14 08:23:50.680605","is_deleted":"N","payment_status":null,"appointment_status":"PE","price":null,"branch_name":"Moshi, Pimpri-Chinchwad","consultant_name":null},{"id":"22","branch":"1","hawservices":null,"consultant":null,"healthissues":null,"dates":"2024-11-18","full_name":"siddhesh fffdd","age":"10","mobile_no":"9325623328","email_id":"sdkj@wsdj.com","locations":"sd","slot":"2","subscription":null,"plan":"custom","subscriptiontype":"7 Days","startdate":"2024-11-14","section":"6","created_at":"2024-11-14 08:24:25.278599","is_deleted":"N","payment_status":null,"appointment_status":"PE","price":null,"branch_name":"Moshi, Pimpri-Chinchwad","consultant_name":null},{"id":"23","branch":"1","hawservices":null,"consultant":null,"healthissues":null,"dates":"2024-11-25","full_name":"siddhesh fffdd","age":"10","mobile_no":"9325623328","email_id":"sdkj@wsdj.com","locations":"sd","slot":"2","subscription":null,"plan":"custom","subscriptiontype":"7 Days","startdate":"2024-11-14","section":"6","created_at":"2024-11-14 08:24:25.278599","is_deleted":"N","payment_status":null,"appointment_status":"PE","price":null,"branch_name":"Moshi, Pimpri-Chinchwad","consultant_name":null},{"id":"24","branch":"1","hawservices":null,"consultant":null,"healthissues":null,"dates":"2024-12-02","full_name":"siddhesh fffdd","age":"10","mobile_no":"9325623328","email_id":"sdkj@wsdj.com","locations":"sd","slot":"2","subscription":null,"plan":"custom","subscriptiontype":"7 Days","startdate":"2024-11-14","section":"6","created_at":"2024-11-14 08:24:25.278599","is_deleted":"N","payment_status":null,"appointment_status":"PE","price":null,"branch_name":"Moshi, Pimpri-Chinchwad","consultant_name":null},{"id":"25","branch":"1","hawservices":null,"consultant":null,"healthissues":null,"dates":"2024-12-09","full_name":"siddhesh fffdd","age":"10","mobile_no":"9325623328","email_id":"sdkj@wsdj.com","locations":"sd","slot":"2","subscription":null,"plan":"custom","subscriptiontype":"7 Days","startdate":"2024-11-14","section":"6","created_at":"2024-11-14 08:24:25.278599","is_deleted":"N","payment_status":null,"appointment_status":"PE","price":null,"branch_name":"Moshi, Pimpri-Chinchwad","consultant_name":null},{"id":"26","branch":"1","hawservices":null,"consultant":null,"healthissues":null,"dates":"2024-12-16","full_name":"siddhesh fffdd","age":"10","mobile_no":"9325623328","email_id":"sdkj@wsdj.com","locations":"sd","slot":"2","subscription":null,"plan":"custom","subscriptiontype":"7 Days","startdate":"2024-11-14","section":"6","created_at":"2024-11-14 08:24:25.278599","is_deleted":"N","payment_status":null,"appointment_status":"PE","price":null,"branch_name":"Moshi, Pimpri-Chinchwad","consultant_name":null},{"id":"27","branch":"1","hawservices":null,"consultant":null,"healthissues":null,"dates":"2024-12-23","full_name":"siddhesh fffdd","age":"10","mobile_no":"9325623328","email_id":"sdkj@wsdj.com","locations":"sd","slot":"2","subscription":null,"plan":"custom","subscriptiontype":"7 Days","startdate":"2024-11-14","section":"6","created_at":"2024-11-14 08:24:25.278599","is_deleted":"N","payment_status":null,"appointment_status":"PE","price":null,"branch_name":"Moshi, Pimpri-Chinchwad","consultant_name":null},{"id":"28","branch":"1","hawservices":null,"consultant":null,"healthissues":null,"dates":"2024-12-30","full_name":"siddhesh fffdd","age":"10","mobile_no":"9325623328","email_id":"sdkj@wsdj.com","locations":"sd","slot":"2","subscription":null,"plan":"custom","subscriptiontype":"7 Days","startdate":"2024-11-14","section":"6","created_at":"2024-11-14 08:24:25.278599","is_deleted":"N","payment_status":null,"appointment_status":"PE","price":null,"branch_name":"Moshi, Pimpri-Chinchwad","consultant_name":null}]
INFO - 2024-11-14 09:25:49 --> Fetching appointments with parameters: consultantId=1, branchId=1, appointmentStatus=PE
INFO - 2024-11-14 09:25:51 --> Consultant Name: Exercise
INFO - 2024-11-14 09:25:51 --> Query Result: [{"id":"1","branch":"1","hawservices":null,"consultant":null,"healthissues":null,"dates":"2024-11-18","full_name":"Siddhesh","age":"23","mobile_no":"7588525387","email_id":"sdkj@wsdj.com","locations":"hhdhhf dgg","slot":"1","subscription":null,"plan":"custom","subscriptiontype":"7 Days","startdate":"2024-11-17","section":"6","created_at":"2024-11-14 08:00:04.899964","is_deleted":"N","payment_status":null,"appointment_status":"PE","price":null,"branch_name":"Moshi, Pimpri-Chinchwad","consultant_name":null},{"id":"2","branch":"1","hawservices":null,"consultant":null,"healthissues":null,"dates":"2024-11-25","full_name":"Siddhesh","age":"23","mobile_no":"7588525387","email_id":"sdkj@wsdj.com","locations":"hhdhhf dgg","slot":"1","subscription":null,"plan":"custom","subscriptiontype":"7 Days","startdate":"2024-11-17","section":"6","created_at":"2024-11-14 08:00:04.899964","is_deleted":"N","payment_status":null,"appointment_status":"PE","price":null,"branch_name":"Moshi, Pimpri-Chinchwad","consultant_name":null},{"id":"3","branch":"1","hawservices":null,"consultant":null,"healthissues":null,"dates":"2024-12-02","full_name":"Siddhesh","age":"23","mobile_no":"7588525387","email_id":"sdkj@wsdj.com","locations":"hhdhhf dgg","slot":"1","subscription":null,"plan":"custom","subscriptiontype":"7 Days","startdate":"2024-11-17","section":"6","created_at":"2024-11-14 08:00:04.899964","is_deleted":"N","payment_status":null,"appointment_status":"PE","price":null,"branch_name":"Moshi, Pimpri-Chinchwad","consultant_name":null},{"id":"4","branch":"1","hawservices":null,"consultant":null,"healthissues":null,"dates":"2024-12-09","full_name":"Siddhesh","age":"23","mobile_no":"7588525387","email_id":"sdkj@wsdj.com","locations":"hhdhhf dgg","slot":"1","subscription":null,"plan":"custom","subscriptiontype":"7 Days","startdate":"2024-11-17","section":"6","created_at":"2024-11-14 08:00:04.899964","is_deleted":"N","payment_status":null,"appointment_status":"PE","price":null,"branch_name":"Moshi, Pimpri-Chinchwad","consultant_name":null},{"id":"5","branch":"1","hawservices":null,"consultant":null,"healthissues":null,"dates":"2024-12-16","full_name":"Siddhesh","age":"23","mobile_no":"7588525387","email_id":"sdkj@wsdj.com","locations":"hhdhhf dgg","slot":"1","subscription":null,"plan":"custom","subscriptiontype":"7 Days","startdate":"2024-11-17","section":"6","created_at":"2024-11-14 08:00:04.899964","is_deleted":"N","payment_status":null,"appointment_status":"PE","price":null,"branch_name":"Moshi, Pimpri-Chinchwad","consultant_name":null},{"id":"6","branch":"1","hawservices":null,"consultant":null,"healthissues":null,"dates":"2024-12-23","full_name":"Siddhesh","age":"23","mobile_no":"7588525387","email_id":"sdkj@wsdj.com","locations":"hhdhhf dgg","slot":"1","subscription":null,"plan":"custom","subscriptiontype":"7 Days","startdate":"2024-11-17","section":"6","created_at":"2024-11-14 08:00:04.899964","is_deleted":"N","payment_status":null,"appointment_status":"PE","price":null,"branch_name":"Moshi, Pimpri-Chinchwad","consultant_name":null},{"id":"7","branch":"1","hawservices":null,"consultant":null,"healthissues":null,"dates":"2024-12-30","full_name":"Siddhesh","age":"23","mobile_no":"7588525387","email_id":"sdkj@wsdj.com","locations":"hhdhhf dgg","slot":"1","subscription":null,"plan":"custom","subscriptiontype":"7 Days","startdate":"2024-11-17","section":"6","created_at":"2024-11-14 08:00:04.899964","is_deleted":"N","payment_status":null,"appointment_status":"PE","price":null,"branch_name":"Moshi, Pimpri-Chinchwad","consultant_name":null},{"id":"8","branch":"1","hawservices":null,"consultant":null,"healthissues":null,"dates":"2024-11-18","full_name":"Rushikesh","age":"23","mobile_no":"9421563410","email_id":"sdkj@wsdjf","locations":"drd","slot":"1","subscription":null,"plan":"custom","subscriptiontype":"7 Days","startdate":"2024-11-15","section":"6","created_at":"2024-11-14 08:23:07.397485","is_deleted":"N","payment_status":null,"appointment_status":"PE","price":null,"branch_name":"Moshi, Pimpri-Chinchwad","consultant_name":null},{"id":"9","branch":"1","hawservices":null,"consultant":null,"healthissues":null,"dates":"2024-11-25","full_name":"Rushikesh","age":"23","mobile_no":"9421563410","email_id":"sdkj@wsdjf","locations":"drd","slot":"1","subscription":null,"plan":"custom","subscriptiontype":"7 Days","startdate":"2024-11-15","section":"6","created_at":"2024-11-14 08:23:07.397485","is_deleted":"N","payment_status":null,"appointment_status":"PE","price":null,"branch_name":"Moshi, Pimpri-Chinchwad","consultant_name":null},{"id":"10","branch":"1","hawservices":null,"consultant":null,"healthissues":null,"dates":"2024-12-02","full_name":"Rushikesh","age":"23","mobile_no":"9421563410","email_id":"sdkj@wsdjf","locations":"drd","slot":"1","subscription":null,"plan":"custom","subscriptiontype":"7 Days","startdate":"2024-11-15","section":"6","created_at":"2024-11-14 08:23:07.397485","is_deleted":"N","payment_status":null,"appointment_status":"PE","price":null,"branch_name":"Moshi, Pimpri-Chinchwad","consultant_name":null},{"id":"11","branch":"1","hawservices":null,"consultant":null,"healthissues":null,"dates":"2024-12-09","full_name":"Rushikesh","age":"23","mobile_no":"9421563410","email_id":"sdkj@wsdjf","locations":"drd","slot":"1","subscription":null,"plan":"custom","subscriptiontype":"7 Days","startdate":"2024-11-15","section":"6","created_at":"2024-11-14 08:23:07.397485","is_deleted":"N","payment_status":null,"appointment_status":"PE","price":null,"branch_name":"Moshi, Pimpri-Chinchwad","consultant_name":null},{"id":"12","branch":"1","hawservices":null,"consultant":null,"healthissues":null,"dates":"2024-12-16","full_name":"Rushikesh","age":"23","mobile_no":"9421563410","email_id":"sdkj@wsdjf","locations":"drd","slot":"1","subscription":null,"plan":"custom","subscriptiontype":"7 Days","startdate":"2024-11-15","section":"6","created_at":"2024-11-14 08:23:07.397485","is_deleted":"N","payment_status":null,"appointment_status":"PE","price":null,"branch_name":"Moshi, Pimpri-Chinchwad","consultant_name":null},{"id":"13","branch":"1","hawservices":null,"consultant":null,"healthissues":null,"dates":"2024-12-23","full_name":"Rushikesh","age":"23","mobile_no":"9421563410","email_id":"sdkj@wsdjf","locations":"drd","slot":"1","subscription":null,"plan":"custom","subscriptiontype":"7 Days","startdate":"2024-11-15","section":"6","created_at":"2024-11-14 08:23:07.397485","is_deleted":"N","payment_status":null,"appointment_status":"PE","price":null,"branch_name":"Moshi, Pimpri-Chinchwad","consultant_name":null},{"id":"14","branch":"1","hawservices":null,"consultant":null,"healthissues":null,"dates":"2024-12-30","full_name":"Rushikesh","age":"23","mobile_no":"9421563410","email_id":"sdkj@wsdjf","locations":"drd","slot":"1","subscription":null,"plan":"custom","subscriptiontype":"7 Days","startdate":"2024-11-15","section":"6","created_at":"2024-11-14 08:23:07.397485","is_deleted":"N","payment_status":null,"appointment_status":"PE","price":null,"branch_name":"Moshi, Pimpri-Chinchwad","consultant_name":null},{"id":"15","branch":"1","hawservices":null,"consultant":null,"healthissues":null,"dates":"2024-11-18","full_name":"ss","age":"100","mobile_no":"9421563410","email_id":"sdkj@wsdjf","locations":"d","slot":"2","subscription":null,"plan":"custom","subscriptiontype":"7 Days","startdate":"2024-11-15","section":"6","created_at":"2024-11-14 08:23:50.680605","is_deleted":"N","payment_status":null,"appointment_status":"PE","price":null,"branch_name":"Moshi, Pimpri-Chinchwad","consultant_name":null},{"id":"16","branch":"1","hawservices":null,"consultant":null,"healthissues":null,"dates":"2024-11-25","full_name":"ss","age":"100","mobile_no":"9421563410","email_id":"sdkj@wsdjf","locations":"d","slot":"2","subscription":null,"plan":"custom","subscriptiontype":"7 Days","startdate":"2024-11-15","section":"6","created_at":"2024-11-14 08:23:50.680605","is_deleted":"N","payment_status":null,"appointment_status":"PE","price":null,"branch_name":"Moshi, Pimpri-Chinchwad","consultant_name":null},{"id":"17","branch":"1","hawservices":null,"consultant":null,"healthissues":null,"dates":"2024-12-02","full_name":"ss","age":"100","mobile_no":"9421563410","email_id":"sdkj@wsdjf","locations":"d","slot":"2","subscription":null,"plan":"custom","subscriptiontype":"7 Days","startdate":"2024-11-15","section":"6","created_at":"2024-11-14 08:23:50.680605","is_deleted":"N","payment_status":null,"appointment_status":"PE","price":null,"branch_name":"Moshi, Pimpri-Chinchwad","consultant_name":null},{"id":"18","branch":"1","hawservices":null,"consultant":null,"healthissues":null,"dates":"2024-12-09","full_name":"ss","age":"100","mobile_no":"9421563410","email_id":"sdkj@wsdjf","locations":"d","slot":"2","subscription":null,"plan":"custom","subscriptiontype":"7 Days","startdate":"2024-11-15","section":"6","created_at":"2024-11-14 08:23:50.680605","is_deleted":"N","payment_status":null,"appointment_status":"PE","price":null,"branch_name":"Moshi, Pimpri-Chinchwad","consultant_name":null},{"id":"19","branch":"1","hawservices":null,"consultant":null,"healthissues":null,"dates":"2024-12-16","full_name":"ss","age":"100","mobile_no":"9421563410","email_id":"sdkj@wsdjf","locations":"d","slot":"2","subscription":null,"plan":"custom","subscriptiontype":"7 Days","startdate":"2024-11-15","section":"6","created_at":"2024-11-14 08:23:50.680605","is_deleted":"N","payment_status":null,"appointment_status":"PE","price":null,"branch_name":"Moshi, Pimpri-Chinchwad","consultant_name":null},{"id":"20","branch":"1","hawservices":null,"consultant":null,"healthissues":null,"dates":"2024-12-23","full_name":"ss","age":"100","mobile_no":"9421563410","email_id":"sdkj@wsdjf","locations":"d","slot":"2","subscription":null,"plan":"custom","subscriptiontype":"7 Days","startdate":"2024-11-15","section":"6","created_at":"2024-11-14 08:23:50.680605","is_deleted":"N","payment_status":null,"appointment_status":"PE","price":null,"branch_name":"Moshi, Pimpri-Chinchwad","consultant_name":null},{"id":"21","branch":"1","hawservices":null,"consultant":null,"healthissues":null,"dates":"2024-12-30","full_name":"ss","age":"100","mobile_no":"9421563410","email_id":"sdkj@wsdjf","locations":"d","slot":"2","subscription":null,"plan":"custom","subscriptiontype":"7 Days","startdate":"2024-11-15","section":"6","created_at":"2024-11-14 08:23:50.680605","is_deleted":"N","payment_status":null,"appointment_status":"PE","price":null,"branch_name":"Moshi, Pimpri-Chinchwad","consultant_name":null},{"id":"22","branch":"1","hawservices":null,"consultant":null,"healthissues":null,"dates":"2024-11-18","full_name":"siddhesh fffdd","age":"10","mobile_no":"9325623328","email_id":"sdkj@wsdj.com","locations":"sd","slot":"2","subscription":null,"plan":"custom","subscriptiontype":"7 Days","startdate":"2024-11-14","section":"6","created_at":"2024-11-14 08:24:25.278599","is_deleted":"N","payment_status":null,"appointment_status":"PE","price":null,"branch_name":"Moshi, Pimpri-Chinchwad","consultant_name":null},{"id":"23","branch":"1","hawservices":null,"consultant":null,"healthissues":null,"dates":"2024-11-25","full_name":"siddhesh fffdd","age":"10","mobile_no":"9325623328","email_id":"sdkj@wsdj.com","locations":"sd","slot":"2","subscription":null,"plan":"custom","subscriptiontype":"7 Days","startdate":"2024-11-14","section":"6","created_at":"2024-11-14 08:24:25.278599","is_deleted":"N","payment_status":null,"appointment_status":"PE","price":null,"branch_name":"Moshi, Pimpri-Chinchwad","consultant_name":null},{"id":"24","branch":"1","hawservices":null,"consultant":null,"healthissues":null,"dates":"2024-12-02","full_name":"siddhesh fffdd","age":"10","mobile_no":"9325623328","email_id":"sdkj@wsdj.com","locations":"sd","slot":"2","subscription":null,"plan":"custom","subscriptiontype":"7 Days","startdate":"2024-11-14","section":"6","created_at":"2024-11-14 08:24:25.278599","is_deleted":"N","payment_status":null,"appointment_status":"PE","price":null,"branch_name":"Moshi, Pimpri-Chinchwad","consultant_name":null},{"id":"25","branch":"1","hawservices":null,"consultant":null,"healthissues":null,"dates":"2024-12-09","full_name":"siddhesh fffdd","age":"10","mobile_no":"9325623328","email_id":"sdkj@wsdj.com","locations":"sd","slot":"2","subscription":null,"plan":"custom","subscriptiontype":"7 Days","startdate":"2024-11-14","section":"6","created_at":"2024-11-14 08:24:25.278599","is_deleted":"N","payment_status":null,"appointment_status":"PE","price":null,"branch_name":"Moshi, Pimpri-Chinchwad","consultant_name":null},{"id":"26","branch":"1","hawservices":null,"consultant":null,"healthissues":null,"dates":"2024-12-16","full_name":"siddhesh fffdd","age":"10","mobile_no":"9325623328","email_id":"sdkj@wsdj.com","locations":"sd","slot":"2","subscription":null,"plan":"custom","subscriptiontype":"7 Days","startdate":"2024-11-14","section":"6","created_at":"2024-11-14 08:24:25.278599","is_deleted":"N","payment_status":null,"appointment_status":"PE","price":null,"branch_name":"Moshi, Pimpri-Chinchwad","consultant_name":null},{"id":"27","branch":"1","hawservices":null,"consultant":null,"healthissues":null,"dates":"2024-12-23","full_name":"siddhesh fffdd","age":"10","mobile_no":"9325623328","email_id":"sdkj@wsdj.com","locations":"sd","slot":"2","subscription":null,"plan":"custom","subscriptiontype":"7 Days","startdate":"2024-11-14","section":"6","created_at":"2024-11-14 08:24:25.278599","is_deleted":"N","payment_status":null,"appointment_status":"PE","price":null,"branch_name":"Moshi, Pimpri-Chinchwad","consultant_name":null},{"id":"28","branch":"1","hawservices":null,"consultant":null,"healthissues":null,"dates":"2024-12-30","full_name":"siddhesh fffdd","age":"10","mobile_no":"9325623328","email_id":"sdkj@wsdj.com","locations":"sd","slot":"2","subscription":null,"plan":"custom","subscriptiontype":"7 Days","startdate":"2024-11-14","section":"6","created_at":"2024-11-14 08:24:25.278599","is_deleted":"N","payment_status":null,"appointment_status":"PE","price":null,"branch_name":"Moshi, Pimpri-Chinchwad","consultant_name":null}]
INFO - 2024-11-14 09:27:31 --> Fetching appointments with parameters: consultantId=1, branchId=1, appointmentStatus=PE
INFO - 2024-11-14 09:27:33 --> Consultant Name: Exercise
INFO - 2024-11-14 09:27:33 --> Query Result: [{"id":"1","branch":"1","hawservices":null,"consultant":null,"healthissues":null,"dates":"2024-11-18","full_name":"Siddhesh","age":"23","mobile_no":"7588525387","email_id":"sdkj@wsdj.com","locations":"hhdhhf dgg","slot":"1","subscription":null,"plan":"custom","subscriptiontype":"7 Days","startdate":"2024-11-17","section":"6","created_at":"2024-11-14 08:00:04.899964","is_deleted":"N","payment_status":null,"appointment_status":"PE","price":null,"branch_name":"Moshi, Pimpri-Chinchwad","consultant_name":null},{"id":"2","branch":"1","hawservices":null,"consultant":null,"healthissues":null,"dates":"2024-11-25","full_name":"Siddhesh","age":"23","mobile_no":"7588525387","email_id":"sdkj@wsdj.com","locations":"hhdhhf dgg","slot":"1","subscription":null,"plan":"custom","subscriptiontype":"7 Days","startdate":"2024-11-17","section":"6","created_at":"2024-11-14 08:00:04.899964","is_deleted":"N","payment_status":null,"appointment_status":"PE","price":null,"branch_name":"Moshi, Pimpri-Chinchwad","consultant_name":null},{"id":"3","branch":"1","hawservices":null,"consultant":null,"healthissues":null,"dates":"2024-12-02","full_name":"Siddhesh","age":"23","mobile_no":"7588525387","email_id":"sdkj@wsdj.com","locations":"hhdhhf dgg","slot":"1","subscription":null,"plan":"custom","subscriptiontype":"7 Days","startdate":"2024-11-17","section":"6","created_at":"2024-11-14 08:00:04.899964","is_deleted":"N","payment_status":null,"appointment_status":"PE","price":null,"branch_name":"Moshi, Pimpri-Chinchwad","consultant_name":null},{"id":"4","branch":"1","hawservices":null,"consultant":null,"healthissues":null,"dates":"2024-12-09","full_name":"Siddhesh","age":"23","mobile_no":"7588525387","email_id":"sdkj@wsdj.com","locations":"hhdhhf dgg","slot":"1","subscription":null,"plan":"custom","subscriptiontype":"7 Days","startdate":"2024-11-17","section":"6","created_at":"2024-11-14 08:00:04.899964","is_deleted":"N","payment_status":null,"appointment_status":"PE","price":null,"branch_name":"Moshi, Pimpri-Chinchwad","consultant_name":null},{"id":"5","branch":"1","hawservices":null,"consultant":null,"healthissues":null,"dates":"2024-12-16","full_name":"Siddhesh","age":"23","mobile_no":"7588525387","email_id":"sdkj@wsdj.com","locations":"hhdhhf dgg","slot":"1","subscription":null,"plan":"custom","subscriptiontype":"7 Days","startdate":"2024-11-17","section":"6","created_at":"2024-11-14 08:00:04.899964","is_deleted":"N","payment_status":null,"appointment_status":"PE","price":null,"branch_name":"Moshi, Pimpri-Chinchwad","consultant_name":null},{"id":"6","branch":"1","hawservices":null,"consultant":null,"healthissues":null,"dates":"2024-12-23","full_name":"Siddhesh","age":"23","mobile_no":"7588525387","email_id":"sdkj@wsdj.com","locations":"hhdhhf dgg","slot":"1","subscription":null,"plan":"custom","subscriptiontype":"7 Days","startdate":"2024-11-17","section":"6","created_at":"2024-11-14 08:00:04.899964","is_deleted":"N","payment_status":null,"appointment_status":"PE","price":null,"branch_name":"Moshi, Pimpri-Chinchwad","consultant_name":null},{"id":"7","branch":"1","hawservices":null,"consultant":null,"healthissues":null,"dates":"2024-12-30","full_name":"Siddhesh","age":"23","mobile_no":"7588525387","email_id":"sdkj@wsdj.com","locations":"hhdhhf dgg","slot":"1","subscription":null,"plan":"custom","subscriptiontype":"7 Days","startdate":"2024-11-17","section":"6","created_at":"2024-11-14 08:00:04.899964","is_deleted":"N","payment_status":null,"appointment_status":"PE","price":null,"branch_name":"Moshi, Pimpri-Chinchwad","consultant_name":null},{"id":"8","branch":"1","hawservices":null,"consultant":null,"healthissues":null,"dates":"2024-11-18","full_name":"Rushikesh","age":"23","mobile_no":"9421563410","email_id":"sdkj@wsdjf","locations":"drd","slot":"1","subscription":null,"plan":"custom","subscriptiontype":"7 Days","startdate":"2024-11-15","section":"6","created_at":"2024-11-14 08:23:07.397485","is_deleted":"N","payment_status":null,"appointment_status":"PE","price":null,"branch_name":"Moshi, Pimpri-Chinchwad","consultant_name":null},{"id":"9","branch":"1","hawservices":null,"consultant":null,"healthissues":null,"dates":"2024-11-25","full_name":"Rushikesh","age":"23","mobile_no":"9421563410","email_id":"sdkj@wsdjf","locations":"drd","slot":"1","subscription":null,"plan":"custom","subscriptiontype":"7 Days","startdate":"2024-11-15","section":"6","created_at":"2024-11-14 08:23:07.397485","is_deleted":"N","payment_status":null,"appointment_status":"PE","price":null,"branch_name":"Moshi, Pimpri-Chinchwad","consultant_name":null},{"id":"10","branch":"1","hawservices":null,"consultant":null,"healthissues":null,"dates":"2024-12-02","full_name":"Rushikesh","age":"23","mobile_no":"9421563410","email_id":"sdkj@wsdjf","locations":"drd","slot":"1","subscription":null,"plan":"custom","subscriptiontype":"7 Days","startdate":"2024-11-15","section":"6","created_at":"2024-11-14 08:23:07.397485","is_deleted":"N","payment_status":null,"appointment_status":"PE","price":null,"branch_name":"Moshi, Pimpri-Chinchwad","consultant_name":null},{"id":"11","branch":"1","hawservices":null,"consultant":null,"healthissues":null,"dates":"2024-12-09","full_name":"Rushikesh","age":"23","mobile_no":"9421563410","email_id":"sdkj@wsdjf","locations":"drd","slot":"1","subscription":null,"plan":"custom","subscriptiontype":"7 Days","startdate":"2024-11-15","section":"6","created_at":"2024-11-14 08:23:07.397485","is_deleted":"N","payment_status":null,"appointment_status":"PE","price":null,"branch_name":"Moshi, Pimpri-Chinchwad","consultant_name":null},{"id":"12","branch":"1","hawservices":null,"consultant":null,"healthissues":null,"dates":"2024-12-16","full_name":"Rushikesh","age":"23","mobile_no":"9421563410","email_id":"sdkj@wsdjf","locations":"drd","slot":"1","subscription":null,"plan":"custom","subscriptiontype":"7 Days","startdate":"2024-11-15","section":"6","created_at":"2024-11-14 08:23:07.397485","is_deleted":"N","payment_status":null,"appointment_status":"PE","price":null,"branch_name":"Moshi, Pimpri-Chinchwad","consultant_name":null},{"id":"13","branch":"1","hawservices":null,"consultant":null,"healthissues":null,"dates":"2024-12-23","full_name":"Rushikesh","age":"23","mobile_no":"9421563410","email_id":"sdkj@wsdjf","locations":"drd","slot":"1","subscription":null,"plan":"custom","subscriptiontype":"7 Days","startdate":"2024-11-15","section":"6","created_at":"2024-11-14 08:23:07.397485","is_deleted":"N","payment_status":null,"appointment_status":"PE","price":null,"branch_name":"Moshi, Pimpri-Chinchwad","consultant_name":null},{"id":"14","branch":"1","hawservices":null,"consultant":null,"healthissues":null,"dates":"2024-12-30","full_name":"Rushikesh","age":"23","mobile_no":"9421563410","email_id":"sdkj@wsdjf","locations":"drd","slot":"1","subscription":null,"plan":"custom","subscriptiontype":"7 Days","startdate":"2024-11-15","section":"6","created_at":"2024-11-14 08:23:07.397485","is_deleted":"N","payment_status":null,"appointment_status":"PE","price":null,"branch_name":"Moshi, Pimpri-Chinchwad","consultant_name":null},{"id":"15","branch":"1","hawservices":null,"consultant":null,"healthissues":null,"dates":"2024-11-18","full_name":"ss","age":"100","mobile_no":"9421563410","email_id":"sdkj@wsdjf","locations":"d","slot":"2","subscription":null,"plan":"custom","subscriptiontype":"7 Days","startdate":"2024-11-15","section":"6","created_at":"2024-11-14 08:23:50.680605","is_deleted":"N","payment_status":null,"appointment_status":"PE","price":null,"branch_name":"Moshi, Pimpri-Chinchwad","consultant_name":null},{"id":"16","branch":"1","hawservices":null,"consultant":null,"healthissues":null,"dates":"2024-11-25","full_name":"ss","age":"100","mobile_no":"9421563410","email_id":"sdkj@wsdjf","locations":"d","slot":"2","subscription":null,"plan":"custom","subscriptiontype":"7 Days","startdate":"2024-11-15","section":"6","created_at":"2024-11-14 08:23:50.680605","is_deleted":"N","payment_status":null,"appointment_status":"PE","price":null,"branch_name":"Moshi, Pimpri-Chinchwad","consultant_name":null},{"id":"17","branch":"1","hawservices":null,"consultant":null,"healthissues":null,"dates":"2024-12-02","full_name":"ss","age":"100","mobile_no":"9421563410","email_id":"sdkj@wsdjf","locations":"d","slot":"2","subscription":null,"plan":"custom","subscriptiontype":"7 Days","startdate":"2024-11-15","section":"6","created_at":"2024-11-14 08:23:50.680605","is_deleted":"N","payment_status":null,"appointment_status":"PE","price":null,"branch_name":"Moshi, Pimpri-Chinchwad","consultant_name":null},{"id":"18","branch":"1","hawservices":null,"consultant":null,"healthissues":null,"dates":"2024-12-09","full_name":"ss","age":"100","mobile_no":"9421563410","email_id":"sdkj@wsdjf","locations":"d","slot":"2","subscription":null,"plan":"custom","subscriptiontype":"7 Days","startdate":"2024-11-15","section":"6","created_at":"2024-11-14 08:23:50.680605","is_deleted":"N","payment_status":null,"appointment_status":"PE","price":null,"branch_name":"Moshi, Pimpri-Chinchwad","consultant_name":null},{"id":"19","branch":"1","hawservices":null,"consultant":null,"healthissues":null,"dates":"2024-12-16","full_name":"ss","age":"100","mobile_no":"9421563410","email_id":"sdkj@wsdjf","locations":"d","slot":"2","subscription":null,"plan":"custom","subscriptiontype":"7 Days","startdate":"2024-11-15","section":"6","created_at":"2024-11-14 08:23:50.680605","is_deleted":"N","payment_status":null,"appointment_status":"PE","price":null,"branch_name":"Moshi, Pimpri-Chinchwad","consultant_name":null},{"id":"20","branch":"1","hawservices":null,"consultant":null,"healthissues":null,"dates":"2024-12-23","full_name":"ss","age":"100","mobile_no":"9421563410","email_id":"sdkj@wsdjf","locations":"d","slot":"2","subscription":null,"plan":"custom","subscriptiontype":"7 Days","startdate":"2024-11-15","section":"6","created_at":"2024-11-14 08:23:50.680605","is_deleted":"N","payment_status":null,"appointment_status":"PE","price":null,"branch_name":"Moshi, Pimpri-Chinchwad","consultant_name":null},{"id":"21","branch":"1","hawservices":null,"consultant":null,"healthissues":null,"dates":"2024-12-30","full_name":"ss","age":"100","mobile_no":"9421563410","email_id":"sdkj@wsdjf","locations":"d","slot":"2","subscription":null,"plan":"custom","subscriptiontype":"7 Days","startdate":"2024-11-15","section":"6","created_at":"2024-11-14 08:23:50.680605","is_deleted":"N","payment_status":null,"appointment_status":"PE","price":null,"branch_name":"Moshi, Pimpri-Chinchwad","consultant_name":null},{"id":"22","branch":"1","hawservices":null,"consultant":null,"healthissues":null,"dates":"2024-11-18","full_name":"siddhesh fffdd","age":"10","mobile_no":"9325623328","email_id":"sdkj@wsdj.com","locations":"sd","slot":"2","subscription":null,"plan":"custom","subscriptiontype":"7 Days","startdate":"2024-11-14","section":"6","created_at":"2024-11-14 08:24:25.278599","is_deleted":"N","payment_status":null,"appointment_status":"PE","price":null,"branch_name":"Moshi, Pimpri-Chinchwad","consultant_name":null},{"id":"23","branch":"1","hawservices":null,"consultant":null,"healthissues":null,"dates":"2024-11-25","full_name":"siddhesh fffdd","age":"10","mobile_no":"9325623328","email_id":"sdkj@wsdj.com","locations":"sd","slot":"2","subscription":null,"plan":"custom","subscriptiontype":"7 Days","startdate":"2024-11-14","section":"6","created_at":"2024-11-14 08:24:25.278599","is_deleted":"N","payment_status":null,"appointment_status":"PE","price":null,"branch_name":"Moshi, Pimpri-Chinchwad","consultant_name":null},{"id":"24","branch":"1","hawservices":null,"consultant":null,"healthissues":null,"dates":"2024-12-02","full_name":"siddhesh fffdd","age":"10","mobile_no":"9325623328","email_id":"sdkj@wsdj.com","locations":"sd","slot":"2","subscription":null,"plan":"custom","subscriptiontype":"7 Days","startdate":"2024-11-14","section":"6","created_at":"2024-11-14 08:24:25.278599","is_deleted":"N","payment_status":null,"appointment_status":"PE","price":null,"branch_name":"Moshi, Pimpri-Chinchwad","consultant_name":null},{"id":"25","branch":"1","hawservices":null,"consultant":null,"healthissues":null,"dates":"2024-12-09","full_name":"siddhesh fffdd","age":"10","mobile_no":"9325623328","email_id":"sdkj@wsdj.com","locations":"sd","slot":"2","subscription":null,"plan":"custom","subscriptiontype":"7 Days","startdate":"2024-11-14","section":"6","created_at":"2024-11-14 08:24:25.278599","is_deleted":"N","payment_status":null,"appointment_status":"PE","price":null,"branch_name":"Moshi, Pimpri-Chinchwad","consultant_name":null},{"id":"26","branch":"1","hawservices":null,"consultant":null,"healthissues":null,"dates":"2024-12-16","full_name":"siddhesh fffdd","age":"10","mobile_no":"9325623328","email_id":"sdkj@wsdj.com","locations":"sd","slot":"2","subscription":null,"plan":"custom","subscriptiontype":"7 Days","startdate":"2024-11-14","section":"6","created_at":"2024-11-14 08:24:25.278599","is_deleted":"N","payment_status":null,"appointment_status":"PE","price":null,"branch_name":"Moshi, Pimpri-Chinchwad","consultant_name":null},{"id":"27","branch":"1","hawservices":null,"consultant":null,"healthissues":null,"dates":"2024-12-23","full_name":"siddhesh fffdd","age":"10","mobile_no":"9325623328","email_id":"sdkj@wsdj.com","locations":"sd","slot":"2","subscription":null,"plan":"custom","subscriptiontype":"7 Days","startdate":"2024-11-14","section":"6","created_at":"2024-11-14 08:24:25.278599","is_deleted":"N","payment_status":null,"appointment_status":"PE","price":null,"branch_name":"Moshi, Pimpri-Chinchwad","consultant_name":null},{"id":"28","branch":"1","hawservices":null,"consultant":null,"healthissues":null,"dates":"2024-12-30","full_name":"siddhesh fffdd","age":"10","mobile_no":"9325623328","email_id":"sdkj@wsdj.com","locations":"sd","slot":"2","subscription":null,"plan":"custom","subscriptiontype":"7 Days","startdate":"2024-11-14","section":"6","created_at":"2024-11-14 08:24:25.278599","is_deleted":"N","payment_status":null,"appointment_status":"PE","price":null,"branch_name":"Moshi, Pimpri-Chinchwad","consultant_name":null}]
INFO - 2024-11-14 09:38:07 --> Fetching appointments with parameters: consultantId=1, branchId=1, tab=home
ERROR - 2024-11-14 09:38:09 --> ErrorException: pg_query(): Query failed: ERROR:  column &quot;full_name&quot; does not exist
LINE 1: SELECT &quot;full_name&quot;
               ^ in C:\xampp\htdocs\OPDClinic\system\Database\Postgre\Connection.php:193
Stack trace:
#0 [internal function]: CodeIgniter\Debug\Exceptions->errorHandler(2, 'pg_query(): Que...', 'C:\\xampp\\htdocs...', 193)
#1 C:\xampp\htdocs\OPDClinic\system\Database\Postgre\Connection.php(193): pg_query(Object(PgSql\Connection), 'SELECT "full_na...')
#2 C:\xampp\htdocs\OPDClinic\system\Database\BaseConnection.php(722): CodeIgniter\Database\Postgre\Connection->execute('SELECT "full_na...')
#3 C:\xampp\htdocs\OPDClinic\system\Database\BaseConnection.php(636): CodeIgniter\Database\BaseConnection->simpleQuery('SELECT "full_na...')
#4 C:\xampp\htdocs\OPDClinic\system\Database\BaseBuilder.php(1629): CodeIgniter\Database\BaseConnection->query('SELECT "full_na...', Array, false)
#5 C:\xampp\htdocs\OPDClinic\app\Controllers\Home.php(527): CodeIgniter\Database\BaseBuilder->get()
#6 C:\xampp\htdocs\OPDClinic\system\CodeIgniter.php(933): App\Controllers\Home->getFilteredAppointments('tbl_appointment')
#7 C:\xampp\htdocs\OPDClinic\system\CodeIgniter.php(509): CodeIgniter\CodeIgniter->runController(Object(App\Controllers\Home))
#8 C:\xampp\htdocs\OPDClinic\system\CodeIgniter.php(355): CodeIgniter\CodeIgniter->handleRequest(NULL, Object(Config\Cache), false)
#9 C:\xampp\htdocs\OPDClinic\system\Boot.php(312): CodeIgniter\CodeIgniter->run()
#10 C:\xampp\htdocs\OPDClinic\system\Boot.php(67): CodeIgniter\Boot::runCodeIgniter(Object(CodeIgniter\CodeIgniter))
#11 C:\xampp\htdocs\OPDClinic\index.php(56): CodeIgniter\Boot::bootWeb(Object(Config\Paths))
#12 {main}
CRITICAL - 2024-11-14 09:38:09 --> CodeIgniter\Database\Exceptions\DatabaseException: pg_query(): Query failed: ERROR:  column &quot;full_name&quot; does not exist
LINE 1: SELECT &quot;full_name&quot;
               ^
[Method: POST, Route: get_filtered_appointments/tbl_appointment]
in SYSTEMPATH\Database\BaseConnection.php on line 676.
 1 SYSTEMPATH\Database\BaseBuilder.php(1629): CodeIgniter\Database\BaseConnection->query('SELECT "full_name"
FROM "tbl_register"
WHERE "id" = :id:', [...], false)
 2 APPPATH\Controllers\Home.php(527): CodeIgniter\Database\BaseBuilder->get()
 3 SYSTEMPATH\CodeIgniter.php(933): App\Controllers\Home->getFilteredAppointments('tbl_appointment')
 4 SYSTEMPATH\CodeIgniter.php(509): CodeIgniter\CodeIgniter->runController(Object(App\Controllers\Home))
 5 SYSTEMPATH\CodeIgniter.php(355): CodeIgniter\CodeIgniter->handleRequest(null, Object(Config\Cache), false)
 6 SYSTEMPATH\Boot.php(312): CodeIgniter\CodeIgniter->run()
 7 SYSTEMPATH\Boot.php(67): CodeIgniter\Boot::runCodeIgniter(Object(CodeIgniter\CodeIgniter))
 8 FCPATH\index.php(56): CodeIgniter\Boot::bootWeb(Object(Config\Paths))
CRITICAL - 2024-11-14 09:38:09 --> [Caused by] CodeIgniter\Database\Exceptions\DatabaseException: pg_query(): Query failed: ERROR:  column &quot;full_name&quot; does not exist
LINE 1: SELECT &quot;full_name&quot;
               ^
in SYSTEMPATH\Database\Postgre\Connection.php on line 198.
 1 SYSTEMPATH\Database\BaseConnection.php(722): CodeIgniter\Database\Postgre\Connection->execute('SELECT "full_name"
FROM "tbl_register"
WHERE "id" = 1')
 2 SYSTEMPATH\Database\BaseConnection.php(636): CodeIgniter\Database\BaseConnection->simpleQuery('SELECT "full_name"
FROM "tbl_register"
WHERE "id" = 1')
 3 SYSTEMPATH\Database\BaseBuilder.php(1629): CodeIgniter\Database\BaseConnection->query('SELECT "full_name"
FROM "tbl_register"
WHERE "id" = :id:', [...], false)
 4 APPPATH\Controllers\Home.php(527): CodeIgniter\Database\BaseBuilder->get()
 5 SYSTEMPATH\CodeIgniter.php(933): App\Controllers\Home->getFilteredAppointments('tbl_appointment')
 6 SYSTEMPATH\CodeIgniter.php(509): CodeIgniter\CodeIgniter->runController(Object(App\Controllers\Home))
 7 SYSTEMPATH\CodeIgniter.php(355): CodeIgniter\CodeIgniter->handleRequest(null, Object(Config\Cache), false)
 8 SYSTEMPATH\Boot.php(312): CodeIgniter\CodeIgniter->run()
 9 SYSTEMPATH\Boot.php(67): CodeIgniter\Boot::runCodeIgniter(Object(CodeIgniter\CodeIgniter))
10 FCPATH\index.php(56): CodeIgniter\Boot::bootWeb(Object(Config\Paths))
CRITICAL - 2024-11-14 09:38:09 --> [Caused by] ErrorException: pg_query(): Query failed: ERROR:  column &quot;full_name&quot; does not exist
LINE 1: SELECT &quot;full_name&quot;
               ^
in SYSTEMPATH\Database\Postgre\Connection.php on line 193.
 1 [internal function]: CodeIgniter\Debug\Exceptions->errorHandler(2, 'pg_query(): Query failed: ERROR:  column &quot;full_name&quot; does not exist
LINE 1: SELECT &quot;full_name&quot;
               ^', 'C:\\xampp\\htdocs\\OPDClinic\\system\\Database\\Postgre\\Connection.php', 193)
 2 SYSTEMPATH\Database\Postgre\Connection.php(193): pg_query(Object(PgSql\Connection), 'SELECT "full_name"
FROM "tbl_register"
WHERE "id" = 1')
 3 SYSTEMPATH\Database\BaseConnection.php(722): CodeIgniter\Database\Postgre\Connection->execute('SELECT "full_name"
FROM "tbl_register"
WHERE "id" = 1')
 4 SYSTEMPATH\Database\BaseConnection.php(636): CodeIgniter\Database\BaseConnection->simpleQuery('SELECT "full_name"
FROM "tbl_register"
WHERE "id" = 1')
 5 SYSTEMPATH\Database\BaseBuilder.php(1629): CodeIgniter\Database\BaseConnection->query('SELECT "full_name"
FROM "tbl_register"
WHERE "id" = :id:', [...], false)
 6 APPPATH\Controllers\Home.php(527): CodeIgniter\Database\BaseBuilder->get()
 7 SYSTEMPATH\CodeIgniter.php(933): App\Controllers\Home->getFilteredAppointments('tbl_appointment')
 8 SYSTEMPATH\CodeIgniter.php(509): CodeIgniter\CodeIgniter->runController(Object(App\Controllers\Home))
 9 SYSTEMPATH\CodeIgniter.php(355): CodeIgniter\CodeIgniter->handleRequest(null, Object(Config\Cache), false)
10 SYSTEMPATH\Boot.php(312): CodeIgniter\CodeIgniter->run()
11 SYSTEMPATH\Boot.php(67): CodeIgniter\Boot::runCodeIgniter(Object(CodeIgniter\CodeIgniter))
12 FCPATH\index.php(56): CodeIgniter\Boot::bootWeb(Object(Config\Paths))
INFO - 2024-11-14 09:38:58 --> Fetching appointments with parameters: consultantId=3, branchId=1, tab=upcoming
ERROR - 2024-11-14 09:39:00 --> ErrorException: pg_query(): Query failed: ERROR:  column &quot;full_name&quot; does not exist
LINE 1: SELECT &quot;full_name&quot;
               ^ in C:\xampp\htdocs\OPDClinic\system\Database\Postgre\Connection.php:193
Stack trace:
#0 [internal function]: CodeIgniter\Debug\Exceptions->errorHandler(2, 'pg_query(): Que...', 'C:\\xampp\\htdocs...', 193)
#1 C:\xampp\htdocs\OPDClinic\system\Database\Postgre\Connection.php(193): pg_query(Object(PgSql\Connection), 'SELECT "full_na...')
#2 C:\xampp\htdocs\OPDClinic\system\Database\BaseConnection.php(722): CodeIgniter\Database\Postgre\Connection->execute('SELECT "full_na...')
#3 C:\xampp\htdocs\OPDClinic\system\Database\BaseConnection.php(636): CodeIgniter\Database\BaseConnection->simpleQuery('SELECT "full_na...')
#4 C:\xampp\htdocs\OPDClinic\system\Database\BaseBuilder.php(1629): CodeIgniter\Database\BaseConnection->query('SELECT "full_na...', Array, false)
#5 C:\xampp\htdocs\OPDClinic\app\Controllers\Home.php(527): CodeIgniter\Database\BaseBuilder->get()
#6 C:\xampp\htdocs\OPDClinic\system\CodeIgniter.php(933): App\Controllers\Home->getFilteredAppointments('tbl_appointment')
#7 C:\xampp\htdocs\OPDClinic\system\CodeIgniter.php(509): CodeIgniter\CodeIgniter->runController(Object(App\Controllers\Home))
#8 C:\xampp\htdocs\OPDClinic\system\CodeIgniter.php(355): CodeIgniter\CodeIgniter->handleRequest(NULL, Object(Config\Cache), false)
#9 C:\xampp\htdocs\OPDClinic\system\Boot.php(312): CodeIgniter\CodeIgniter->run()
#10 C:\xampp\htdocs\OPDClinic\system\Boot.php(67): CodeIgniter\Boot::runCodeIgniter(Object(CodeIgniter\CodeIgniter))
#11 C:\xampp\htdocs\OPDClinic\index.php(56): CodeIgniter\Boot::bootWeb(Object(Config\Paths))
#12 {main}
CRITICAL - 2024-11-14 09:39:00 --> CodeIgniter\Database\Exceptions\DatabaseException: pg_query(): Query failed: ERROR:  column &quot;full_name&quot; does not exist
LINE 1: SELECT &quot;full_name&quot;
               ^
[Method: POST, Route: get_filtered_appointments/tbl_appointment]
in SYSTEMPATH\Database\BaseConnection.php on line 676.
 1 SYSTEMPATH\Database\BaseBuilder.php(1629): CodeIgniter\Database\BaseConnection->query('SELECT "full_name"
FROM "tbl_register"
WHERE "id" = :id:', [...], false)
 2 APPPATH\Controllers\Home.php(527): CodeIgniter\Database\BaseBuilder->get()
 3 SYSTEMPATH\CodeIgniter.php(933): App\Controllers\Home->getFilteredAppointments('tbl_appointment')
 4 SYSTEMPATH\CodeIgniter.php(509): CodeIgniter\CodeIgniter->runController(Object(App\Controllers\Home))
 5 SYSTEMPATH\CodeIgniter.php(355): CodeIgniter\CodeIgniter->handleRequest(null, Object(Config\Cache), false)
 6 SYSTEMPATH\Boot.php(312): CodeIgniter\CodeIgniter->run()
 7 SYSTEMPATH\Boot.php(67): CodeIgniter\Boot::runCodeIgniter(Object(CodeIgniter\CodeIgniter))
 8 FCPATH\index.php(56): CodeIgniter\Boot::bootWeb(Object(Config\Paths))
CRITICAL - 2024-11-14 09:39:00 --> [Caused by] CodeIgniter\Database\Exceptions\DatabaseException: pg_query(): Query failed: ERROR:  column &quot;full_name&quot; does not exist
LINE 1: SELECT &quot;full_name&quot;
               ^
in SYSTEMPATH\Database\Postgre\Connection.php on line 198.
 1 SYSTEMPATH\Database\BaseConnection.php(722): CodeIgniter\Database\Postgre\Connection->execute('SELECT "full_name"
FROM "tbl_register"
WHERE "id" = 3')
 2 SYSTEMPATH\Database\BaseConnection.php(636): CodeIgniter\Database\BaseConnection->simpleQuery('SELECT "full_name"
FROM "tbl_register"
WHERE "id" = 3')
 3 SYSTEMPATH\Database\BaseBuilder.php(1629): CodeIgniter\Database\BaseConnection->query('SELECT "full_name"
FROM "tbl_register"
WHERE "id" = :id:', [...], false)
 4 APPPATH\Controllers\Home.php(527): CodeIgniter\Database\BaseBuilder->get()
 5 SYSTEMPATH\CodeIgniter.php(933): App\Controllers\Home->getFilteredAppointments('tbl_appointment')
 6 SYSTEMPATH\CodeIgniter.php(509): CodeIgniter\CodeIgniter->runController(Object(App\Controllers\Home))
 7 SYSTEMPATH\CodeIgniter.php(355): CodeIgniter\CodeIgniter->handleRequest(null, Object(Config\Cache), false)
 8 SYSTEMPATH\Boot.php(312): CodeIgniter\CodeIgniter->run()
 9 SYSTEMPATH\Boot.php(67): CodeIgniter\Boot::runCodeIgniter(Object(CodeIgniter\CodeIgniter))
10 FCPATH\index.php(56): CodeIgniter\Boot::bootWeb(Object(Config\Paths))
CRITICAL - 2024-11-14 09:39:00 --> [Caused by] ErrorException: pg_query(): Query failed: ERROR:  column &quot;full_name&quot; does not exist
LINE 1: SELECT &quot;full_name&quot;
               ^
in SYSTEMPATH\Database\Postgre\Connection.php on line 193.
 1 [internal function]: CodeIgniter\Debug\Exceptions->errorHandler(2, 'pg_query(): Query failed: ERROR:  column &quot;full_name&quot; does not exist
LINE 1: SELECT &quot;full_name&quot;
               ^', 'C:\\xampp\\htdocs\\OPDClinic\\system\\Database\\Postgre\\Connection.php', 193)
 2 SYSTEMPATH\Database\Postgre\Connection.php(193): pg_query(Object(PgSql\Connection), 'SELECT "full_name"
FROM "tbl_register"
WHERE "id" = 3')
 3 SYSTEMPATH\Database\BaseConnection.php(722): CodeIgniter\Database\Postgre\Connection->execute('SELECT "full_name"
FROM "tbl_register"
WHERE "id" = 3')
 4 SYSTEMPATH\Database\BaseConnection.php(636): CodeIgniter\Database\BaseConnection->simpleQuery('SELECT "full_name"
FROM "tbl_register"
WHERE "id" = 3')
 5 SYSTEMPATH\Database\BaseBuilder.php(1629): CodeIgniter\Database\BaseConnection->query('SELECT "full_name"
FROM "tbl_register"
WHERE "id" = :id:', [...], false)
 6 APPPATH\Controllers\Home.php(527): CodeIgniter\Database\BaseBuilder->get()
 7 SYSTEMPATH\CodeIgniter.php(933): App\Controllers\Home->getFilteredAppointments('tbl_appointment')
 8 SYSTEMPATH\CodeIgniter.php(509): CodeIgniter\CodeIgniter->runController(Object(App\Controllers\Home))
 9 SYSTEMPATH\CodeIgniter.php(355): CodeIgniter\CodeIgniter->handleRequest(null, Object(Config\Cache), false)
10 SYSTEMPATH\Boot.php(312): CodeIgniter\CodeIgniter->run()
11 SYSTEMPATH\Boot.php(67): CodeIgniter\Boot::runCodeIgniter(Object(CodeIgniter\CodeIgniter))
12 FCPATH\index.php(56): CodeIgniter\Boot::bootWeb(Object(Config\Paths))
INFO - 2024-11-14 09:39:39 --> Fetching appointments with parameters: consultantId=1, branchId=1, tab=home
ERROR - 2024-11-14 09:39:40 --> ErrorException: pg_query(): Query failed: ERROR:  column &quot;full_name&quot; does not exist
LINE 1: SELECT &quot;full_name&quot;
               ^ in C:\xampp\htdocs\OPDClinic\system\Database\Postgre\Connection.php:193
Stack trace:
#0 [internal function]: CodeIgniter\Debug\Exceptions->errorHandler(2, 'pg_query(): Que...', 'C:\\xampp\\htdocs...', 193)
#1 C:\xampp\htdocs\OPDClinic\system\Database\Postgre\Connection.php(193): pg_query(Object(PgSql\Connection), 'SELECT "full_na...')
#2 C:\xampp\htdocs\OPDClinic\system\Database\BaseConnection.php(722): CodeIgniter\Database\Postgre\Connection->execute('SELECT "full_na...')
#3 C:\xampp\htdocs\OPDClinic\system\Database\BaseConnection.php(636): CodeIgniter\Database\BaseConnection->simpleQuery('SELECT "full_na...')
#4 C:\xampp\htdocs\OPDClinic\system\Database\BaseBuilder.php(1629): CodeIgniter\Database\BaseConnection->query('SELECT "full_na...', Array, false)
#5 C:\xampp\htdocs\OPDClinic\app\Controllers\Home.php(527): CodeIgniter\Database\BaseBuilder->get()
#6 C:\xampp\htdocs\OPDClinic\system\CodeIgniter.php(933): App\Controllers\Home->getFilteredAppointments('tbl_appointment')
#7 C:\xampp\htdocs\OPDClinic\system\CodeIgniter.php(509): CodeIgniter\CodeIgniter->runController(Object(App\Controllers\Home))
#8 C:\xampp\htdocs\OPDClinic\system\CodeIgniter.php(355): CodeIgniter\CodeIgniter->handleRequest(NULL, Object(Config\Cache), false)
#9 C:\xampp\htdocs\OPDClinic\system\Boot.php(312): CodeIgniter\CodeIgniter->run()
#10 C:\xampp\htdocs\OPDClinic\system\Boot.php(67): CodeIgniter\Boot::runCodeIgniter(Object(CodeIgniter\CodeIgniter))
#11 C:\xampp\htdocs\OPDClinic\index.php(56): CodeIgniter\Boot::bootWeb(Object(Config\Paths))
#12 {main}
CRITICAL - 2024-11-14 09:39:40 --> CodeIgniter\Database\Exceptions\DatabaseException: pg_query(): Query failed: ERROR:  column &quot;full_name&quot; does not exist
LINE 1: SELECT &quot;full_name&quot;
               ^
[Method: POST, Route: get_filtered_appointments/tbl_appointment]
in SYSTEMPATH\Database\BaseConnection.php on line 676.
 1 SYSTEMPATH\Database\BaseBuilder.php(1629): CodeIgniter\Database\BaseConnection->query('SELECT "full_name"
FROM "tbl_register"
WHERE "id" = :id:', [...], false)
 2 APPPATH\Controllers\Home.php(527): CodeIgniter\Database\BaseBuilder->get()
 3 SYSTEMPATH\CodeIgniter.php(933): App\Controllers\Home->getFilteredAppointments('tbl_appointment')
 4 SYSTEMPATH\CodeIgniter.php(509): CodeIgniter\CodeIgniter->runController(Object(App\Controllers\Home))
 5 SYSTEMPATH\CodeIgniter.php(355): CodeIgniter\CodeIgniter->handleRequest(null, Object(Config\Cache), false)
 6 SYSTEMPATH\Boot.php(312): CodeIgniter\CodeIgniter->run()
 7 SYSTEMPATH\Boot.php(67): CodeIgniter\Boot::runCodeIgniter(Object(CodeIgniter\CodeIgniter))
 8 FCPATH\index.php(56): CodeIgniter\Boot::bootWeb(Object(Config\Paths))
CRITICAL - 2024-11-14 09:39:40 --> [Caused by] CodeIgniter\Database\Exceptions\DatabaseException: pg_query(): Query failed: ERROR:  column &quot;full_name&quot; does not exist
LINE 1: SELECT &quot;full_name&quot;
               ^
in SYSTEMPATH\Database\Postgre\Connection.php on line 198.
 1 SYSTEMPATH\Database\BaseConnection.php(722): CodeIgniter\Database\Postgre\Connection->execute('SELECT "full_name"
FROM "tbl_register"
WHERE "id" = 1')
 2 SYSTEMPATH\Database\BaseConnection.php(636): CodeIgniter\Database\BaseConnection->simpleQuery('SELECT "full_name"
FROM "tbl_register"
WHERE "id" = 1')
 3 SYSTEMPATH\Database\BaseBuilder.php(1629): CodeIgniter\Database\BaseConnection->query('SELECT "full_name"
FROM "tbl_register"
WHERE "id" = :id:', [...], false)
 4 APPPATH\Controllers\Home.php(527): CodeIgniter\Database\BaseBuilder->get()
 5 SYSTEMPATH\CodeIgniter.php(933): App\Controllers\Home->getFilteredAppointments('tbl_appointment')
 6 SYSTEMPATH\CodeIgniter.php(509): CodeIgniter\CodeIgniter->runController(Object(App\Controllers\Home))
 7 SYSTEMPATH\CodeIgniter.php(355): CodeIgniter\CodeIgniter->handleRequest(null, Object(Config\Cache), false)
 8 SYSTEMPATH\Boot.php(312): CodeIgniter\CodeIgniter->run()
 9 SYSTEMPATH\Boot.php(67): CodeIgniter\Boot::runCodeIgniter(Object(CodeIgniter\CodeIgniter))
10 FCPATH\index.php(56): CodeIgniter\Boot::bootWeb(Object(Config\Paths))
CRITICAL - 2024-11-14 09:39:40 --> [Caused by] ErrorException: pg_query(): Query failed: ERROR:  column &quot;full_name&quot; does not exist
LINE 1: SELECT &quot;full_name&quot;
               ^
in SYSTEMPATH\Database\Postgre\Connection.php on line 193.
 1 [internal function]: CodeIgniter\Debug\Exceptions->errorHandler(2, 'pg_query(): Query failed: ERROR:  column &quot;full_name&quot; does not exist
LINE 1: SELECT &quot;full_name&quot;
               ^', 'C:\\xampp\\htdocs\\OPDClinic\\system\\Database\\Postgre\\Connection.php', 193)
 2 SYSTEMPATH\Database\Postgre\Connection.php(193): pg_query(Object(PgSql\Connection), 'SELECT "full_name"
FROM "tbl_register"
WHERE "id" = 1')
 3 SYSTEMPATH\Database\BaseConnection.php(722): CodeIgniter\Database\Postgre\Connection->execute('SELECT "full_name"
FROM "tbl_register"
WHERE "id" = 1')
 4 SYSTEMPATH\Database\BaseConnection.php(636): CodeIgniter\Database\BaseConnection->simpleQuery('SELECT "full_name"
FROM "tbl_register"
WHERE "id" = 1')
 5 SYSTEMPATH\Database\BaseBuilder.php(1629): CodeIgniter\Database\BaseConnection->query('SELECT "full_name"
FROM "tbl_register"
WHERE "id" = :id:', [...], false)
 6 APPPATH\Controllers\Home.php(527): CodeIgniter\Database\BaseBuilder->get()
 7 SYSTEMPATH\CodeIgniter.php(933): App\Controllers\Home->getFilteredAppointments('tbl_appointment')
 8 SYSTEMPATH\CodeIgniter.php(509): CodeIgniter\CodeIgniter->runController(Object(App\Controllers\Home))
 9 SYSTEMPATH\CodeIgniter.php(355): CodeIgniter\CodeIgniter->handleRequest(null, Object(Config\Cache), false)
10 SYSTEMPATH\Boot.php(312): CodeIgniter\CodeIgniter->run()
11 SYSTEMPATH\Boot.php(67): CodeIgniter\Boot::runCodeIgniter(Object(CodeIgniter\CodeIgniter))
12 FCPATH\index.php(56): CodeIgniter\Boot::bootWeb(Object(Config\Paths))
INFO - 2024-11-14 09:40:58 --> Fetching appointments with parameters: consultantId=3, branchId=1, tab=upcoming
ERROR - 2024-11-14 09:41:00 --> ErrorException: pg_query(): Query failed: ERROR:  column &quot;full_name&quot; does not exist
LINE 1: SELECT &quot;full_name&quot;
               ^ in C:\xampp\htdocs\OPDClinic\system\Database\Postgre\Connection.php:193
Stack trace:
#0 [internal function]: CodeIgniter\Debug\Exceptions->errorHandler(2, 'pg_query(): Que...', 'C:\\xampp\\htdocs...', 193)
#1 C:\xampp\htdocs\OPDClinic\system\Database\Postgre\Connection.php(193): pg_query(Object(PgSql\Connection), 'SELECT "full_na...')
#2 C:\xampp\htdocs\OPDClinic\system\Database\BaseConnection.php(722): CodeIgniter\Database\Postgre\Connection->execute('SELECT "full_na...')
#3 C:\xampp\htdocs\OPDClinic\system\Database\BaseConnection.php(636): CodeIgniter\Database\BaseConnection->simpleQuery('SELECT "full_na...')
#4 C:\xampp\htdocs\OPDClinic\system\Database\BaseBuilder.php(1629): CodeIgniter\Database\BaseConnection->query('SELECT "full_na...', Array, false)
#5 C:\xampp\htdocs\OPDClinic\app\Controllers\Home.php(527): CodeIgniter\Database\BaseBuilder->get()
#6 C:\xampp\htdocs\OPDClinic\system\CodeIgniter.php(933): App\Controllers\Home->getFilteredAppointments('tbl_appointment')
#7 C:\xampp\htdocs\OPDClinic\system\CodeIgniter.php(509): CodeIgniter\CodeIgniter->runController(Object(App\Controllers\Home))
#8 C:\xampp\htdocs\OPDClinic\system\CodeIgniter.php(355): CodeIgniter\CodeIgniter->handleRequest(NULL, Object(Config\Cache), false)
#9 C:\xampp\htdocs\OPDClinic\system\Boot.php(312): CodeIgniter\CodeIgniter->run()
#10 C:\xampp\htdocs\OPDClinic\system\Boot.php(67): CodeIgniter\Boot::runCodeIgniter(Object(CodeIgniter\CodeIgniter))
#11 C:\xampp\htdocs\OPDClinic\index.php(56): CodeIgniter\Boot::bootWeb(Object(Config\Paths))
#12 {main}
CRITICAL - 2024-11-14 09:41:00 --> CodeIgniter\Database\Exceptions\DatabaseException: pg_query(): Query failed: ERROR:  column &quot;full_name&quot; does not exist
LINE 1: SELECT &quot;full_name&quot;
               ^
[Method: POST, Route: get_filtered_appointments/tbl_appointment]
in SYSTEMPATH\Database\BaseConnection.php on line 676.
 1 SYSTEMPATH\Database\BaseBuilder.php(1629): CodeIgniter\Database\BaseConnection->query('SELECT "full_name"
FROM "tbl_register"
WHERE "id" = :id:', [...], false)
 2 APPPATH\Controllers\Home.php(527): CodeIgniter\Database\BaseBuilder->get()
 3 SYSTEMPATH\CodeIgniter.php(933): App\Controllers\Home->getFilteredAppointments('tbl_appointment')
 4 SYSTEMPATH\CodeIgniter.php(509): CodeIgniter\CodeIgniter->runController(Object(App\Controllers\Home))
 5 SYSTEMPATH\CodeIgniter.php(355): CodeIgniter\CodeIgniter->handleRequest(null, Object(Config\Cache), false)
 6 SYSTEMPATH\Boot.php(312): CodeIgniter\CodeIgniter->run()
 7 SYSTEMPATH\Boot.php(67): CodeIgniter\Boot::runCodeIgniter(Object(CodeIgniter\CodeIgniter))
 8 FCPATH\index.php(56): CodeIgniter\Boot::bootWeb(Object(Config\Paths))
CRITICAL - 2024-11-14 09:41:00 --> [Caused by] CodeIgniter\Database\Exceptions\DatabaseException: pg_query(): Query failed: ERROR:  column &quot;full_name&quot; does not exist
LINE 1: SELECT &quot;full_name&quot;
               ^
in SYSTEMPATH\Database\Postgre\Connection.php on line 198.
 1 SYSTEMPATH\Database\BaseConnection.php(722): CodeIgniter\Database\Postgre\Connection->execute('SELECT "full_name"
FROM "tbl_register"
WHERE "id" = 3')
 2 SYSTEMPATH\Database\BaseConnection.php(636): CodeIgniter\Database\BaseConnection->simpleQuery('SELECT "full_name"
FROM "tbl_register"
WHERE "id" = 3')
 3 SYSTEMPATH\Database\BaseBuilder.php(1629): CodeIgniter\Database\BaseConnection->query('SELECT "full_name"
FROM "tbl_register"
WHERE "id" = :id:', [...], false)
 4 APPPATH\Controllers\Home.php(527): CodeIgniter\Database\BaseBuilder->get()
 5 SYSTEMPATH\CodeIgniter.php(933): App\Controllers\Home->getFilteredAppointments('tbl_appointment')
 6 SYSTEMPATH\CodeIgniter.php(509): CodeIgniter\CodeIgniter->runController(Object(App\Controllers\Home))
 7 SYSTEMPATH\CodeIgniter.php(355): CodeIgniter\CodeIgniter->handleRequest(null, Object(Config\Cache), false)
 8 SYSTEMPATH\Boot.php(312): CodeIgniter\CodeIgniter->run()
 9 SYSTEMPATH\Boot.php(67): CodeIgniter\Boot::runCodeIgniter(Object(CodeIgniter\CodeIgniter))
10 FCPATH\index.php(56): CodeIgniter\Boot::bootWeb(Object(Config\Paths))
CRITICAL - 2024-11-14 09:41:00 --> [Caused by] ErrorException: pg_query(): Query failed: ERROR:  column &quot;full_name&quot; does not exist
LINE 1: SELECT &quot;full_name&quot;
               ^
in SYSTEMPATH\Database\Postgre\Connection.php on line 193.
 1 [internal function]: CodeIgniter\Debug\Exceptions->errorHandler(2, 'pg_query(): Query failed: ERROR:  column &quot;full_name&quot; does not exist
LINE 1: SELECT &quot;full_name&quot;
               ^', 'C:\\xampp\\htdocs\\OPDClinic\\system\\Database\\Postgre\\Connection.php', 193)
 2 SYSTEMPATH\Database\Postgre\Connection.php(193): pg_query(Object(PgSql\Connection), 'SELECT "full_name"
FROM "tbl_register"
WHERE "id" = 3')
 3 SYSTEMPATH\Database\BaseConnection.php(722): CodeIgniter\Database\Postgre\Connection->execute('SELECT "full_name"
FROM "tbl_register"
WHERE "id" = 3')
 4 SYSTEMPATH\Database\BaseConnection.php(636): CodeIgniter\Database\BaseConnection->simpleQuery('SELECT "full_name"
FROM "tbl_register"
WHERE "id" = 3')
 5 SYSTEMPATH\Database\BaseBuilder.php(1629): CodeIgniter\Database\BaseConnection->query('SELECT "full_name"
FROM "tbl_register"
WHERE "id" = :id:', [...], false)
 6 APPPATH\Controllers\Home.php(527): CodeIgniter\Database\BaseBuilder->get()
 7 SYSTEMPATH\CodeIgniter.php(933): App\Controllers\Home->getFilteredAppointments('tbl_appointment')
 8 SYSTEMPATH\CodeIgniter.php(509): CodeIgniter\CodeIgniter->runController(Object(App\Controllers\Home))
 9 SYSTEMPATH\CodeIgniter.php(355): CodeIgniter\CodeIgniter->handleRequest(null, Object(Config\Cache), false)
10 SYSTEMPATH\Boot.php(312): CodeIgniter\CodeIgniter->run()
11 SYSTEMPATH\Boot.php(67): CodeIgniter\Boot::runCodeIgniter(Object(CodeIgniter\CodeIgniter))
12 FCPATH\index.php(56): CodeIgniter\Boot::bootWeb(Object(Config\Paths))
INFO - 2024-11-14 09:46:56 --> Fetching appointments with parameters: consultantId=3, branchId=1, tab=upcoming
INFO - 2024-11-14 09:46:58 --> Consultant Name: siddhesh kadge
INFO - 2024-11-14 09:46:58 --> Query Result: [{"id":"29","branch":"1","hawservices":"","consultant":"3","healthissues":"test ","dates":"2024-11-14","full_name":"test1 ","age":"25","mobile_no":"1010101010","email_id":"test1@co","locations":"xxx","slot":"14","subscription":"","plan":"daily","subscriptiontype":"","startdate":"2024-11-14","section":"3","created_at":"2024-11-14 08:49:23.128874","is_deleted":"N","payment_status":null,"appointment_status":"PE","price":null,"branch_name":"Moshi, Pimpri-Chinchwad","consultant_name":"siddhesh kadge"}]
INFO - 2024-11-14 09:47:36 --> Fetching appointments with parameters: consultantId=1, branchId=12, tab=home
INFO - 2024-11-14 09:47:37 --> Consultant Name: Exercise
INFO - 2024-11-14 09:47:38 --> Query Result: []
INFO - 2024-11-14 10:08:37 --> Fetching appointments with parameters: consultantId=1, branchId=12, tab=home
INFO - 2024-11-14 10:08:39 --> Consultant Name: Exercise
INFO - 2024-11-14 10:08:39 --> Query Result: []
INFO - 2024-11-14 10:21:49 --> Fetching appointments with parameters: consultantId=3, branchId=1, tab=upcoming
INFO - 2024-11-14 10:21:50 --> Consultant Name: siddhesh kadge
INFO - 2024-11-14 10:21:51 --> Query Result: [{"id":"29","branch":"1","hawservices":"","consultant":"3","healthissues":"test ","dates":"2024-11-14","full_name":"test1 ","age":"25","mobile_no":"1010101010","email_id":"test1@co","locations":"xxx","slot":"14","subscription":"","plan":"daily","subscriptiontype":"","startdate":"2024-11-14","section":"3","created_at":"2024-11-14 08:49:23.128874","is_deleted":"N","payment_status":null,"appointment_status":"PE","price":null,"branch_name":"Moshi, Pimpri-Chinchwad","consultant_name":"siddhesh kadge"}]
INFO - 2024-11-14 10:27:43 --> Fetching appointments with parameters: consultantId=1, branchId=1, tab=home
INFO - 2024-11-14 10:27:45 --> Consultant Name: Exercise
INFO - 2024-11-14 10:27:45 --> Query Result: []
INFO - 2024-11-14 10:45:03 --> Fetching appointments with parameters: consultantId=3, branchId=1, tab=upcoming
INFO - 2024-11-14 10:45:05 --> Consultant Name: siddhesh kadge
INFO - 2024-11-14 10:45:05 --> Query Result: [{"id":"29","branch":"1","hawservices":"","consultant":"3","healthissues":"test ","dates":"2024-11-14","full_name":"test1 ","age":"25","mobile_no":"1010101010","email_id":"test1@co","locations":"xxx","slot":"14","subscription":"","plan":"daily","subscriptiontype":"","startdate":"2024-11-14","section":"3","created_at":"2024-11-14 08:49:23.128874","is_deleted":"N","payment_status":null,"appointment_status":"PE","price":null,"branch_name":"Moshi, Pimpri-Chinchwad","consultant_name":"siddhesh kadge"}]
INFO - 2024-11-14 10:45:37 --> Fetching appointments with parameters: consultantId=1, branchId=1, tab=home
INFO - 2024-11-14 10:45:39 --> Consultant Name: Exercise
INFO - 2024-11-14 10:45:39 --> Query Result: []
INFO - 2024-11-14 10:48:52 --> Fetching appointments with parameters: consultantId=1, branchId=11, tab=upcoming
INFO - 2024-11-14 10:48:54 --> Consultant Name: Exercise
INFO - 2024-11-14 10:48:54 --> Query Result: []
INFO - 2024-11-14 10:49:01 --> Fetching appointments with parameters: consultantId=1, branchId=1, tab=upcoming
INFO - 2024-11-14 10:49:03 --> Consultant Name: Exercise
INFO - 2024-11-14 10:49:03 --> Query Result: [{"id":"1","branch":"1","hawservices":null,"consultant":null,"healthissues":null,"dates":"2024-11-18","full_name":"Siddhesh","age":"23","mobile_no":"7588525387","email_id":"sdkj@wsdj.com","locations":"hhdhhf dgg","slot":"1","subscription":null,"plan":"custom","subscriptiontype":"7 Days","startdate":"2024-11-17","section":"6","created_at":"2024-11-14 08:00:04.899964","is_deleted":"N","payment_status":null,"appointment_status":"PE","price":null,"branch_name":"Moshi, Pimpri-Chinchwad","consultant_name":null},{"id":"2","branch":"1","hawservices":null,"consultant":null,"healthissues":null,"dates":"2024-11-25","full_name":"Siddhesh","age":"23","mobile_no":"7588525387","email_id":"sdkj@wsdj.com","locations":"hhdhhf dgg","slot":"1","subscription":null,"plan":"custom","subscriptiontype":"7 Days","startdate":"2024-11-17","section":"6","created_at":"2024-11-14 08:00:04.899964","is_deleted":"N","payment_status":null,"appointment_status":"PE","price":null,"branch_name":"Moshi, Pimpri-Chinchwad","consultant_name":null},{"id":"3","branch":"1","hawservices":null,"consultant":null,"healthissues":null,"dates":"2024-12-02","full_name":"Siddhesh","age":"23","mobile_no":"7588525387","email_id":"sdkj@wsdj.com","locations":"hhdhhf dgg","slot":"1","subscription":null,"plan":"custom","subscriptiontype":"7 Days","startdate":"2024-11-17","section":"6","created_at":"2024-11-14 08:00:04.899964","is_deleted":"N","payment_status":null,"appointment_status":"PE","price":null,"branch_name":"Moshi, Pimpri-Chinchwad","consultant_name":null},{"id":"4","branch":"1","hawservices":null,"consultant":null,"healthissues":null,"dates":"2024-12-09","full_name":"Siddhesh","age":"23","mobile_no":"7588525387","email_id":"sdkj@wsdj.com","locations":"hhdhhf dgg","slot":"1","subscription":null,"plan":"custom","subscriptiontype":"7 Days","startdate":"2024-11-17","section":"6","created_at":"2024-11-14 08:00:04.899964","is_deleted":"N","payment_status":null,"appointment_status":"PE","price":null,"branch_name":"Moshi, Pimpri-Chinchwad","consultant_name":null},{"id":"5","branch":"1","hawservices":null,"consultant":null,"healthissues":null,"dates":"2024-12-16","full_name":"Siddhesh","age":"23","mobile_no":"7588525387","email_id":"sdkj@wsdj.com","locations":"hhdhhf dgg","slot":"1","subscription":null,"plan":"custom","subscriptiontype":"7 Days","startdate":"2024-11-17","section":"6","created_at":"2024-11-14 08:00:04.899964","is_deleted":"N","payment_status":null,"appointment_status":"PE","price":null,"branch_name":"Moshi, Pimpri-Chinchwad","consultant_name":null},{"id":"6","branch":"1","hawservices":null,"consultant":null,"healthissues":null,"dates":"2024-12-23","full_name":"Siddhesh","age":"23","mobile_no":"7588525387","email_id":"sdkj@wsdj.com","locations":"hhdhhf dgg","slot":"1","subscription":null,"plan":"custom","subscriptiontype":"7 Days","startdate":"2024-11-17","section":"6","created_at":"2024-11-14 08:00:04.899964","is_deleted":"N","payment_status":null,"appointment_status":"PE","price":null,"branch_name":"Moshi, Pimpri-Chinchwad","consultant_name":null},{"id":"7","branch":"1","hawservices":null,"consultant":null,"healthissues":null,"dates":"2024-12-30","full_name":"Siddhesh","age":"23","mobile_no":"7588525387","email_id":"sdkj@wsdj.com","locations":"hhdhhf dgg","slot":"1","subscription":null,"plan":"custom","subscriptiontype":"7 Days","startdate":"2024-11-17","section":"6","created_at":"2024-11-14 08:00:04.899964","is_deleted":"N","payment_status":null,"appointment_status":"PE","price":null,"branch_name":"Moshi, Pimpri-Chinchwad","consultant_name":null},{"id":"8","branch":"1","hawservices":null,"consultant":null,"healthissues":null,"dates":"2024-11-18","full_name":"Rushikesh","age":"23","mobile_no":"9421563410","email_id":"sdkj@wsdjf","locations":"drd","slot":"1","subscription":null,"plan":"custom","subscriptiontype":"7 Days","startdate":"2024-11-15","section":"6","created_at":"2024-11-14 08:23:07.397485","is_deleted":"N","payment_status":null,"appointment_status":"PE","price":null,"branch_name":"Moshi, Pimpri-Chinchwad","consultant_name":null},{"id":"9","branch":"1","hawservices":null,"consultant":null,"healthissues":null,"dates":"2024-11-25","full_name":"Rushikesh","age":"23","mobile_no":"9421563410","email_id":"sdkj@wsdjf","locations":"drd","slot":"1","subscription":null,"plan":"custom","subscriptiontype":"7 Days","startdate":"2024-11-15","section":"6","created_at":"2024-11-14 08:23:07.397485","is_deleted":"N","payment_status":null,"appointment_status":"PE","price":null,"branch_name":"Moshi, Pimpri-Chinchwad","consultant_name":null},{"id":"10","branch":"1","hawservices":null,"consultant":null,"healthissues":null,"dates":"2024-12-02","full_name":"Rushikesh","age":"23","mobile_no":"9421563410","email_id":"sdkj@wsdjf","locations":"drd","slot":"1","subscription":null,"plan":"custom","subscriptiontype":"7 Days","startdate":"2024-11-15","section":"6","created_at":"2024-11-14 08:23:07.397485","is_deleted":"N","payment_status":null,"appointment_status":"PE","price":null,"branch_name":"Moshi, Pimpri-Chinchwad","consultant_name":null},{"id":"11","branch":"1","hawservices":null,"consultant":null,"healthissues":null,"dates":"2024-12-09","full_name":"Rushikesh","age":"23","mobile_no":"9421563410","email_id":"sdkj@wsdjf","locations":"drd","slot":"1","subscription":null,"plan":"custom","subscriptiontype":"7 Days","startdate":"2024-11-15","section":"6","created_at":"2024-11-14 08:23:07.397485","is_deleted":"N","payment_status":null,"appointment_status":"PE","price":null,"branch_name":"Moshi, Pimpri-Chinchwad","consultant_name":null},{"id":"12","branch":"1","hawservices":null,"consultant":null,"healthissues":null,"dates":"2024-12-16","full_name":"Rushikesh","age":"23","mobile_no":"9421563410","email_id":"sdkj@wsdjf","locations":"drd","slot":"1","subscription":null,"plan":"custom","subscriptiontype":"7 Days","startdate":"2024-11-15","section":"6","created_at":"2024-11-14 08:23:07.397485","is_deleted":"N","payment_status":null,"appointment_status":"PE","price":null,"branch_name":"Moshi, Pimpri-Chinchwad","consultant_name":null},{"id":"13","branch":"1","hawservices":null,"consultant":null,"healthissues":null,"dates":"2024-12-23","full_name":"Rushikesh","age":"23","mobile_no":"9421563410","email_id":"sdkj@wsdjf","locations":"drd","slot":"1","subscription":null,"plan":"custom","subscriptiontype":"7 Days","startdate":"2024-11-15","section":"6","created_at":"2024-11-14 08:23:07.397485","is_deleted":"N","payment_status":null,"appointment_status":"PE","price":null,"branch_name":"Moshi, Pimpri-Chinchwad","consultant_name":null},{"id":"14","branch":"1","hawservices":null,"consultant":null,"healthissues":null,"dates":"2024-12-30","full_name":"Rushikesh","age":"23","mobile_no":"9421563410","email_id":"sdkj@wsdjf","locations":"drd","slot":"1","subscription":null,"plan":"custom","subscriptiontype":"7 Days","startdate":"2024-11-15","section":"6","created_at":"2024-11-14 08:23:07.397485","is_deleted":"N","payment_status":null,"appointment_status":"PE","price":null,"branch_name":"Moshi, Pimpri-Chinchwad","consultant_name":null},{"id":"15","branch":"1","hawservices":null,"consultant":null,"healthissues":null,"dates":"2024-11-18","full_name":"ss","age":"100","mobile_no":"9421563410","email_id":"sdkj@wsdjf","locations":"d","slot":"2","subscription":null,"plan":"custom","subscriptiontype":"7 Days","startdate":"2024-11-15","section":"6","created_at":"2024-11-14 08:23:50.680605","is_deleted":"N","payment_status":null,"appointment_status":"PE","price":null,"branch_name":"Moshi, Pimpri-Chinchwad","consultant_name":null},{"id":"16","branch":"1","hawservices":null,"consultant":null,"healthissues":null,"dates":"2024-11-25","full_name":"ss","age":"100","mobile_no":"9421563410","email_id":"sdkj@wsdjf","locations":"d","slot":"2","subscription":null,"plan":"custom","subscriptiontype":"7 Days","startdate":"2024-11-15","section":"6","created_at":"2024-11-14 08:23:50.680605","is_deleted":"N","payment_status":null,"appointment_status":"PE","price":null,"branch_name":"Moshi, Pimpri-Chinchwad","consultant_name":null},{"id":"17","branch":"1","hawservices":null,"consultant":null,"healthissues":null,"dates":"2024-12-02","full_name":"ss","age":"100","mobile_no":"9421563410","email_id":"sdkj@wsdjf","locations":"d","slot":"2","subscription":null,"plan":"custom","subscriptiontype":"7 Days","startdate":"2024-11-15","section":"6","created_at":"2024-11-14 08:23:50.680605","is_deleted":"N","payment_status":null,"appointment_status":"PE","price":null,"branch_name":"Moshi, Pimpri-Chinchwad","consultant_name":null},{"id":"18","branch":"1","hawservices":null,"consultant":null,"healthissues":null,"dates":"2024-12-09","full_name":"ss","age":"100","mobile_no":"9421563410","email_id":"sdkj@wsdjf","locations":"d","slot":"2","subscription":null,"plan":"custom","subscriptiontype":"7 Days","startdate":"2024-11-15","section":"6","created_at":"2024-11-14 08:23:50.680605","is_deleted":"N","payment_status":null,"appointment_status":"PE","price":null,"branch_name":"Moshi, Pimpri-Chinchwad","consultant_name":null},{"id":"19","branch":"1","hawservices":null,"consultant":null,"healthissues":null,"dates":"2024-12-16","full_name":"ss","age":"100","mobile_no":"9421563410","email_id":"sdkj@wsdjf","locations":"d","slot":"2","subscription":null,"plan":"custom","subscriptiontype":"7 Days","startdate":"2024-11-15","section":"6","created_at":"2024-11-14 08:23:50.680605","is_deleted":"N","payment_status":null,"appointment_status":"PE","price":null,"branch_name":"Moshi, Pimpri-Chinchwad","consultant_name":null},{"id":"20","branch":"1","hawservices":null,"consultant":null,"healthissues":null,"dates":"2024-12-23","full_name":"ss","age":"100","mobile_no":"9421563410","email_id":"sdkj@wsdjf","locations":"d","slot":"2","subscription":null,"plan":"custom","subscriptiontype":"7 Days","startdate":"2024-11-15","section":"6","created_at":"2024-11-14 08:23:50.680605","is_deleted":"N","payment_status":null,"appointment_status":"PE","price":null,"branch_name":"Moshi, Pimpri-Chinchwad","consultant_name":null},{"id":"21","branch":"1","hawservices":null,"consultant":null,"healthissues":null,"dates":"2024-12-30","full_name":"ss","age":"100","mobile_no":"9421563410","email_id":"sdkj@wsdjf","locations":"d","slot":"2","subscription":null,"plan":"custom","subscriptiontype":"7 Days","startdate":"2024-11-15","section":"6","created_at":"2024-11-14 08:23:50.680605","is_deleted":"N","payment_status":null,"appointment_status":"PE","price":null,"branch_name":"Moshi, Pimpri-Chinchwad","consultant_name":null},{"id":"22","branch":"1","hawservices":null,"consultant":null,"healthissues":null,"dates":"2024-11-18","full_name":"siddhesh fffdd","age":"10","mobile_no":"9325623328","email_id":"sdkj@wsdj.com","locations":"sd","slot":"2","subscription":null,"plan":"custom","subscriptiontype":"7 Days","startdate":"2024-11-14","section":"6","created_at":"2024-11-14 08:24:25.278599","is_deleted":"N","payment_status":null,"appointment_status":"PE","price":null,"branch_name":"Moshi, Pimpri-Chinchwad","consultant_name":null},{"id":"23","branch":"1","hawservices":null,"consultant":null,"healthissues":null,"dates":"2024-11-25","full_name":"siddhesh fffdd","age":"10","mobile_no":"9325623328","email_id":"sdkj@wsdj.com","locations":"sd","slot":"2","subscription":null,"plan":"custom","subscriptiontype":"7 Days","startdate":"2024-11-14","section":"6","created_at":"2024-11-14 08:24:25.278599","is_deleted":"N","payment_status":null,"appointment_status":"PE","price":null,"branch_name":"Moshi, Pimpri-Chinchwad","consultant_name":null},{"id":"24","branch":"1","hawservices":null,"consultant":null,"healthissues":null,"dates":"2024-12-02","full_name":"siddhesh fffdd","age":"10","mobile_no":"9325623328","email_id":"sdkj@wsdj.com","locations":"sd","slot":"2","subscription":null,"plan":"custom","subscriptiontype":"7 Days","startdate":"2024-11-14","section":"6","created_at":"2024-11-14 08:24:25.278599","is_deleted":"N","payment_status":null,"appointment_status":"PE","price":null,"branch_name":"Moshi, Pimpri-Chinchwad","consultant_name":null},{"id":"25","branch":"1","hawservices":null,"consultant":null,"healthissues":null,"dates":"2024-12-09","full_name":"siddhesh fffdd","age":"10","mobile_no":"9325623328","email_id":"sdkj@wsdj.com","locations":"sd","slot":"2","subscription":null,"plan":"custom","subscriptiontype":"7 Days","startdate":"2024-11-14","section":"6","created_at":"2024-11-14 08:24:25.278599","is_deleted":"N","payment_status":null,"appointment_status":"PE","price":null,"branch_name":"Moshi, Pimpri-Chinchwad","consultant_name":null},{"id":"26","branch":"1","hawservices":null,"consultant":null,"healthissues":null,"dates":"2024-12-16","full_name":"siddhesh fffdd","age":"10","mobile_no":"9325623328","email_id":"sdkj@wsdj.com","locations":"sd","slot":"2","subscription":null,"plan":"custom","subscriptiontype":"7 Days","startdate":"2024-11-14","section":"6","created_at":"2024-11-14 08:24:25.278599","is_deleted":"N","payment_status":null,"appointment_status":"PE","price":null,"branch_name":"Moshi, Pimpri-Chinchwad","consultant_name":null},{"id":"27","branch":"1","hawservices":null,"consultant":null,"healthissues":null,"dates":"2024-12-23","full_name":"siddhesh fffdd","age":"10","mobile_no":"9325623328","email_id":"sdkj@wsdj.com","locations":"sd","slot":"2","subscription":null,"plan":"custom","subscriptiontype":"7 Days","startdate":"2024-11-14","section":"6","created_at":"2024-11-14 08:24:25.278599","is_deleted":"N","payment_status":null,"appointment_status":"PE","price":null,"branch_name":"Moshi, Pimpri-Chinchwad","consultant_name":null},{"id":"28","branch":"1","hawservices":null,"consultant":null,"healthissues":null,"dates":"2024-12-30","full_name":"siddhesh fffdd","age":"10","mobile_no":"9325623328","email_id":"sdkj@wsdj.com","locations":"sd","slot":"2","subscription":null,"plan":"custom","subscriptiontype":"7 Days","startdate":"2024-11-14","section":"6","created_at":"2024-11-14 08:24:25.278599","is_deleted":"N","payment_status":null,"appointment_status":"PE","price":null,"branch_name":"Moshi, Pimpri-Chinchwad","consultant_name":null}]
ERROR - 2024-11-14 11:31:39 --> ErrorException: pg_query(): Query failed: ERROR:  operator does not exist: character varying = integer
LINE 3: LEFT JOIN &quot;tbl_slots&quot; ON &quot;tbl_appointment&quot;.&quot;slot&quot; = &quot;tbl_slo...
                                                          ^
HINT:  No operator matches the given name and argument types. You might need to add explicit type casts. in C:\xampp\htdocs\OPDClinic\system\Database\Postgre\Connection.php:193
Stack trace:
#0 [internal function]: CodeIgniter\Debug\Exceptions->errorHandler(2, 'pg_query(): Que...', 'C:\\xampp\\htdocs...', 193)
#1 C:\xampp\htdocs\OPDClinic\system\Database\Postgre\Connection.php(193): pg_query(Object(PgSql\Connection), 'SELECT "tbl_app...')
#2 C:\xampp\htdocs\OPDClinic\system\Database\BaseConnection.php(722): CodeIgniter\Database\Postgre\Connection->execute('SELECT "tbl_app...')
#3 C:\xampp\htdocs\OPDClinic\system\Database\BaseConnection.php(636): CodeIgniter\Database\BaseConnection->simpleQuery('SELECT "tbl_app...')
#4 C:\xampp\htdocs\OPDClinic\system\Database\BaseBuilder.php(1629): CodeIgniter\Database\BaseConnection->query('SELECT "tbl_app...', Array, false)
#5 C:\xampp\htdocs\OPDClinic\app\Controllers\Home.php(989): CodeIgniter\Database\BaseBuilder->get()
#6 C:\xampp\htdocs\OPDClinic\system\CodeIgniter.php(933): App\Controllers\Home->getAppointmentsWithSlots()
#7 C:\xampp\htdocs\OPDClinic\system\CodeIgniter.php(509): CodeIgniter\CodeIgniter->runController(Object(App\Controllers\Home))
#8 C:\xampp\htdocs\OPDClinic\system\CodeIgniter.php(355): CodeIgniter\CodeIgniter->handleRequest(NULL, Object(Config\Cache), false)
#9 C:\xampp\htdocs\OPDClinic\system\Boot.php(312): CodeIgniter\CodeIgniter->run()
#10 C:\xampp\htdocs\OPDClinic\system\Boot.php(67): CodeIgniter\Boot::runCodeIgniter(Object(CodeIgniter\CodeIgniter))
#11 C:\xampp\htdocs\OPDClinic\index.php(56): CodeIgniter\Boot::bootWeb(Object(Config\Paths))
#12 {main}
CRITICAL - 2024-11-14 11:31:39 --> CodeIgniter\Database\Exceptions\DatabaseException: pg_query(): Query failed: ERROR:  operator does not exist: character varying = integer
LINE 3: LEFT JOIN &quot;tbl_slots&quot; ON &quot;tbl_appointment&quot;.&quot;slot&quot; = &quot;tbl_slo...
                                                          ^
HINT:  No operator matches the given name and argument types. You might need to add explicit type casts.
[Method: GET, Route: getAppointmentsWithSlots]
in SYSTEMPATH\Database\BaseConnection.php on line 676.
 1 SYSTEMPATH\Database\BaseBuilder.php(1629): CodeIgniter\Database\BaseConnection->query('SELECT "tbl_appointment".*, "tbl_slots"."slots_time", "tbl_register"."name" AS "consultant_name", "tbl_branch"."branch_name"
FROM "tbl_appointment"
LEFT JOIN "tbl_slots" ON "tbl_appointment"."slot" = "tbl_slots"."id"
LEFT JOIN "tbl_register" ON "tbl_appointment"."consultant" = "tbl_register"."id"
LEFT JOIN "tbl_branch" ON "tbl_appointment"."branch" = "tbl_branch"."id"
WHERE "tbl_appointment"."is_deleted" = :tbl_appointment.is_deleted:', [...], false)
 2 APPPATH\Controllers\Home.php(989): CodeIgniter\Database\BaseBuilder->get()
 3 SYSTEMPATH\CodeIgniter.php(933): App\Controllers\Home->getAppointmentsWithSlots()
 4 SYSTEMPATH\CodeIgniter.php(509): CodeIgniter\CodeIgniter->runController(Object(App\Controllers\Home))
 5 SYSTEMPATH\CodeIgniter.php(355): CodeIgniter\CodeIgniter->handleRequest(null, Object(Config\Cache), false)
 6 SYSTEMPATH\Boot.php(312): CodeIgniter\CodeIgniter->run()
 7 SYSTEMPATH\Boot.php(67): CodeIgniter\Boot::runCodeIgniter(Object(CodeIgniter\CodeIgniter))
 8 FCPATH\index.php(56): CodeIgniter\Boot::bootWeb(Object(Config\Paths))
CRITICAL - 2024-11-14 11:31:39 --> [Caused by] CodeIgniter\Database\Exceptions\DatabaseException: pg_query(): Query failed: ERROR:  operator does not exist: character varying = integer
LINE 3: LEFT JOIN &quot;tbl_slots&quot; ON &quot;tbl_appointment&quot;.&quot;slot&quot; = &quot;tbl_slo...
                                                          ^
HINT:  No operator matches the given name and argument types. You might need to add explicit type casts.
in SYSTEMPATH\Database\Postgre\Connection.php on line 198.
 1 SYSTEMPATH\Database\BaseConnection.php(722): CodeIgniter\Database\Postgre\Connection->execute('SELECT "tbl_appointment".*, "tbl_slots"."slots_time", "tbl_register"."name" AS "consultant_name", "tbl_branch"."branch_name"
FROM "tbl_appointment"
LEFT JOIN "tbl_slots" ON "tbl_appointment"."slot" = "tbl_slots"."id"
LEFT JOIN "tbl_register" ON "tbl_appointment"."consultant" = "tbl_register"."id"
LEFT JOIN "tbl_branch" ON "tbl_appointment"."branch" = "tbl_branch"."id"
WHERE "tbl_appointment"."is_deleted" = \'N\'')
 2 SYSTEMPATH\Database\BaseConnection.php(636): CodeIgniter\Database\BaseConnection->simpleQuery('SELECT "tbl_appointment".*, "tbl_slots"."slots_time", "tbl_register"."name" AS "consultant_name", "tbl_branch"."branch_name"
FROM "tbl_appointment"
LEFT JOIN "tbl_slots" ON "tbl_appointment"."slot" = "tbl_slots"."id"
LEFT JOIN "tbl_register" ON "tbl_appointment"."consultant" = "tbl_register"."id"
LEFT JOIN "tbl_branch" ON "tbl_appointment"."branch" = "tbl_branch"."id"
WHERE "tbl_appointment"."is_deleted" = \'N\'')
 3 SYSTEMPATH\Database\BaseBuilder.php(1629): CodeIgniter\Database\BaseConnection->query('SELECT "tbl_appointment".*, "tbl_slots"."slots_time", "tbl_register"."name" AS "consultant_name", "tbl_branch"."branch_name"
FROM "tbl_appointment"
LEFT JOIN "tbl_slots" ON "tbl_appointment"."slot" = "tbl_slots"."id"
LEFT JOIN "tbl_register" ON "tbl_appointment"."consultant" = "tbl_register"."id"
LEFT JOIN "tbl_branch" ON "tbl_appointment"."branch" = "tbl_branch"."id"
WHERE "tbl_appointment"."is_deleted" = :tbl_appointment.is_deleted:', [...], false)
 4 APPPATH\Controllers\Home.php(989): CodeIgniter\Database\BaseBuilder->get()
 5 SYSTEMPATH\CodeIgniter.php(933): App\Controllers\Home->getAppointmentsWithSlots()
 6 SYSTEMPATH\CodeIgniter.php(509): CodeIgniter\CodeIgniter->runController(Object(App\Controllers\Home))
 7 SYSTEMPATH\CodeIgniter.php(355): CodeIgniter\CodeIgniter->handleRequest(null, Object(Config\Cache), false)
 8 SYSTEMPATH\Boot.php(312): CodeIgniter\CodeIgniter->run()
 9 SYSTEMPATH\Boot.php(67): CodeIgniter\Boot::runCodeIgniter(Object(CodeIgniter\CodeIgniter))
10 FCPATH\index.php(56): CodeIgniter\Boot::bootWeb(Object(Config\Paths))
CRITICAL - 2024-11-14 11:31:39 --> [Caused by] ErrorException: pg_query(): Query failed: ERROR:  operator does not exist: character varying = integer
LINE 3: LEFT JOIN &quot;tbl_slots&quot; ON &quot;tbl_appointment&quot;.&quot;slot&quot; = &quot;tbl_slo...
                                                          ^
HINT:  No operator matches the given name and argument types. You might need to add explicit type casts.
in SYSTEMPATH\Database\Postgre\Connection.php on line 193.
 1 [internal function]: CodeIgniter\Debug\Exceptions->errorHandler(2, 'pg_query(): Query failed: ERROR:  operator does not exist: character varying = integer
LINE 3: LEFT JOIN &quot;tbl_slots&quot; ON &quot;tbl_appointment&quot;.&quot;slot&quot; = &quot;tbl_slo...
                                                          ^
HINT:  No operator matches the given name and argument types. You might need to add explicit type casts.', 'C:\\xampp\\htdocs\\OPDClinic\\system\\Database\\Postgre\\Connection.php', 193)
 2 SYSTEMPATH\Database\Postgre\Connection.php(193): pg_query(Object(PgSql\Connection), 'SELECT "tbl_appointment".*, "tbl_slots"."slots_time", "tbl_register"."name" AS "consultant_name", "tbl_branch"."branch_name"
FROM "tbl_appointment"
LEFT JOIN "tbl_slots" ON "tbl_appointment"."slot" = "tbl_slots"."id"
LEFT JOIN "tbl_register" ON "tbl_appointment"."consultant" = "tbl_register"."id"
LEFT JOIN "tbl_branch" ON "tbl_appointment"."branch" = "tbl_branch"."id"
WHERE "tbl_appointment"."is_deleted" = \'N\'')
 3 SYSTEMPATH\Database\BaseConnection.php(722): CodeIgniter\Database\Postgre\Connection->execute('SELECT "tbl_appointment".*, "tbl_slots"."slots_time", "tbl_register"."name" AS "consultant_name", "tbl_branch"."branch_name"
FROM "tbl_appointment"
LEFT JOIN "tbl_slots" ON "tbl_appointment"."slot" = "tbl_slots"."id"
LEFT JOIN "tbl_register" ON "tbl_appointment"."consultant" = "tbl_register"."id"
LEFT JOIN "tbl_branch" ON "tbl_appointment"."branch" = "tbl_branch"."id"
WHERE "tbl_appointment"."is_deleted" = \'N\'')
 4 SYSTEMPATH\Database\BaseConnection.php(636): CodeIgniter\Database\BaseConnection->simpleQuery('SELECT "tbl_appointment".*, "tbl_slots"."slots_time", "tbl_register"."name" AS "consultant_name", "tbl_branch"."branch_name"
FROM "tbl_appointment"
LEFT JOIN "tbl_slots" ON "tbl_appointment"."slot" = "tbl_slots"."id"
LEFT JOIN "tbl_register" ON "tbl_appointment"."consultant" = "tbl_register"."id"
LEFT JOIN "tbl_branch" ON "tbl_appointment"."branch" = "tbl_branch"."id"
WHERE "tbl_appointment"."is_deleted" = \'N\'')
 5 SYSTEMPATH\Database\BaseBuilder.php(1629): CodeIgniter\Database\BaseConnection->query('SELECT "tbl_appointment".*, "tbl_slots"."slots_time", "tbl_register"."name" AS "consultant_name", "tbl_branch"."branch_name"
FROM "tbl_appointment"
LEFT JOIN "tbl_slots" ON "tbl_appointment"."slot" = "tbl_slots"."id"
LEFT JOIN "tbl_register" ON "tbl_appointment"."consultant" = "tbl_register"."id"
LEFT JOIN "tbl_branch" ON "tbl_appointment"."branch" = "tbl_branch"."id"
WHERE "tbl_appointment"."is_deleted" = :tbl_appointment.is_deleted:', [...], false)
 6 APPPATH\Controllers\Home.php(989): CodeIgniter\Database\BaseBuilder->get()
 7 SYSTEMPATH\CodeIgniter.php(933): App\Controllers\Home->getAppointmentsWithSlots()
 8 SYSTEMPATH\CodeIgniter.php(509): CodeIgniter\CodeIgniter->runController(Object(App\Controllers\Home))
 9 SYSTEMPATH\CodeIgniter.php(355): CodeIgniter\CodeIgniter->handleRequest(null, Object(Config\Cache), false)
10 SYSTEMPATH\Boot.php(312): CodeIgniter\CodeIgniter->run()
11 SYSTEMPATH\Boot.php(67): CodeIgniter\Boot::runCodeIgniter(Object(CodeIgniter\CodeIgniter))
12 FCPATH\index.php(56): CodeIgniter\Boot::bootWeb(Object(Config\Paths))
INFO - 2024-11-14 11:34:33 --> Fetching appointments with parameters: consultantId=1, branchId=1, tab=home
INFO - 2024-11-14 11:34:35 --> Consultant Name: Exercise
INFO - 2024-11-14 11:34:35 --> Query Result: []
INFO - 2024-11-14 11:37:00 --> Fetching appointments with parameters: consultantId=3, branchId=1, tab=upcoming
INFO - 2024-11-14 11:37:02 --> Consultant Name: siddhesh kadge
INFO - 2024-11-14 11:37:02 --> Query Result: [{"id":"18","branch":"1","hawservices":"","consultant":"3","healthissues":"test","dates":"2024-11-14","full_name":"test 1","age":"25","mobile_no":"1010101010","email_id":"test1@co","locations":"xxx","slot":"19","subscription":"","plan":"daily","subscriptiontype":"","startdate":"2024-11-14","section":"3","created_at":"2024-11-14 11:33:51.91108","is_deleted":"N","payment_status":null,"appointment_status":"PE","price":null,"branch_name":"Moshi, Pimpri-Chinchwad","consultant_name":"siddhesh kadge"}]
INFO - 2024-11-14 11:37:38 --> Fetching appointments with parameters: consultantId=1, branchId=1, tab=home
INFO - 2024-11-14 11:37:40 --> Consultant Name: Exercise
INFO - 2024-11-14 11:37:40 --> Query Result: []
ERROR - 2024-11-14 11:38:49 --> ErrorException: pg_query(): Query failed: ERROR:  operator does not exist: character varying = integer
LINE 3: LEFT JOIN &quot;tbl_slots&quot; ON &quot;tbl_appointment&quot;.&quot;slot&quot; = &quot;tbl_slo...
                                                          ^
HINT:  No operator matches the given name and argument types. You might need to add explicit type casts. in C:\xampp\htdocs\OPDClinic\system\Database\Postgre\Connection.php:193
Stack trace:
#0 [internal function]: CodeIgniter\Debug\Exceptions->errorHandler(2, 'pg_query(): Que...', 'C:\\xampp\\htdocs...', 193)
#1 C:\xampp\htdocs\OPDClinic\system\Database\Postgre\Connection.php(193): pg_query(Object(PgSql\Connection), 'SELECT "tbl_app...')
#2 C:\xampp\htdocs\OPDClinic\system\Database\BaseConnection.php(722): CodeIgniter\Database\Postgre\Connection->execute('SELECT "tbl_app...')
#3 C:\xampp\htdocs\OPDClinic\system\Database\BaseConnection.php(636): CodeIgniter\Database\BaseConnection->simpleQuery('SELECT "tbl_app...')
#4 C:\xampp\htdocs\OPDClinic\system\Database\BaseBuilder.php(1629): CodeIgniter\Database\BaseConnection->query('SELECT "tbl_app...', Array, false)
#5 C:\xampp\htdocs\OPDClinic\app\Controllers\Home.php(989): CodeIgniter\Database\BaseBuilder->get()
#6 C:\xampp\htdocs\OPDClinic\system\CodeIgniter.php(933): App\Controllers\Home->getAppointmentsWithSlots()
#7 C:\xampp\htdocs\OPDClinic\system\CodeIgniter.php(509): CodeIgniter\CodeIgniter->runController(Object(App\Controllers\Home))
#8 C:\xampp\htdocs\OPDClinic\system\CodeIgniter.php(355): CodeIgniter\CodeIgniter->handleRequest(NULL, Object(Config\Cache), false)
#9 C:\xampp\htdocs\OPDClinic\system\Boot.php(312): CodeIgniter\CodeIgniter->run()
#10 C:\xampp\htdocs\OPDClinic\system\Boot.php(67): CodeIgniter\Boot::runCodeIgniter(Object(CodeIgniter\CodeIgniter))
#11 C:\xampp\htdocs\OPDClinic\index.php(56): CodeIgniter\Boot::bootWeb(Object(Config\Paths))
#12 {main}
CRITICAL - 2024-11-14 11:38:49 --> CodeIgniter\Database\Exceptions\DatabaseException: pg_query(): Query failed: ERROR:  operator does not exist: character varying = integer
LINE 3: LEFT JOIN &quot;tbl_slots&quot; ON &quot;tbl_appointment&quot;.&quot;slot&quot; = &quot;tbl_slo...
                                                          ^
HINT:  No operator matches the given name and argument types. You might need to add explicit type casts.
[Method: GET, Route: getAppointmentsWithSlots]
in SYSTEMPATH\Database\BaseConnection.php on line 676.
 1 SYSTEMPATH\Database\BaseBuilder.php(1629): CodeIgniter\Database\BaseConnection->query('SELECT "tbl_appointment".*, "tbl_slots"."slots_time", "tbl_register"."name" AS "consultant_name", "tbl_branch"."branch_name"
FROM "tbl_appointment"
LEFT JOIN "tbl_slots" ON "tbl_appointment"."slot" = "tbl_slots"."id"
LEFT JOIN "tbl_register" ON "tbl_appointment"."consultant" = "tbl_register"."id"
LEFT JOIN "tbl_branch" ON "tbl_appointment"."branch" = "tbl_branch"."id"
WHERE "tbl_appointment"."is_deleted" = :tbl_appointment.is_deleted:', [...], false)
 2 APPPATH\Controllers\Home.php(989): CodeIgniter\Database\BaseBuilder->get()
 3 SYSTEMPATH\CodeIgniter.php(933): App\Controllers\Home->getAppointmentsWithSlots()
 4 SYSTEMPATH\CodeIgniter.php(509): CodeIgniter\CodeIgniter->runController(Object(App\Controllers\Home))
 5 SYSTEMPATH\CodeIgniter.php(355): CodeIgniter\CodeIgniter->handleRequest(null, Object(Config\Cache), false)
 6 SYSTEMPATH\Boot.php(312): CodeIgniter\CodeIgniter->run()
 7 SYSTEMPATH\Boot.php(67): CodeIgniter\Boot::runCodeIgniter(Object(CodeIgniter\CodeIgniter))
 8 FCPATH\index.php(56): CodeIgniter\Boot::bootWeb(Object(Config\Paths))
CRITICAL - 2024-11-14 11:38:49 --> [Caused by] CodeIgniter\Database\Exceptions\DatabaseException: pg_query(): Query failed: ERROR:  operator does not exist: character varying = integer
LINE 3: LEFT JOIN &quot;tbl_slots&quot; ON &quot;tbl_appointment&quot;.&quot;slot&quot; = &quot;tbl_slo...
                                                          ^
HINT:  No operator matches the given name and argument types. You might need to add explicit type casts.
in SYSTEMPATH\Database\Postgre\Connection.php on line 198.
 1 SYSTEMPATH\Database\BaseConnection.php(722): CodeIgniter\Database\Postgre\Connection->execute('SELECT "tbl_appointment".*, "tbl_slots"."slots_time", "tbl_register"."name" AS "consultant_name", "tbl_branch"."branch_name"
FROM "tbl_appointment"
LEFT JOIN "tbl_slots" ON "tbl_appointment"."slot" = "tbl_slots"."id"
LEFT JOIN "tbl_register" ON "tbl_appointment"."consultant" = "tbl_register"."id"
LEFT JOIN "tbl_branch" ON "tbl_appointment"."branch" = "tbl_branch"."id"
WHERE "tbl_appointment"."is_deleted" = \'N\'')
 2 SYSTEMPATH\Database\BaseConnection.php(636): CodeIgniter\Database\BaseConnection->simpleQuery('SELECT "tbl_appointment".*, "tbl_slots"."slots_time", "tbl_register"."name" AS "consultant_name", "tbl_branch"."branch_name"
FROM "tbl_appointment"
LEFT JOIN "tbl_slots" ON "tbl_appointment"."slot" = "tbl_slots"."id"
LEFT JOIN "tbl_register" ON "tbl_appointment"."consultant" = "tbl_register"."id"
LEFT JOIN "tbl_branch" ON "tbl_appointment"."branch" = "tbl_branch"."id"
WHERE "tbl_appointment"."is_deleted" = \'N\'')
 3 SYSTEMPATH\Database\BaseBuilder.php(1629): CodeIgniter\Database\BaseConnection->query('SELECT "tbl_appointment".*, "tbl_slots"."slots_time", "tbl_register"."name" AS "consultant_name", "tbl_branch"."branch_name"
FROM "tbl_appointment"
LEFT JOIN "tbl_slots" ON "tbl_appointment"."slot" = "tbl_slots"."id"
LEFT JOIN "tbl_register" ON "tbl_appointment"."consultant" = "tbl_register"."id"
LEFT JOIN "tbl_branch" ON "tbl_appointment"."branch" = "tbl_branch"."id"
WHERE "tbl_appointment"."is_deleted" = :tbl_appointment.is_deleted:', [...], false)
 4 APPPATH\Controllers\Home.php(989): CodeIgniter\Database\BaseBuilder->get()
 5 SYSTEMPATH\CodeIgniter.php(933): App\Controllers\Home->getAppointmentsWithSlots()
 6 SYSTEMPATH\CodeIgniter.php(509): CodeIgniter\CodeIgniter->runController(Object(App\Controllers\Home))
 7 SYSTEMPATH\CodeIgniter.php(355): CodeIgniter\CodeIgniter->handleRequest(null, Object(Config\Cache), false)
 8 SYSTEMPATH\Boot.php(312): CodeIgniter\CodeIgniter->run()
 9 SYSTEMPATH\Boot.php(67): CodeIgniter\Boot::runCodeIgniter(Object(CodeIgniter\CodeIgniter))
10 FCPATH\index.php(56): CodeIgniter\Boot::bootWeb(Object(Config\Paths))
CRITICAL - 2024-11-14 11:38:49 --> [Caused by] ErrorException: pg_query(): Query failed: ERROR:  operator does not exist: character varying = integer
LINE 3: LEFT JOIN &quot;tbl_slots&quot; ON &quot;tbl_appointment&quot;.&quot;slot&quot; = &quot;tbl_slo...
                                                          ^
HINT:  No operator matches the given name and argument types. You might need to add explicit type casts.
in SYSTEMPATH\Database\Postgre\Connection.php on line 193.
 1 [internal function]: CodeIgniter\Debug\Exceptions->errorHandler(2, 'pg_query(): Query failed: ERROR:  operator does not exist: character varying = integer
LINE 3: LEFT JOIN &quot;tbl_slots&quot; ON &quot;tbl_appointment&quot;.&quot;slot&quot; = &quot;tbl_slo...
                                                          ^
HINT:  No operator matches the given name and argument types. You might need to add explicit type casts.', 'C:\\xampp\\htdocs\\OPDClinic\\system\\Database\\Postgre\\Connection.php', 193)
 2 SYSTEMPATH\Database\Postgre\Connection.php(193): pg_query(Object(PgSql\Connection), 'SELECT "tbl_appointment".*, "tbl_slots"."slots_time", "tbl_register"."name" AS "consultant_name", "tbl_branch"."branch_name"
FROM "tbl_appointment"
LEFT JOIN "tbl_slots" ON "tbl_appointment"."slot" = "tbl_slots"."id"
LEFT JOIN "tbl_register" ON "tbl_appointment"."consultant" = "tbl_register"."id"
LEFT JOIN "tbl_branch" ON "tbl_appointment"."branch" = "tbl_branch"."id"
WHERE "tbl_appointment"."is_deleted" = \'N\'')
 3 SYSTEMPATH\Database\BaseConnection.php(722): CodeIgniter\Database\Postgre\Connection->execute('SELECT "tbl_appointment".*, "tbl_slots"."slots_time", "tbl_register"."name" AS "consultant_name", "tbl_branch"."branch_name"
FROM "tbl_appointment"
LEFT JOIN "tbl_slots" ON "tbl_appointment"."slot" = "tbl_slots"."id"
LEFT JOIN "tbl_register" ON "tbl_appointment"."consultant" = "tbl_register"."id"
LEFT JOIN "tbl_branch" ON "tbl_appointment"."branch" = "tbl_branch"."id"
WHERE "tbl_appointment"."is_deleted" = \'N\'')
 4 SYSTEMPATH\Database\BaseConnection.php(636): CodeIgniter\Database\BaseConnection->simpleQuery('SELECT "tbl_appointment".*, "tbl_slots"."slots_time", "tbl_register"."name" AS "consultant_name", "tbl_branch"."branch_name"
FROM "tbl_appointment"
LEFT JOIN "tbl_slots" ON "tbl_appointment"."slot" = "tbl_slots"."id"
LEFT JOIN "tbl_register" ON "tbl_appointment"."consultant" = "tbl_register"."id"
LEFT JOIN "tbl_branch" ON "tbl_appointment"."branch" = "tbl_branch"."id"
WHERE "tbl_appointment"."is_deleted" = \'N\'')
 5 SYSTEMPATH\Database\BaseBuilder.php(1629): CodeIgniter\Database\BaseConnection->query('SELECT "tbl_appointment".*, "tbl_slots"."slots_time", "tbl_register"."name" AS "consultant_name", "tbl_branch"."branch_name"
FROM "tbl_appointment"
LEFT JOIN "tbl_slots" ON "tbl_appointment"."slot" = "tbl_slots"."id"
LEFT JOIN "tbl_register" ON "tbl_appointment"."consultant" = "tbl_register"."id"
LEFT JOIN "tbl_branch" ON "tbl_appointment"."branch" = "tbl_branch"."id"
WHERE "tbl_appointment"."is_deleted" = :tbl_appointment.is_deleted:', [...], false)
 6 APPPATH\Controllers\Home.php(989): CodeIgniter\Database\BaseBuilder->get()
 7 SYSTEMPATH\CodeIgniter.php(933): App\Controllers\Home->getAppointmentsWithSlots()
 8 SYSTEMPATH\CodeIgniter.php(509): CodeIgniter\CodeIgniter->runController(Object(App\Controllers\Home))
 9 SYSTEMPATH\CodeIgniter.php(355): CodeIgniter\CodeIgniter->handleRequest(null, Object(Config\Cache), false)
10 SYSTEMPATH\Boot.php(312): CodeIgniter\CodeIgniter->run()
11 SYSTEMPATH\Boot.php(67): CodeIgniter\Boot::runCodeIgniter(Object(CodeIgniter\CodeIgniter))
12 FCPATH\index.php(56): CodeIgniter\Boot::bootWeb(Object(Config\Paths))
ERROR - 2024-11-14 11:42:54 --> ErrorException: pg_query(): Query failed: ERROR:  operator does not exist: character varying = integer
LINE 3: LEFT JOIN &quot;tbl_slots&quot; ON &quot;tbl_appointment&quot;.&quot;slot&quot; = &quot;tbl_slo...
                                                          ^
HINT:  No operator matches the given name and argument types. You might need to add explicit type casts. in C:\xampp\htdocs\OPDClinic\system\Database\Postgre\Connection.php:193
Stack trace:
#0 [internal function]: CodeIgniter\Debug\Exceptions->errorHandler(2, 'pg_query(): Que...', 'C:\\xampp\\htdocs...', 193)
#1 C:\xampp\htdocs\OPDClinic\system\Database\Postgre\Connection.php(193): pg_query(Object(PgSql\Connection), 'SELECT "tbl_app...')
#2 C:\xampp\htdocs\OPDClinic\system\Database\BaseConnection.php(722): CodeIgniter\Database\Postgre\Connection->execute('SELECT "tbl_app...')
#3 C:\xampp\htdocs\OPDClinic\system\Database\BaseConnection.php(636): CodeIgniter\Database\BaseConnection->simpleQuery('SELECT "tbl_app...')
#4 C:\xampp\htdocs\OPDClinic\system\Database\BaseBuilder.php(1629): CodeIgniter\Database\BaseConnection->query('SELECT "tbl_app...', Array, false)
#5 C:\xampp\htdocs\OPDClinic\app\Controllers\Home.php(989): CodeIgniter\Database\BaseBuilder->get()
#6 C:\xampp\htdocs\OPDClinic\system\CodeIgniter.php(933): App\Controllers\Home->getAppointmentsWithSlots()
#7 C:\xampp\htdocs\OPDClinic\system\CodeIgniter.php(509): CodeIgniter\CodeIgniter->runController(Object(App\Controllers\Home))
#8 C:\xampp\htdocs\OPDClinic\system\CodeIgniter.php(355): CodeIgniter\CodeIgniter->handleRequest(NULL, Object(Config\Cache), false)
#9 C:\xampp\htdocs\OPDClinic\system\Boot.php(312): CodeIgniter\CodeIgniter->run()
#10 C:\xampp\htdocs\OPDClinic\system\Boot.php(67): CodeIgniter\Boot::runCodeIgniter(Object(CodeIgniter\CodeIgniter))
#11 C:\xampp\htdocs\OPDClinic\index.php(56): CodeIgniter\Boot::bootWeb(Object(Config\Paths))
#12 {main}
CRITICAL - 2024-11-14 11:42:54 --> CodeIgniter\Database\Exceptions\DatabaseException: pg_query(): Query failed: ERROR:  operator does not exist: character varying = integer
LINE 3: LEFT JOIN &quot;tbl_slots&quot; ON &quot;tbl_appointment&quot;.&quot;slot&quot; = &quot;tbl_slo...
                                                          ^
HINT:  No operator matches the given name and argument types. You might need to add explicit type casts.
[Method: GET, Route: getAppointmentsWithSlots]
in SYSTEMPATH\Database\BaseConnection.php on line 676.
 1 SYSTEMPATH\Database\BaseBuilder.php(1629): CodeIgniter\Database\BaseConnection->query('SELECT "tbl_appointment".*, "tbl_slots"."slots_time", "tbl_register"."name" AS "consultant_name", "tbl_branch"."branch_name"
FROM "tbl_appointment"
LEFT JOIN "tbl_slots" ON "tbl_appointment"."slot" = "tbl_slots"."id"
LEFT JOIN "tbl_register" ON "tbl_appointment"."consultant" = "tbl_register"."id"
LEFT JOIN "tbl_branch" ON "tbl_appointment"."branch" = "tbl_branch"."id"
WHERE "tbl_appointment"."is_deleted" = :tbl_appointment.is_deleted:', [...], false)
 2 APPPATH\Controllers\Home.php(989): CodeIgniter\Database\BaseBuilder->get()
 3 SYSTEMPATH\CodeIgniter.php(933): App\Controllers\Home->getAppointmentsWithSlots()
 4 SYSTEMPATH\CodeIgniter.php(509): CodeIgniter\CodeIgniter->runController(Object(App\Controllers\Home))
 5 SYSTEMPATH\CodeIgniter.php(355): CodeIgniter\CodeIgniter->handleRequest(null, Object(Config\Cache), false)
 6 SYSTEMPATH\Boot.php(312): CodeIgniter\CodeIgniter->run()
 7 SYSTEMPATH\Boot.php(67): CodeIgniter\Boot::runCodeIgniter(Object(CodeIgniter\CodeIgniter))
 8 FCPATH\index.php(56): CodeIgniter\Boot::bootWeb(Object(Config\Paths))
CRITICAL - 2024-11-14 11:42:54 --> [Caused by] CodeIgniter\Database\Exceptions\DatabaseException: pg_query(): Query failed: ERROR:  operator does not exist: character varying = integer
LINE 3: LEFT JOIN &quot;tbl_slots&quot; ON &quot;tbl_appointment&quot;.&quot;slot&quot; = &quot;tbl_slo...
                                                          ^
HINT:  No operator matches the given name and argument types. You might need to add explicit type casts.
in SYSTEMPATH\Database\Postgre\Connection.php on line 198.
 1 SYSTEMPATH\Database\BaseConnection.php(722): CodeIgniter\Database\Postgre\Connection->execute('SELECT "tbl_appointment".*, "tbl_slots"."slots_time", "tbl_register"."name" AS "consultant_name", "tbl_branch"."branch_name"
FROM "tbl_appointment"
LEFT JOIN "tbl_slots" ON "tbl_appointment"."slot" = "tbl_slots"."id"
LEFT JOIN "tbl_register" ON "tbl_appointment"."consultant" = "tbl_register"."id"
LEFT JOIN "tbl_branch" ON "tbl_appointment"."branch" = "tbl_branch"."id"
WHERE "tbl_appointment"."is_deleted" = \'N\'')
 2 SYSTEMPATH\Database\BaseConnection.php(636): CodeIgniter\Database\BaseConnection->simpleQuery('SELECT "tbl_appointment".*, "tbl_slots"."slots_time", "tbl_register"."name" AS "consultant_name", "tbl_branch"."branch_name"
FROM "tbl_appointment"
LEFT JOIN "tbl_slots" ON "tbl_appointment"."slot" = "tbl_slots"."id"
LEFT JOIN "tbl_register" ON "tbl_appointment"."consultant" = "tbl_register"."id"
LEFT JOIN "tbl_branch" ON "tbl_appointment"."branch" = "tbl_branch"."id"
WHERE "tbl_appointment"."is_deleted" = \'N\'')
 3 SYSTEMPATH\Database\BaseBuilder.php(1629): CodeIgniter\Database\BaseConnection->query('SELECT "tbl_appointment".*, "tbl_slots"."slots_time", "tbl_register"."name" AS "consultant_name", "tbl_branch"."branch_name"
FROM "tbl_appointment"
LEFT JOIN "tbl_slots" ON "tbl_appointment"."slot" = "tbl_slots"."id"
LEFT JOIN "tbl_register" ON "tbl_appointment"."consultant" = "tbl_register"."id"
LEFT JOIN "tbl_branch" ON "tbl_appointment"."branch" = "tbl_branch"."id"
WHERE "tbl_appointment"."is_deleted" = :tbl_appointment.is_deleted:', [...], false)
 4 APPPATH\Controllers\Home.php(989): CodeIgniter\Database\BaseBuilder->get()
 5 SYSTEMPATH\CodeIgniter.php(933): App\Controllers\Home->getAppointmentsWithSlots()
 6 SYSTEMPATH\CodeIgniter.php(509): CodeIgniter\CodeIgniter->runController(Object(App\Controllers\Home))
 7 SYSTEMPATH\CodeIgniter.php(355): CodeIgniter\CodeIgniter->handleRequest(null, Object(Config\Cache), false)
 8 SYSTEMPATH\Boot.php(312): CodeIgniter\CodeIgniter->run()
 9 SYSTEMPATH\Boot.php(67): CodeIgniter\Boot::runCodeIgniter(Object(CodeIgniter\CodeIgniter))
10 FCPATH\index.php(56): CodeIgniter\Boot::bootWeb(Object(Config\Paths))
CRITICAL - 2024-11-14 11:42:54 --> [Caused by] ErrorException: pg_query(): Query failed: ERROR:  operator does not exist: character varying = integer
LINE 3: LEFT JOIN &quot;tbl_slots&quot; ON &quot;tbl_appointment&quot;.&quot;slot&quot; = &quot;tbl_slo...
                                                          ^
HINT:  No operator matches the given name and argument types. You might need to add explicit type casts.
in SYSTEMPATH\Database\Postgre\Connection.php on line 193.
 1 [internal function]: CodeIgniter\Debug\Exceptions->errorHandler(2, 'pg_query(): Query failed: ERROR:  operator does not exist: character varying = integer
LINE 3: LEFT JOIN &quot;tbl_slots&quot; ON &quot;tbl_appointment&quot;.&quot;slot&quot; = &quot;tbl_slo...
                                                          ^
HINT:  No operator matches the given name and argument types. You might need to add explicit type casts.', 'C:\\xampp\\htdocs\\OPDClinic\\system\\Database\\Postgre\\Connection.php', 193)
 2 SYSTEMPATH\Database\Postgre\Connection.php(193): pg_query(Object(PgSql\Connection), 'SELECT "tbl_appointment".*, "tbl_slots"."slots_time", "tbl_register"."name" AS "consultant_name", "tbl_branch"."branch_name"
FROM "tbl_appointment"
LEFT JOIN "tbl_slots" ON "tbl_appointment"."slot" = "tbl_slots"."id"
LEFT JOIN "tbl_register" ON "tbl_appointment"."consultant" = "tbl_register"."id"
LEFT JOIN "tbl_branch" ON "tbl_appointment"."branch" = "tbl_branch"."id"
WHERE "tbl_appointment"."is_deleted" = \'N\'')
 3 SYSTEMPATH\Database\BaseConnection.php(722): CodeIgniter\Database\Postgre\Connection->execute('SELECT "tbl_appointment".*, "tbl_slots"."slots_time", "tbl_register"."name" AS "consultant_name", "tbl_branch"."branch_name"
FROM "tbl_appointment"
LEFT JOIN "tbl_slots" ON "tbl_appointment"."slot" = "tbl_slots"."id"
LEFT JOIN "tbl_register" ON "tbl_appointment"."consultant" = "tbl_register"."id"
LEFT JOIN "tbl_branch" ON "tbl_appointment"."branch" = "tbl_branch"."id"
WHERE "tbl_appointment"."is_deleted" = \'N\'')
 4 SYSTEMPATH\Database\BaseConnection.php(636): CodeIgniter\Database\BaseConnection->simpleQuery('SELECT "tbl_appointment".*, "tbl_slots"."slots_time", "tbl_register"."name" AS "consultant_name", "tbl_branch"."branch_name"
FROM "tbl_appointment"
LEFT JOIN "tbl_slots" ON "tbl_appointment"."slot" = "tbl_slots"."id"
LEFT JOIN "tbl_register" ON "tbl_appointment"."consultant" = "tbl_register"."id"
LEFT JOIN "tbl_branch" ON "tbl_appointment"."branch" = "tbl_branch"."id"
WHERE "tbl_appointment"."is_deleted" = \'N\'')
 5 SYSTEMPATH\Database\BaseBuilder.php(1629): CodeIgniter\Database\BaseConnection->query('SELECT "tbl_appointment".*, "tbl_slots"."slots_time", "tbl_register"."name" AS "consultant_name", "tbl_branch"."branch_name"
FROM "tbl_appointment"
LEFT JOIN "tbl_slots" ON "tbl_appointment"."slot" = "tbl_slots"."id"
LEFT JOIN "tbl_register" ON "tbl_appointment"."consultant" = "tbl_register"."id"
LEFT JOIN "tbl_branch" ON "tbl_appointment"."branch" = "tbl_branch"."id"
WHERE "tbl_appointment"."is_deleted" = :tbl_appointment.is_deleted:', [...], false)
 6 APPPATH\Controllers\Home.php(989): CodeIgniter\Database\BaseBuilder->get()
 7 SYSTEMPATH\CodeIgniter.php(933): App\Controllers\Home->getAppointmentsWithSlots()
 8 SYSTEMPATH\CodeIgniter.php(509): CodeIgniter\CodeIgniter->runController(Object(App\Controllers\Home))
 9 SYSTEMPATH\CodeIgniter.php(355): CodeIgniter\CodeIgniter->handleRequest(null, Object(Config\Cache), false)
10 SYSTEMPATH\Boot.php(312): CodeIgniter\CodeIgniter->run()
11 SYSTEMPATH\Boot.php(67): CodeIgniter\Boot::runCodeIgniter(Object(CodeIgniter\CodeIgniter))
12 FCPATH\index.php(56): CodeIgniter\Boot::bootWeb(Object(Config\Paths))
ERROR - 2024-11-14 11:52:20 --> ErrorException: pg_query(): Query failed: ERROR:  operator does not exist: character varying = integer
LINE 3: LEFT JOIN &quot;tbl_slots&quot; ON &quot;tbl_appointment&quot;.&quot;slot&quot; = &quot;tbl_slo...
                                                          ^
HINT:  No operator matches the given name and argument types. You might need to add explicit type casts. in C:\xampp\htdocs\OPDClinic\system\Database\Postgre\Connection.php:193
Stack trace:
#0 [internal function]: CodeIgniter\Debug\Exceptions->errorHandler(2, 'pg_query(): Que...', 'C:\\xampp\\htdocs...', 193)
#1 C:\xampp\htdocs\OPDClinic\system\Database\Postgre\Connection.php(193): pg_query(Object(PgSql\Connection), 'SELECT "tbl_app...')
#2 C:\xampp\htdocs\OPDClinic\system\Database\BaseConnection.php(722): CodeIgniter\Database\Postgre\Connection->execute('SELECT "tbl_app...')
#3 C:\xampp\htdocs\OPDClinic\system\Database\BaseConnection.php(636): CodeIgniter\Database\BaseConnection->simpleQuery('SELECT "tbl_app...')
#4 C:\xampp\htdocs\OPDClinic\system\Database\BaseBuilder.php(1629): CodeIgniter\Database\BaseConnection->query('SELECT "tbl_app...', Array, false)
#5 C:\xampp\htdocs\OPDClinic\app\Controllers\Home.php(989): CodeIgniter\Database\BaseBuilder->get()
#6 C:\xampp\htdocs\OPDClinic\system\CodeIgniter.php(933): App\Controllers\Home->getAppointmentsWithSlots()
#7 C:\xampp\htdocs\OPDClinic\system\CodeIgniter.php(509): CodeIgniter\CodeIgniter->runController(Object(App\Controllers\Home))
#8 C:\xampp\htdocs\OPDClinic\system\CodeIgniter.php(355): CodeIgniter\CodeIgniter->handleRequest(NULL, Object(Config\Cache), false)
#9 C:\xampp\htdocs\OPDClinic\system\Boot.php(312): CodeIgniter\CodeIgniter->run()
#10 C:\xampp\htdocs\OPDClinic\system\Boot.php(67): CodeIgniter\Boot::runCodeIgniter(Object(CodeIgniter\CodeIgniter))
#11 C:\xampp\htdocs\OPDClinic\index.php(56): CodeIgniter\Boot::bootWeb(Object(Config\Paths))
#12 {main}
CRITICAL - 2024-11-14 11:52:20 --> CodeIgniter\Database\Exceptions\DatabaseException: pg_query(): Query failed: ERROR:  operator does not exist: character varying = integer
LINE 3: LEFT JOIN &quot;tbl_slots&quot; ON &quot;tbl_appointment&quot;.&quot;slot&quot; = &quot;tbl_slo...
                                                          ^
HINT:  No operator matches the given name and argument types. You might need to add explicit type casts.
[Method: GET, Route: getAppointmentsWithSlots]
in SYSTEMPATH\Database\BaseConnection.php on line 676.
 1 SYSTEMPATH\Database\BaseBuilder.php(1629): CodeIgniter\Database\BaseConnection->query('SELECT "tbl_appointment".*, "tbl_slots"."slots_time", "tbl_register"."name" AS "consultant_name", "tbl_branch"."branch_name"
FROM "tbl_appointment"
LEFT JOIN "tbl_slots" ON "tbl_appointment"."slot" = "tbl_slots"."id"
LEFT JOIN "tbl_register" ON "tbl_appointment"."consultant" = "tbl_register"."id"
LEFT JOIN "tbl_branch" ON "tbl_appointment"."branch" = "tbl_branch"."id"
WHERE "tbl_appointment"."is_deleted" = :tbl_appointment.is_deleted:', [...], false)
 2 APPPATH\Controllers\Home.php(989): CodeIgniter\Database\BaseBuilder->get()
 3 SYSTEMPATH\CodeIgniter.php(933): App\Controllers\Home->getAppointmentsWithSlots()
 4 SYSTEMPATH\CodeIgniter.php(509): CodeIgniter\CodeIgniter->runController(Object(App\Controllers\Home))
 5 SYSTEMPATH\CodeIgniter.php(355): CodeIgniter\CodeIgniter->handleRequest(null, Object(Config\Cache), false)
 6 SYSTEMPATH\Boot.php(312): CodeIgniter\CodeIgniter->run()
 7 SYSTEMPATH\Boot.php(67): CodeIgniter\Boot::runCodeIgniter(Object(CodeIgniter\CodeIgniter))
 8 FCPATH\index.php(56): CodeIgniter\Boot::bootWeb(Object(Config\Paths))
CRITICAL - 2024-11-14 11:52:20 --> [Caused by] CodeIgniter\Database\Exceptions\DatabaseException: pg_query(): Query failed: ERROR:  operator does not exist: character varying = integer
LINE 3: LEFT JOIN &quot;tbl_slots&quot; ON &quot;tbl_appointment&quot;.&quot;slot&quot; = &quot;tbl_slo...
                                                          ^
HINT:  No operator matches the given name and argument types. You might need to add explicit type casts.
in SYSTEMPATH\Database\Postgre\Connection.php on line 198.
 1 SYSTEMPATH\Database\BaseConnection.php(722): CodeIgniter\Database\Postgre\Connection->execute('SELECT "tbl_appointment".*, "tbl_slots"."slots_time", "tbl_register"."name" AS "consultant_name", "tbl_branch"."branch_name"
FROM "tbl_appointment"
LEFT JOIN "tbl_slots" ON "tbl_appointment"."slot" = "tbl_slots"."id"
LEFT JOIN "tbl_register" ON "tbl_appointment"."consultant" = "tbl_register"."id"
LEFT JOIN "tbl_branch" ON "tbl_appointment"."branch" = "tbl_branch"."id"
WHERE "tbl_appointment"."is_deleted" = \'N\'')
 2 SYSTEMPATH\Database\BaseConnection.php(636): CodeIgniter\Database\BaseConnection->simpleQuery('SELECT "tbl_appointment".*, "tbl_slots"."slots_time", "tbl_register"."name" AS "consultant_name", "tbl_branch"."branch_name"
FROM "tbl_appointment"
LEFT JOIN "tbl_slots" ON "tbl_appointment"."slot" = "tbl_slots"."id"
LEFT JOIN "tbl_register" ON "tbl_appointment"."consultant" = "tbl_register"."id"
LEFT JOIN "tbl_branch" ON "tbl_appointment"."branch" = "tbl_branch"."id"
WHERE "tbl_appointment"."is_deleted" = \'N\'')
 3 SYSTEMPATH\Database\BaseBuilder.php(1629): CodeIgniter\Database\BaseConnection->query('SELECT "tbl_appointment".*, "tbl_slots"."slots_time", "tbl_register"."name" AS "consultant_name", "tbl_branch"."branch_name"
FROM "tbl_appointment"
LEFT JOIN "tbl_slots" ON "tbl_appointment"."slot" = "tbl_slots"."id"
LEFT JOIN "tbl_register" ON "tbl_appointment"."consultant" = "tbl_register"."id"
LEFT JOIN "tbl_branch" ON "tbl_appointment"."branch" = "tbl_branch"."id"
WHERE "tbl_appointment"."is_deleted" = :tbl_appointment.is_deleted:', [...], false)
 4 APPPATH\Controllers\Home.php(989): CodeIgniter\Database\BaseBuilder->get()
 5 SYSTEMPATH\CodeIgniter.php(933): App\Controllers\Home->getAppointmentsWithSlots()
 6 SYSTEMPATH\CodeIgniter.php(509): CodeIgniter\CodeIgniter->runController(Object(App\Controllers\Home))
 7 SYSTEMPATH\CodeIgniter.php(355): CodeIgniter\CodeIgniter->handleRequest(null, Object(Config\Cache), false)
 8 SYSTEMPATH\Boot.php(312): CodeIgniter\CodeIgniter->run()
 9 SYSTEMPATH\Boot.php(67): CodeIgniter\Boot::runCodeIgniter(Object(CodeIgniter\CodeIgniter))
10 FCPATH\index.php(56): CodeIgniter\Boot::bootWeb(Object(Config\Paths))
CRITICAL - 2024-11-14 11:52:20 --> [Caused by] ErrorException: pg_query(): Query failed: ERROR:  operator does not exist: character varying = integer
LINE 3: LEFT JOIN &quot;tbl_slots&quot; ON &quot;tbl_appointment&quot;.&quot;slot&quot; = &quot;tbl_slo...
                                                          ^
HINT:  No operator matches the given name and argument types. You might need to add explicit type casts.
in SYSTEMPATH\Database\Postgre\Connection.php on line 193.
 1 [internal function]: CodeIgniter\Debug\Exceptions->errorHandler(2, 'pg_query(): Query failed: ERROR:  operator does not exist: character varying = integer
LINE 3: LEFT JOIN &quot;tbl_slots&quot; ON &quot;tbl_appointment&quot;.&quot;slot&quot; = &quot;tbl_slo...
                                                          ^
HINT:  No operator matches the given name and argument types. You might need to add explicit type casts.', 'C:\\xampp\\htdocs\\OPDClinic\\system\\Database\\Postgre\\Connection.php', 193)
 2 SYSTEMPATH\Database\Postgre\Connection.php(193): pg_query(Object(PgSql\Connection), 'SELECT "tbl_appointment".*, "tbl_slots"."slots_time", "tbl_register"."name" AS "consultant_name", "tbl_branch"."branch_name"
FROM "tbl_appointment"
LEFT JOIN "tbl_slots" ON "tbl_appointment"."slot" = "tbl_slots"."id"
LEFT JOIN "tbl_register" ON "tbl_appointment"."consultant" = "tbl_register"."id"
LEFT JOIN "tbl_branch" ON "tbl_appointment"."branch" = "tbl_branch"."id"
WHERE "tbl_appointment"."is_deleted" = \'N\'')
 3 SYSTEMPATH\Database\BaseConnection.php(722): CodeIgniter\Database\Postgre\Connection->execute('SELECT "tbl_appointment".*, "tbl_slots"."slots_time", "tbl_register"."name" AS "consultant_name", "tbl_branch"."branch_name"
FROM "tbl_appointment"
LEFT JOIN "tbl_slots" ON "tbl_appointment"."slot" = "tbl_slots"."id"
LEFT JOIN "tbl_register" ON "tbl_appointment"."consultant" = "tbl_register"."id"
LEFT JOIN "tbl_branch" ON "tbl_appointment"."branch" = "tbl_branch"."id"
WHERE "tbl_appointment"."is_deleted" = \'N\'')
 4 SYSTEMPATH\Database\BaseConnection.php(636): CodeIgniter\Database\BaseConnection->simpleQuery('SELECT "tbl_appointment".*, "tbl_slots"."slots_time", "tbl_register"."name" AS "consultant_name", "tbl_branch"."branch_name"
FROM "tbl_appointment"
LEFT JOIN "tbl_slots" ON "tbl_appointment"."slot" = "tbl_slots"."id"
LEFT JOIN "tbl_register" ON "tbl_appointment"."consultant" = "tbl_register"."id"
LEFT JOIN "tbl_branch" ON "tbl_appointment"."branch" = "tbl_branch"."id"
WHERE "tbl_appointment"."is_deleted" = \'N\'')
 5 SYSTEMPATH\Database\BaseBuilder.php(1629): CodeIgniter\Database\BaseConnection->query('SELECT "tbl_appointment".*, "tbl_slots"."slots_time", "tbl_register"."name" AS "consultant_name", "tbl_branch"."branch_name"
FROM "tbl_appointment"
LEFT JOIN "tbl_slots" ON "tbl_appointment"."slot" = "tbl_slots"."id"
LEFT JOIN "tbl_register" ON "tbl_appointment"."consultant" = "tbl_register"."id"
LEFT JOIN "tbl_branch" ON "tbl_appointment"."branch" = "tbl_branch"."id"
WHERE "tbl_appointment"."is_deleted" = :tbl_appointment.is_deleted:', [...], false)
 6 APPPATH\Controllers\Home.php(989): CodeIgniter\Database\BaseBuilder->get()
 7 SYSTEMPATH\CodeIgniter.php(933): App\Controllers\Home->getAppointmentsWithSlots()
 8 SYSTEMPATH\CodeIgniter.php(509): CodeIgniter\CodeIgniter->runController(Object(App\Controllers\Home))
 9 SYSTEMPATH\CodeIgniter.php(355): CodeIgniter\CodeIgniter->handleRequest(null, Object(Config\Cache), false)
10 SYSTEMPATH\Boot.php(312): CodeIgniter\CodeIgniter->run()
11 SYSTEMPATH\Boot.php(67): CodeIgniter\Boot::runCodeIgniter(Object(CodeIgniter\CodeIgniter))
12 FCPATH\index.php(56): CodeIgniter\Boot::bootWeb(Object(Config\Paths))
ERROR - 2024-11-14 11:52:42 --> ErrorException: pg_query(): Query failed: ERROR:  operator does not exist: character varying = integer
LINE 3: LEFT JOIN &quot;tbl_slots&quot; ON &quot;tbl_appointment&quot;.&quot;slot&quot; = &quot;tbl_slo...
                                                          ^
HINT:  No operator matches the given name and argument types. You might need to add explicit type casts. in C:\xampp\htdocs\OPDClinic\system\Database\Postgre\Connection.php:193
Stack trace:
#0 [internal function]: CodeIgniter\Debug\Exceptions->errorHandler(2, 'pg_query(): Que...', 'C:\\xampp\\htdocs...', 193)
#1 C:\xampp\htdocs\OPDClinic\system\Database\Postgre\Connection.php(193): pg_query(Object(PgSql\Connection), 'SELECT "tbl_app...')
#2 C:\xampp\htdocs\OPDClinic\system\Database\BaseConnection.php(722): CodeIgniter\Database\Postgre\Connection->execute('SELECT "tbl_app...')
#3 C:\xampp\htdocs\OPDClinic\system\Database\BaseConnection.php(636): CodeIgniter\Database\BaseConnection->simpleQuery('SELECT "tbl_app...')
#4 C:\xampp\htdocs\OPDClinic\system\Database\BaseBuilder.php(1629): CodeIgniter\Database\BaseConnection->query('SELECT "tbl_app...', Array, false)
#5 C:\xampp\htdocs\OPDClinic\app\Controllers\Home.php(989): CodeIgniter\Database\BaseBuilder->get()
#6 C:\xampp\htdocs\OPDClinic\system\CodeIgniter.php(933): App\Controllers\Home->getAppointmentsWithSlots()
#7 C:\xampp\htdocs\OPDClinic\system\CodeIgniter.php(509): CodeIgniter\CodeIgniter->runController(Object(App\Controllers\Home))
#8 C:\xampp\htdocs\OPDClinic\system\CodeIgniter.php(355): CodeIgniter\CodeIgniter->handleRequest(NULL, Object(Config\Cache), false)
#9 C:\xampp\htdocs\OPDClinic\system\Boot.php(312): CodeIgniter\CodeIgniter->run()
#10 C:\xampp\htdocs\OPDClinic\system\Boot.php(67): CodeIgniter\Boot::runCodeIgniter(Object(CodeIgniter\CodeIgniter))
#11 C:\xampp\htdocs\OPDClinic\index.php(56): CodeIgniter\Boot::bootWeb(Object(Config\Paths))
#12 {main}
CRITICAL - 2024-11-14 11:52:42 --> CodeIgniter\Database\Exceptions\DatabaseException: pg_query(): Query failed: ERROR:  operator does not exist: character varying = integer
LINE 3: LEFT JOIN &quot;tbl_slots&quot; ON &quot;tbl_appointment&quot;.&quot;slot&quot; = &quot;tbl_slo...
                                                          ^
HINT:  No operator matches the given name and argument types. You might need to add explicit type casts.
[Method: GET, Route: getAppointmentsWithSlots]
in SYSTEMPATH\Database\BaseConnection.php on line 676.
 1 SYSTEMPATH\Database\BaseBuilder.php(1629): CodeIgniter\Database\BaseConnection->query('SELECT "tbl_appointment".*, "tbl_slots"."slots_time", "tbl_register"."name" AS "consultant_name", "tbl_branch"."branch_name"
FROM "tbl_appointment"
LEFT JOIN "tbl_slots" ON "tbl_appointment"."slot" = "tbl_slots"."id"
LEFT JOIN "tbl_register" ON "tbl_appointment"."consultant" = "tbl_register"."id"
LEFT JOIN "tbl_branch" ON "tbl_appointment"."branch" = "tbl_branch"."id"
WHERE "tbl_appointment"."is_deleted" = :tbl_appointment.is_deleted:', [...], false)
 2 APPPATH\Controllers\Home.php(989): CodeIgniter\Database\BaseBuilder->get()
 3 SYSTEMPATH\CodeIgniter.php(933): App\Controllers\Home->getAppointmentsWithSlots()
 4 SYSTEMPATH\CodeIgniter.php(509): CodeIgniter\CodeIgniter->runController(Object(App\Controllers\Home))
 5 SYSTEMPATH\CodeIgniter.php(355): CodeIgniter\CodeIgniter->handleRequest(null, Object(Config\Cache), false)
 6 SYSTEMPATH\Boot.php(312): CodeIgniter\CodeIgniter->run()
 7 SYSTEMPATH\Boot.php(67): CodeIgniter\Boot::runCodeIgniter(Object(CodeIgniter\CodeIgniter))
 8 FCPATH\index.php(56): CodeIgniter\Boot::bootWeb(Object(Config\Paths))
CRITICAL - 2024-11-14 11:52:42 --> [Caused by] CodeIgniter\Database\Exceptions\DatabaseException: pg_query(): Query failed: ERROR:  operator does not exist: character varying = integer
LINE 3: LEFT JOIN &quot;tbl_slots&quot; ON &quot;tbl_appointment&quot;.&quot;slot&quot; = &quot;tbl_slo...
                                                          ^
HINT:  No operator matches the given name and argument types. You might need to add explicit type casts.
in SYSTEMPATH\Database\Postgre\Connection.php on line 198.
 1 SYSTEMPATH\Database\BaseConnection.php(722): CodeIgniter\Database\Postgre\Connection->execute('SELECT "tbl_appointment".*, "tbl_slots"."slots_time", "tbl_register"."name" AS "consultant_name", "tbl_branch"."branch_name"
FROM "tbl_appointment"
LEFT JOIN "tbl_slots" ON "tbl_appointment"."slot" = "tbl_slots"."id"
LEFT JOIN "tbl_register" ON "tbl_appointment"."consultant" = "tbl_register"."id"
LEFT JOIN "tbl_branch" ON "tbl_appointment"."branch" = "tbl_branch"."id"
WHERE "tbl_appointment"."is_deleted" = \'N\'')
 2 SYSTEMPATH\Database\BaseConnection.php(636): CodeIgniter\Database\BaseConnection->simpleQuery('SELECT "tbl_appointment".*, "tbl_slots"."slots_time", "tbl_register"."name" AS "consultant_name", "tbl_branch"."branch_name"
FROM "tbl_appointment"
LEFT JOIN "tbl_slots" ON "tbl_appointment"."slot" = "tbl_slots"."id"
LEFT JOIN "tbl_register" ON "tbl_appointment"."consultant" = "tbl_register"."id"
LEFT JOIN "tbl_branch" ON "tbl_appointment"."branch" = "tbl_branch"."id"
WHERE "tbl_appointment"."is_deleted" = \'N\'')
 3 SYSTEMPATH\Database\BaseBuilder.php(1629): CodeIgniter\Database\BaseConnection->query('SELECT "tbl_appointment".*, "tbl_slots"."slots_time", "tbl_register"."name" AS "consultant_name", "tbl_branch"."branch_name"
FROM "tbl_appointment"
LEFT JOIN "tbl_slots" ON "tbl_appointment"."slot" = "tbl_slots"."id"
LEFT JOIN "tbl_register" ON "tbl_appointment"."consultant" = "tbl_register"."id"
LEFT JOIN "tbl_branch" ON "tbl_appointment"."branch" = "tbl_branch"."id"
WHERE "tbl_appointment"."is_deleted" = :tbl_appointment.is_deleted:', [...], false)
 4 APPPATH\Controllers\Home.php(989): CodeIgniter\Database\BaseBuilder->get()
 5 SYSTEMPATH\CodeIgniter.php(933): App\Controllers\Home->getAppointmentsWithSlots()
 6 SYSTEMPATH\CodeIgniter.php(509): CodeIgniter\CodeIgniter->runController(Object(App\Controllers\Home))
 7 SYSTEMPATH\CodeIgniter.php(355): CodeIgniter\CodeIgniter->handleRequest(null, Object(Config\Cache), false)
 8 SYSTEMPATH\Boot.php(312): CodeIgniter\CodeIgniter->run()
 9 SYSTEMPATH\Boot.php(67): CodeIgniter\Boot::runCodeIgniter(Object(CodeIgniter\CodeIgniter))
10 FCPATH\index.php(56): CodeIgniter\Boot::bootWeb(Object(Config\Paths))
CRITICAL - 2024-11-14 11:52:42 --> [Caused by] ErrorException: pg_query(): Query failed: ERROR:  operator does not exist: character varying = integer
LINE 3: LEFT JOIN &quot;tbl_slots&quot; ON &quot;tbl_appointment&quot;.&quot;slot&quot; = &quot;tbl_slo...
                                                          ^
HINT:  No operator matches the given name and argument types. You might need to add explicit type casts.
in SYSTEMPATH\Database\Postgre\Connection.php on line 193.
 1 [internal function]: CodeIgniter\Debug\Exceptions->errorHandler(2, 'pg_query(): Query failed: ERROR:  operator does not exist: character varying = integer
LINE 3: LEFT JOIN &quot;tbl_slots&quot; ON &quot;tbl_appointment&quot;.&quot;slot&quot; = &quot;tbl_slo...
                                                          ^
HINT:  No operator matches the given name and argument types. You might need to add explicit type casts.', 'C:\\xampp\\htdocs\\OPDClinic\\system\\Database\\Postgre\\Connection.php', 193)
 2 SYSTEMPATH\Database\Postgre\Connection.php(193): pg_query(Object(PgSql\Connection), 'SELECT "tbl_appointment".*, "tbl_slots"."slots_time", "tbl_register"."name" AS "consultant_name", "tbl_branch"."branch_name"
FROM "tbl_appointment"
LEFT JOIN "tbl_slots" ON "tbl_appointment"."slot" = "tbl_slots"."id"
LEFT JOIN "tbl_register" ON "tbl_appointment"."consultant" = "tbl_register"."id"
LEFT JOIN "tbl_branch" ON "tbl_appointment"."branch" = "tbl_branch"."id"
WHERE "tbl_appointment"."is_deleted" = \'N\'')
 3 SYSTEMPATH\Database\BaseConnection.php(722): CodeIgniter\Database\Postgre\Connection->execute('SELECT "tbl_appointment".*, "tbl_slots"."slots_time", "tbl_register"."name" AS "consultant_name", "tbl_branch"."branch_name"
FROM "tbl_appointment"
LEFT JOIN "tbl_slots" ON "tbl_appointment"."slot" = "tbl_slots"."id"
LEFT JOIN "tbl_register" ON "tbl_appointment"."consultant" = "tbl_register"."id"
LEFT JOIN "tbl_branch" ON "tbl_appointment"."branch" = "tbl_branch"."id"
WHERE "tbl_appointment"."is_deleted" = \'N\'')
 4 SYSTEMPATH\Database\BaseConnection.php(636): CodeIgniter\Database\BaseConnection->simpleQuery('SELECT "tbl_appointment".*, "tbl_slots"."slots_time", "tbl_register"."name" AS "consultant_name", "tbl_branch"."branch_name"
FROM "tbl_appointment"
LEFT JOIN "tbl_slots" ON "tbl_appointment"."slot" = "tbl_slots"."id"
LEFT JOIN "tbl_register" ON "tbl_appointment"."consultant" = "tbl_register"."id"
LEFT JOIN "tbl_branch" ON "tbl_appointment"."branch" = "tbl_branch"."id"
WHERE "tbl_appointment"."is_deleted" = \'N\'')
 5 SYSTEMPATH\Database\BaseBuilder.php(1629): CodeIgniter\Database\BaseConnection->query('SELECT "tbl_appointment".*, "tbl_slots"."slots_time", "tbl_register"."name" AS "consultant_name", "tbl_branch"."branch_name"
FROM "tbl_appointment"
LEFT JOIN "tbl_slots" ON "tbl_appointment"."slot" = "tbl_slots"."id"
LEFT JOIN "tbl_register" ON "tbl_appointment"."consultant" = "tbl_register"."id"
LEFT JOIN "tbl_branch" ON "tbl_appointment"."branch" = "tbl_branch"."id"
WHERE "tbl_appointment"."is_deleted" = :tbl_appointment.is_deleted:', [...], false)
 6 APPPATH\Controllers\Home.php(989): CodeIgniter\Database\BaseBuilder->get()
 7 SYSTEMPATH\CodeIgniter.php(933): App\Controllers\Home->getAppointmentsWithSlots()
 8 SYSTEMPATH\CodeIgniter.php(509): CodeIgniter\CodeIgniter->runController(Object(App\Controllers\Home))
 9 SYSTEMPATH\CodeIgniter.php(355): CodeIgniter\CodeIgniter->handleRequest(null, Object(Config\Cache), false)
10 SYSTEMPATH\Boot.php(312): CodeIgniter\CodeIgniter->run()
11 SYSTEMPATH\Boot.php(67): CodeIgniter\Boot::runCodeIgniter(Object(CodeIgniter\CodeIgniter))
12 FCPATH\index.php(56): CodeIgniter\Boot::bootWeb(Object(Config\Paths))
INFO - 2024-11-14 15:31:53 --> Fetching appointments with parameters: consultantId=1, branchId=1, tab=home
INFO - 2024-11-14 15:31:54 --> Consultant Name: Exercise
INFO - 2024-11-14 15:31:55 --> Query Result: []
INFO - 2024-11-14 15:54:59 --> Fetching appointments with parameters: consultantId=1, branchId=1, tab=cancelled
INFO - 2024-11-14 15:55:01 --> Consultant Name: Exercise
INFO - 2024-11-14 15:55:02 --> Query Result: []
INFO - 2024-11-14 18:21:16 --> Fetching appointments with parameters: consultantId=3, branchId=1, tab=upcoming
INFO - 2024-11-14 18:21:18 --> Consultant Name: siddhesh kadge
INFO - 2024-11-14 18:21:18 --> Query Result: [{"id":"19","branch":"1","hawservices":"","consultant":"3","healthissues":"fdsfsd","dates":"2024-11-28","full_name":"Prabhakar","age":"50","mobile_no":"9876753621","email_id":"prabha@gmail.com","locations":"yugyg hu h ","slot":"15","subscription":"","plan":"","subscriptiontype":"","startdate":"2024-11-14","section":"4","created_at":"2024-11-14 11:40:53.327028","is_deleted":"N","payment_status":null,"appointment_status":"PE","price":null,"branch_name":"Moshi, Pimpri-Chinchwad","consultant_name":"siddhesh kadge"},{"id":"20","branch":"1","hawservices":"","consultant":"3","healthissues":"fdsfsd","dates":"2024-12-19","full_name":"seeta","age":"23","mobile_no":"85783234542","email_id":"ccj@gmail.com","locations":"jhjdhjd","slot":"14","subscription":"","plan":"","subscriptiontype":"","startdate":"2024-11-14","section":"5","created_at":"2024-11-14 11:56:24.292669","is_deleted":"N","payment_status":null,"appointment_status":"PE","price":null,"branch_name":"Moshi, Pimpri-Chinchwad","consultant_name":"siddhesh kadge"}]
