ERROR - 2025-03-26 04:54:11 --> ErrorException: pg_query(): Query failed: ERROR:  column s.Price does not exist
LINE 13:                     'price', COALESCE(s.&quot;Price&quot;, '')::text, ...
                                               ^
HINT:  Perhaps you meant to reference the column &quot;s.price&quot;.
QUERY:  SELECT jsonb_build_object(
            'status', 200,
            'message', 'Pending appointments retrieved successfully',
            'data', jsonb_agg(
                jsonb_build_object(
                    'id', a.id,
                    'branch', a.branch,
                    'consultant', a.consultant,
                    'section', a.section,
                    'slot', a.slot,
                    'appointment_status', a.appointment_status,
                    'slots_time', s.slots_time,
                    'price', COALESCE(s.&quot;Price&quot;, '')::text,  -- Use &quot;Price&quot; with quotes for case-sensitivity
                    'branch_name', b.branch_name,
                    'consultant_name', r.name,
                    'section_name', sec.section_name,
                    'full_name', a.full_name,
                    'mobile_no', a.mobile_no,
                    'email_id', a.email_id,
                    'locations', a.locations,
                    'startdate', a.startdate,
                    'dates', a.dates,  -- Include 'dates' column
                    'created_at', a.created_at
                )
            )
    )
                         FROM tbl_appointment a
    LEFT JOIN tbl_slots s ON CAST(a.slot AS INTEGER) = s.id
    LEFT JOIN tbl_register r ON a.consultant = r.id
    LEFT JOIN tbl_branch b ON a.branch = b.id
    LEFT JOIN tbl_section sec ON a.section = sec.id
    WHERE a.is_deleted = 'N'
    AND a.appointment_status = 'PE'  -- Only pending appointments
    AND a.dates &lt;= CURRENT_DATE
CONTEXT:  PL/pgSQL function get_pending_appointments() line 4 at SQL statement in C:\xampp\htdocs\salonClinic\system\Database\Postgre\Connection.php:193
Stack trace:
#0 [internal function]: CodeIgniter\Debug\Exceptions->errorHandler(2, 'pg_query(): Que...', 'C:\\xampp\\htdocs...', 193)
#1 C:\xampp\htdocs\salonClinic\system\Database\Postgre\Connection.php(193): pg_query(Object(PgSql\Connection), 'CALL get_pendin...')
#2 C:\xampp\htdocs\salonClinic\system\Database\BaseConnection.php(722): CodeIgniter\Database\Postgre\Connection->execute('CALL get_pendin...')
#3 C:\xampp\htdocs\salonClinic\system\Database\BaseConnection.php(636): CodeIgniter\Database\BaseConnection->simpleQuery('CALL get_pendin...')
#4 C:\xampp\htdocs\salonClinic\app\Controllers\Home.php(1696): CodeIgniter\Database\BaseConnection->query('CALL get_pendin...', Array)
#5 C:\xampp\htdocs\salonClinic\system\CodeIgniter.php(933): App\Controllers\Home->getPendingAppointments()
#6 C:\xampp\htdocs\salonClinic\system\CodeIgniter.php(509): CodeIgniter\CodeIgniter->runController(Object(App\Controllers\Home))
#7 C:\xampp\htdocs\salonClinic\system\CodeIgniter.php(355): CodeIgniter\CodeIgniter->handleRequest(NULL, Object(Config\Cache), false)
#8 C:\xampp\htdocs\salonClinic\system\Boot.php(312): CodeIgniter\CodeIgniter->run()
#9 C:\xampp\htdocs\salonClinic\system\Boot.php(67): CodeIgniter\Boot::runCodeIgniter(Object(CodeIgniter\CodeIgniter))
#10 C:\xampp\htdocs\salonClinic\index.php(56): CodeIgniter\Boot::bootWeb(Object(Config\Paths))
#11 {main}
CRITICAL - 2025-03-26 04:54:11 --> CodeIgniter\Database\Exceptions\DatabaseException: pg_query(): Query failed: ERROR:  column s.Price does not exist
LINE 13:                     'price', COALESCE(s.&quot;Price&quot;, '')::text, ...
                                               ^
HINT:  Perhaps you meant to reference the column &quot;s.price&quot;.
QUERY:  SELECT jsonb_build_object(
            'status', 200,
            'message', 'Pending appointments retrieved successfully',
            'data', jsonb_agg(
                jsonb_build_object(
                    'id', a.id,
                    'branch', a.branch,
                    'consultant', a.consultant,
                    'section', a.section,
                    'slot', a.slot,
                    'appointment_status', a.appointment_status,
                    'slots_time', s.slots_time,
                    'price', COALESCE(s.&quot;Price&quot;, '')::text,  -- Use &quot;Price&quot; with quotes for case-sensitivity
                    'branch_name', b.branch_name,
                    'consultant_name', r.name,
                    'section_name', sec.section_name,
                    'full_name', a.full_name,
                    'mobile_no', a.mobile_no,
                    'email_id', a.email_id,
                    'locations', a.locations,
                    'startdate', a.startdate,
                    'dates', a.dates,  -- Include 'dates' column
                    'created_at', a.created_at
                )
            )
    )
                         FROM tbl_appointment a
    LEFT JOIN tbl_slots s ON CAST(a.slot AS INTEGER) = s.id
    LEFT JOIN tbl_register r ON a.consultant = r.id
    LEFT JOIN tbl_branch b ON a.branch = b.id
    LEFT JOIN tbl_section sec ON a.section = sec.id
    WHERE a.is_deleted = 'N'
    AND a.appointment_status = 'PE'  -- Only pending appointments
    AND a.dates &lt;= CURRENT_DATE
CONTEXT:  PL/pgSQL function get_pending_appointments() line 4 at SQL statement
[Method: GET, Route: get_pending_appointments]
in SYSTEMPATH\Database\BaseConnection.php on line 676.
 1 APPPATH\Controllers\Home.php(1696): CodeIgniter\Database\BaseConnection->query('CALL get_pending_appointments(?)', [...])
 2 SYSTEMPATH\CodeIgniter.php(933): App\Controllers\Home->getPendingAppointments()
 3 SYSTEMPATH\CodeIgniter.php(509): CodeIgniter\CodeIgniter->runController(Object(App\Controllers\Home))
 4 SYSTEMPATH\CodeIgniter.php(355): CodeIgniter\CodeIgniter->handleRequest(null, Object(Config\Cache), false)
 5 SYSTEMPATH\Boot.php(312): CodeIgniter\CodeIgniter->run()
 6 SYSTEMPATH\Boot.php(67): CodeIgniter\Boot::runCodeIgniter(Object(CodeIgniter\CodeIgniter))
 7 FCPATH\index.php(56): CodeIgniter\Boot::bootWeb(Object(Config\Paths))
CRITICAL - 2025-03-26 04:54:11 --> [Caused by] CodeIgniter\Database\Exceptions\DatabaseException: pg_query(): Query failed: ERROR:  column s.Price does not exist
LINE 13:                     'price', COALESCE(s.&quot;Price&quot;, '')::text, ...
                                               ^
HINT:  Perhaps you meant to reference the column &quot;s.price&quot;.
QUERY:  SELECT jsonb_build_object(
            'status', 200,
            'message', 'Pending appointments retrieved successfully',
            'data', jsonb_agg(
                jsonb_build_object(
                    'id', a.id,
                    'branch', a.branch,
                    'consultant', a.consultant,
                    'section', a.section,
                    'slot', a.slot,
                    'appointment_status', a.appointment_status,
                    'slots_time', s.slots_time,
                    'price', COALESCE(s.&quot;Price&quot;, '')::text,  -- Use &quot;Price&quot; with quotes for case-sensitivity
                    'branch_name', b.branch_name,
                    'consultant_name', r.name,
                    'section_name', sec.section_name,
                    'full_name', a.full_name,
                    'mobile_no', a.mobile_no,
                    'email_id', a.email_id,
                    'locations', a.locations,
                    'startdate', a.startdate,
                    'dates', a.dates,  -- Include 'dates' column
                    'created_at', a.created_at
                )
            )
    )
                         FROM tbl_appointment a
    LEFT JOIN tbl_slots s ON CAST(a.slot AS INTEGER) = s.id
    LEFT JOIN tbl_register r ON a.consultant = r.id
    LEFT JOIN tbl_branch b ON a.branch = b.id
    LEFT JOIN tbl_section sec ON a.section = sec.id
    WHERE a.is_deleted = 'N'
    AND a.appointment_status = 'PE'  -- Only pending appointments
    AND a.dates &lt;= CURRENT_DATE
CONTEXT:  PL/pgSQL function get_pending_appointments() line 4 at SQL statement
in SYSTEMPATH\Database\Postgre\Connection.php on line 198.
 1 SYSTEMPATH\Database\BaseConnection.php(722): CodeIgniter\Database\Postgre\Connection->execute('CALL get_pending_appointments(NULL)')
 2 SYSTEMPATH\Database\BaseConnection.php(636): CodeIgniter\Database\BaseConnection->simpleQuery('CALL get_pending_appointments(NULL)')
 3 APPPATH\Controllers\Home.php(1696): CodeIgniter\Database\BaseConnection->query('CALL get_pending_appointments(?)', [...])
 4 SYSTEMPATH\CodeIgniter.php(933): App\Controllers\Home->getPendingAppointments()
 5 SYSTEMPATH\CodeIgniter.php(509): CodeIgniter\CodeIgniter->runController(Object(App\Controllers\Home))
 6 SYSTEMPATH\CodeIgniter.php(355): CodeIgniter\CodeIgniter->handleRequest(null, Object(Config\Cache), false)
 7 SYSTEMPATH\Boot.php(312): CodeIgniter\CodeIgniter->run()
 8 SYSTEMPATH\Boot.php(67): CodeIgniter\Boot::runCodeIgniter(Object(CodeIgniter\CodeIgniter))
 9 FCPATH\index.php(56): CodeIgniter\Boot::bootWeb(Object(Config\Paths))
CRITICAL - 2025-03-26 04:54:11 --> [Caused by] ErrorException: pg_query(): Query failed: ERROR:  column s.Price does not exist
LINE 13:                     'price', COALESCE(s.&quot;Price&quot;, '')::text, ...
                                               ^
HINT:  Perhaps you meant to reference the column &quot;s.price&quot;.
QUERY:  SELECT jsonb_build_object(
            'status', 200,
            'message', 'Pending appointments retrieved successfully',
            'data', jsonb_agg(
                jsonb_build_object(
                    'id', a.id,
                    'branch', a.branch,
                    'consultant', a.consultant,
                    'section', a.section,
                    'slot', a.slot,
                    'appointment_status', a.appointment_status,
                    'slots_time', s.slots_time,
                    'price', COALESCE(s.&quot;Price&quot;, '')::text,  -- Use &quot;Price&quot; with quotes for case-sensitivity
                    'branch_name', b.branch_name,
                    'consultant_name', r.name,
                    'section_name', sec.section_name,
                    'full_name', a.full_name,
                    'mobile_no', a.mobile_no,
                    'email_id', a.email_id,
                    'locations', a.locations,
                    'startdate', a.startdate,
                    'dates', a.dates,  -- Include 'dates' column
                    'created_at', a.created_at
                )
            )
    )
                         FROM tbl_appointment a
    LEFT JOIN tbl_slots s ON CAST(a.slot AS INTEGER) = s.id
    LEFT JOIN tbl_register r ON a.consultant = r.id
    LEFT JOIN tbl_branch b ON a.branch = b.id
    LEFT JOIN tbl_section sec ON a.section = sec.id
    WHERE a.is_deleted = 'N'
    AND a.appointment_status = 'PE'  -- Only pending appointments
    AND a.dates &lt;= CURRENT_DATE
CONTEXT:  PL/pgSQL function get_pending_appointments() line 4 at SQL statement
in SYSTEMPATH\Database\Postgre\Connection.php on line 193.
 1 [internal function]: CodeIgniter\Debug\Exceptions->errorHandler(2, 'pg_query(): Query failed: ERROR:  column s.Price does not exist
LINE 13:                     \'price\', COALESCE(s.&quot;Price&quot;, \'\')::text, ...
                                               ^
HINT:  Perhaps you meant to reference the column &quot;s.price&quot;.
QUERY:  SELECT jsonb_build_object(
            \'status\', 200,
            \'message\', \'Pending appointments retrieved successfully\',
            \'data\', jsonb_agg(
                jsonb_build_object(
                    \'id\', a.id,
                    \'branch\', a.branch,
                    \'consultant\', a.consultant,
                    \'section\', a.section,
                    \'slot\', a.slot,
                    \'appointment_status\', a.appointment_status,
                    \'slots_time\', s.slots_time,
                    \'price\', COALESCE(s.&quot;Price&quot;, \'\')::text,  -- Use &quot;Price&quot; with quotes for case-sensitivity
                    \'branch_name\', b.branch_name,
                    \'consultant_name\', r.name,
                    \'section_name\', sec.section_name,
                    \'full_name\', a.full_name,
                    \'mobile_no\', a.mobile_no,
                    \'email_id\', a.email_id,
                    \'locations\', a.locations,
                    \'startdate\', a.startdate,
                    \'dates\', a.dates,  -- Include \'dates\' column
                    \'created_at\', a.created_at
                )
            )
    )
                         FROM tbl_appointment a
    LEFT JOIN tbl_slots s ON CAST(a.slot AS INTEGER) = s.id
    LEFT JOIN tbl_register r ON a.consultant = r.id
    LEFT JOIN tbl_branch b ON a.branch = b.id
    LEFT JOIN tbl_section sec ON a.section = sec.id
    WHERE a.is_deleted = \'N\'
    AND a.appointment_status = \'PE\'  -- Only pending appointments
    AND a.dates &lt;= CURRENT_DATE
CONTEXT:  PL/pgSQL function get_pending_appointments() line 4 at SQL statement', 'C:\\xampp\\htdocs\\salonClinic\\system\\Database\\Postgre\\Connection.php', 193)
 2 SYSTEMPATH\Database\Postgre\Connection.php(193): pg_query(Object(PgSql\Connection), 'CALL get_pending_appointments(NULL)')
 3 SYSTEMPATH\Database\BaseConnection.php(722): CodeIgniter\Database\Postgre\Connection->execute('CALL get_pending_appointments(NULL)')
 4 SYSTEMPATH\Database\BaseConnection.php(636): CodeIgniter\Database\BaseConnection->simpleQuery('CALL get_pending_appointments(NULL)')
 5 APPPATH\Controllers\Home.php(1696): CodeIgniter\Database\BaseConnection->query('CALL get_pending_appointments(?)', [...])
 6 SYSTEMPATH\CodeIgniter.php(933): App\Controllers\Home->getPendingAppointments()
 7 SYSTEMPATH\CodeIgniter.php(509): CodeIgniter\CodeIgniter->runController(Object(App\Controllers\Home))
 8 SYSTEMPATH\CodeIgniter.php(355): CodeIgniter\CodeIgniter->handleRequest(null, Object(Config\Cache), false)
 9 SYSTEMPATH\Boot.php(312): CodeIgniter\CodeIgniter->run()
10 SYSTEMPATH\Boot.php(67): CodeIgniter\Boot::runCodeIgniter(Object(CodeIgniter\CodeIgniter))
11 FCPATH\index.php(56): CodeIgniter\Boot::bootWeb(Object(Config\Paths))
ERROR - 2025-03-26 06:49:42 --> ErrorException: pg_query(): Query failed: ERROR:  Record creation failed: column &quot;lastName&quot; of relation &quot;tbl_register&quot; does not exist
CONTEXT:  PL/pgSQL function dynamic_insert(text,jsonb) line 38 at RAISE in C:\xampp\htdocs\salonClinic\system\Database\Postgre\Connection.php:193
Stack trace:
#0 [internal function]: CodeIgniter\Debug\Exceptions->errorHandler(2, 'pg_query(): Que...', 'C:\\xampp\\htdocs...', 193)
#1 C:\xampp\htdocs\salonClinic\system\Database\Postgre\Connection.php(193): pg_query(Object(PgSql\Connection), 'CALL dynamic_in...')
#2 C:\xampp\htdocs\salonClinic\system\Database\BaseConnection.php(722): CodeIgniter\Database\Postgre\Connection->execute('CALL dynamic_in...')
#3 C:\xampp\htdocs\salonClinic\system\Database\BaseConnection.php(636): CodeIgniter\Database\BaseConnection->simpleQuery('CALL dynamic_in...')
#4 C:\xampp\htdocs\salonClinic\app\Controllers\Home.php(348): CodeIgniter\Database\BaseConnection->query('CALL dynamic_in...', Array)
#5 C:\xampp\htdocs\salonClinic\system\CodeIgniter.php(933): App\Controllers\Home->create('tbl_register')
#6 C:\xampp\htdocs\salonClinic\system\CodeIgniter.php(509): CodeIgniter\CodeIgniter->runController(Object(App\Controllers\Home))
#7 C:\xampp\htdocs\salonClinic\system\CodeIgniter.php(355): CodeIgniter\CodeIgniter->handleRequest(NULL, Object(Config\Cache), false)
#8 C:\xampp\htdocs\salonClinic\system\Boot.php(312): CodeIgniter\CodeIgniter->run()
#9 C:\xampp\htdocs\salonClinic\system\Boot.php(67): CodeIgniter\Boot::runCodeIgniter(Object(CodeIgniter\CodeIgniter))
#10 C:\xampp\htdocs\salonClinic\index.php(56): CodeIgniter\Boot::bootWeb(Object(Config\Paths))
#11 {main}
CRITICAL - 2025-03-26 06:49:42 --> CodeIgniter\Database\Exceptions\DatabaseException: pg_query(): Query failed: ERROR:  Record creation failed: column &quot;lastName&quot; of relation &quot;tbl_register&quot; does not exist
CONTEXT:  PL/pgSQL function dynamic_insert(text,jsonb) line 38 at RAISE
[Method: POST, Route: create/tbl_register]
in SYSTEMPATH\Database\BaseConnection.php on line 676.
 1 APPPATH\Controllers\Home.php(348): CodeIgniter\Database\BaseConnection->query('CALL dynamic_insert(?, ?::jsonb)', [...])
 2 SYSTEMPATH\CodeIgniter.php(933): App\Controllers\Home->create('tbl_register')
 3 SYSTEMPATH\CodeIgniter.php(509): CodeIgniter\CodeIgniter->runController(Object(App\Controllers\Home))
 4 SYSTEMPATH\CodeIgniter.php(355): CodeIgniter\CodeIgniter->handleRequest(null, Object(Config\Cache), false)
 5 SYSTEMPATH\Boot.php(312): CodeIgniter\CodeIgniter->run()
 6 SYSTEMPATH\Boot.php(67): CodeIgniter\Boot::runCodeIgniter(Object(CodeIgniter\CodeIgniter))
 7 FCPATH\index.php(56): CodeIgniter\Boot::bootWeb(Object(Config\Paths))
CRITICAL - 2025-03-26 06:49:42 --> [Caused by] CodeIgniter\Database\Exceptions\DatabaseException: pg_query(): Query failed: ERROR:  Record creation failed: column &quot;lastName&quot; of relation &quot;tbl_register&quot; does not exist
CONTEXT:  PL/pgSQL function dynamic_insert(text,jsonb) line 38 at RAISE
in SYSTEMPATH\Database\Postgre\Connection.php on line 198.
 1 SYSTEMPATH\Database\BaseConnection.php(722): CodeIgniter\Database\Postgre\Connection->execute('CALL dynamic_insert(\'tbl_register\', \'{"firstName":"Reema","lastName":"K","name":"test salon","mobile":"1212121212","password":"Pass@123"}\'::jsonb)')
 2 SYSTEMPATH\Database\BaseConnection.php(636): CodeIgniter\Database\BaseConnection->simpleQuery('CALL dynamic_insert(\'tbl_register\', \'{"firstName":"Reema","lastName":"K","name":"test salon","mobile":"1212121212","password":"Pass@123"}\'::jsonb)')
 3 APPPATH\Controllers\Home.php(348): CodeIgniter\Database\BaseConnection->query('CALL dynamic_insert(?, ?::jsonb)', [...])
 4 SYSTEMPATH\CodeIgniter.php(933): App\Controllers\Home->create('tbl_register')
 5 SYSTEMPATH\CodeIgniter.php(509): CodeIgniter\CodeIgniter->runController(Object(App\Controllers\Home))
 6 SYSTEMPATH\CodeIgniter.php(355): CodeIgniter\CodeIgniter->handleRequest(null, Object(Config\Cache), false)
 7 SYSTEMPATH\Boot.php(312): CodeIgniter\CodeIgniter->run()
 8 SYSTEMPATH\Boot.php(67): CodeIgniter\Boot::runCodeIgniter(Object(CodeIgniter\CodeIgniter))
 9 FCPATH\index.php(56): CodeIgniter\Boot::bootWeb(Object(Config\Paths))
CRITICAL - 2025-03-26 06:49:42 --> [Caused by] ErrorException: pg_query(): Query failed: ERROR:  Record creation failed: column &quot;lastName&quot; of relation &quot;tbl_register&quot; does not exist
CONTEXT:  PL/pgSQL function dynamic_insert(text,jsonb) line 38 at RAISE
in SYSTEMPATH\Database\Postgre\Connection.php on line 193.
 1 [internal function]: CodeIgniter\Debug\Exceptions->errorHandler(2, 'pg_query(): Query failed: ERROR:  Record creation failed: column &quot;lastName&quot; of relation &quot;tbl_register&quot; does not exist
CONTEXT:  PL/pgSQL function dynamic_insert(text,jsonb) line 38 at RAISE', 'C:\\xampp\\htdocs\\salonClinic\\system\\Database\\Postgre\\Connection.php', 193)
 2 SYSTEMPATH\Database\Postgre\Connection.php(193): pg_query(Object(PgSql\Connection), 'CALL dynamic_insert(\'tbl_register\', \'{"firstName":"Reema","lastName":"K","name":"test salon","mobile":"1212121212","password":"Pass@123"}\'::jsonb)')
 3 SYSTEMPATH\Database\BaseConnection.php(722): CodeIgniter\Database\Postgre\Connection->execute('CALL dynamic_insert(\'tbl_register\', \'{"firstName":"Reema","lastName":"K","name":"test salon","mobile":"1212121212","password":"Pass@123"}\'::jsonb)')
 4 SYSTEMPATH\Database\BaseConnection.php(636): CodeIgniter\Database\BaseConnection->simpleQuery('CALL dynamic_insert(\'tbl_register\', \'{"firstName":"Reema","lastName":"K","name":"test salon","mobile":"1212121212","password":"Pass@123"}\'::jsonb)')
 5 APPPATH\Controllers\Home.php(348): CodeIgniter\Database\BaseConnection->query('CALL dynamic_insert(?, ?::jsonb)', [...])
 6 SYSTEMPATH\CodeIgniter.php(933): App\Controllers\Home->create('tbl_register')
 7 SYSTEMPATH\CodeIgniter.php(509): CodeIgniter\CodeIgniter->runController(Object(App\Controllers\Home))
 8 SYSTEMPATH\CodeIgniter.php(355): CodeIgniter\CodeIgniter->handleRequest(null, Object(Config\Cache), false)
 9 SYSTEMPATH\Boot.php(312): CodeIgniter\CodeIgniter->run()
10 SYSTEMPATH\Boot.php(67): CodeIgniter\Boot::runCodeIgniter(Object(CodeIgniter\CodeIgniter))
11 FCPATH\index.php(56): CodeIgniter\Boot::bootWeb(Object(Config\Paths))
ERROR - 2025-03-26 07:31:32 --> ErrorException: pg_query(): Query failed: ERROR:  column s.Price does not exist
LINE 13:                     'price', COALESCE(s.&quot;Price&quot;, '')::text, ...
                                               ^
HINT:  Perhaps you meant to reference the column &quot;s.price&quot;.
QUERY:  SELECT jsonb_build_object(
            'status', 200,
            'message', 'Pending appointments retrieved successfully',
            'data', jsonb_agg(
                jsonb_build_object(
                    'id', a.id,
                    'branch', a.branch,
                    'consultant', a.consultant,
                    'section', a.section,
                    'slot', a.slot,
                    'appointment_status', a.appointment_status,
                    'slots_time', s.slots_time,
                    'price', COALESCE(s.&quot;Price&quot;, '')::text,  -- Use &quot;Price&quot; with quotes for case-sensitivity
                    'branch_name', b.branch_name,
                    'consultant_name', r.name,
                    'section_name', sec.section_name,
                    'full_name', a.full_name,
                    'mobile_no', a.mobile_no,
                    'email_id', a.email_id,
                    'locations', a.locations,
                    'startdate', a.startdate,
                    'dates', a.dates,  -- Include 'dates' column
                    'created_at', a.created_at
                )
            )
    )
                         FROM tbl_appointment a
    LEFT JOIN tbl_slots s ON CAST(a.slot AS INTEGER) = s.id
    LEFT JOIN tbl_register r ON a.consultant = r.id
    LEFT JOIN tbl_branch b ON a.branch = b.id
    LEFT JOIN tbl_section sec ON a.section = sec.id
    WHERE a.is_deleted = 'N'
    AND a.appointment_status = 'PE'  -- Only pending appointments
    AND a.dates &lt;= CURRENT_DATE
CONTEXT:  PL/pgSQL function get_pending_appointments() line 4 at SQL statement in C:\xampp\htdocs\salonClinic\system\Database\Postgre\Connection.php:193
Stack trace:
#0 [internal function]: CodeIgniter\Debug\Exceptions->errorHandler(2, 'pg_query(): Que...', 'C:\\xampp\\htdocs...', 193)
#1 C:\xampp\htdocs\salonClinic\system\Database\Postgre\Connection.php(193): pg_query(Object(PgSql\Connection), 'CALL get_pendin...')
#2 C:\xampp\htdocs\salonClinic\system\Database\BaseConnection.php(722): CodeIgniter\Database\Postgre\Connection->execute('CALL get_pendin...')
#3 C:\xampp\htdocs\salonClinic\system\Database\BaseConnection.php(636): CodeIgniter\Database\BaseConnection->simpleQuery('CALL get_pendin...')
#4 C:\xampp\htdocs\salonClinic\app\Controllers\Home.php(1696): CodeIgniter\Database\BaseConnection->query('CALL get_pendin...', Array)
#5 C:\xampp\htdocs\salonClinic\system\CodeIgniter.php(933): App\Controllers\Home->getPendingAppointments()
#6 C:\xampp\htdocs\salonClinic\system\CodeIgniter.php(509): CodeIgniter\CodeIgniter->runController(Object(App\Controllers\Home))
#7 C:\xampp\htdocs\salonClinic\system\CodeIgniter.php(355): CodeIgniter\CodeIgniter->handleRequest(NULL, Object(Config\Cache), false)
#8 C:\xampp\htdocs\salonClinic\system\Boot.php(312): CodeIgniter\CodeIgniter->run()
#9 C:\xampp\htdocs\salonClinic\system\Boot.php(67): CodeIgniter\Boot::runCodeIgniter(Object(CodeIgniter\CodeIgniter))
#10 C:\xampp\htdocs\salonClinic\index.php(56): CodeIgniter\Boot::bootWeb(Object(Config\Paths))
#11 {main}
CRITICAL - 2025-03-26 07:31:32 --> CodeIgniter\Database\Exceptions\DatabaseException: pg_query(): Query failed: ERROR:  column s.Price does not exist
LINE 13:                     'price', COALESCE(s.&quot;Price&quot;, '')::text, ...
                                               ^
HINT:  Perhaps you meant to reference the column &quot;s.price&quot;.
QUERY:  SELECT jsonb_build_object(
            'status', 200,
            'message', 'Pending appointments retrieved successfully',
            'data', jsonb_agg(
                jsonb_build_object(
                    'id', a.id,
                    'branch', a.branch,
                    'consultant', a.consultant,
                    'section', a.section,
                    'slot', a.slot,
                    'appointment_status', a.appointment_status,
                    'slots_time', s.slots_time,
                    'price', COALESCE(s.&quot;Price&quot;, '')::text,  -- Use &quot;Price&quot; with quotes for case-sensitivity
                    'branch_name', b.branch_name,
                    'consultant_name', r.name,
                    'section_name', sec.section_name,
                    'full_name', a.full_name,
                    'mobile_no', a.mobile_no,
                    'email_id', a.email_id,
                    'locations', a.locations,
                    'startdate', a.startdate,
                    'dates', a.dates,  -- Include 'dates' column
                    'created_at', a.created_at
                )
            )
    )
                         FROM tbl_appointment a
    LEFT JOIN tbl_slots s ON CAST(a.slot AS INTEGER) = s.id
    LEFT JOIN tbl_register r ON a.consultant = r.id
    LEFT JOIN tbl_branch b ON a.branch = b.id
    LEFT JOIN tbl_section sec ON a.section = sec.id
    WHERE a.is_deleted = 'N'
    AND a.appointment_status = 'PE'  -- Only pending appointments
    AND a.dates &lt;= CURRENT_DATE
CONTEXT:  PL/pgSQL function get_pending_appointments() line 4 at SQL statement
[Method: GET, Route: get_pending_appointments]
in SYSTEMPATH\Database\BaseConnection.php on line 676.
 1 APPPATH\Controllers\Home.php(1696): CodeIgniter\Database\BaseConnection->query('CALL get_pending_appointments(?)', [...])
 2 SYSTEMPATH\CodeIgniter.php(933): App\Controllers\Home->getPendingAppointments()
 3 SYSTEMPATH\CodeIgniter.php(509): CodeIgniter\CodeIgniter->runController(Object(App\Controllers\Home))
 4 SYSTEMPATH\CodeIgniter.php(355): CodeIgniter\CodeIgniter->handleRequest(null, Object(Config\Cache), false)
 5 SYSTEMPATH\Boot.php(312): CodeIgniter\CodeIgniter->run()
 6 SYSTEMPATH\Boot.php(67): CodeIgniter\Boot::runCodeIgniter(Object(CodeIgniter\CodeIgniter))
 7 FCPATH\index.php(56): CodeIgniter\Boot::bootWeb(Object(Config\Paths))
CRITICAL - 2025-03-26 07:31:32 --> [Caused by] CodeIgniter\Database\Exceptions\DatabaseException: pg_query(): Query failed: ERROR:  column s.Price does not exist
LINE 13:                     'price', COALESCE(s.&quot;Price&quot;, '')::text, ...
                                               ^
HINT:  Perhaps you meant to reference the column &quot;s.price&quot;.
QUERY:  SELECT jsonb_build_object(
            'status', 200,
            'message', 'Pending appointments retrieved successfully',
            'data', jsonb_agg(
                jsonb_build_object(
                    'id', a.id,
                    'branch', a.branch,
                    'consultant', a.consultant,
                    'section', a.section,
                    'slot', a.slot,
                    'appointment_status', a.appointment_status,
                    'slots_time', s.slots_time,
                    'price', COALESCE(s.&quot;Price&quot;, '')::text,  -- Use &quot;Price&quot; with quotes for case-sensitivity
                    'branch_name', b.branch_name,
                    'consultant_name', r.name,
                    'section_name', sec.section_name,
                    'full_name', a.full_name,
                    'mobile_no', a.mobile_no,
                    'email_id', a.email_id,
                    'locations', a.locations,
                    'startdate', a.startdate,
                    'dates', a.dates,  -- Include 'dates' column
                    'created_at', a.created_at
                )
            )
    )
                         FROM tbl_appointment a
    LEFT JOIN tbl_slots s ON CAST(a.slot AS INTEGER) = s.id
    LEFT JOIN tbl_register r ON a.consultant = r.id
    LEFT JOIN tbl_branch b ON a.branch = b.id
    LEFT JOIN tbl_section sec ON a.section = sec.id
    WHERE a.is_deleted = 'N'
    AND a.appointment_status = 'PE'  -- Only pending appointments
    AND a.dates &lt;= CURRENT_DATE
CONTEXT:  PL/pgSQL function get_pending_appointments() line 4 at SQL statement
in SYSTEMPATH\Database\Postgre\Connection.php on line 198.
 1 SYSTEMPATH\Database\BaseConnection.php(722): CodeIgniter\Database\Postgre\Connection->execute('CALL get_pending_appointments(NULL)')
 2 SYSTEMPATH\Database\BaseConnection.php(636): CodeIgniter\Database\BaseConnection->simpleQuery('CALL get_pending_appointments(NULL)')
 3 APPPATH\Controllers\Home.php(1696): CodeIgniter\Database\BaseConnection->query('CALL get_pending_appointments(?)', [...])
 4 SYSTEMPATH\CodeIgniter.php(933): App\Controllers\Home->getPendingAppointments()
 5 SYSTEMPATH\CodeIgniter.php(509): CodeIgniter\CodeIgniter->runController(Object(App\Controllers\Home))
 6 SYSTEMPATH\CodeIgniter.php(355): CodeIgniter\CodeIgniter->handleRequest(null, Object(Config\Cache), false)
 7 SYSTEMPATH\Boot.php(312): CodeIgniter\CodeIgniter->run()
 8 SYSTEMPATH\Boot.php(67): CodeIgniter\Boot::runCodeIgniter(Object(CodeIgniter\CodeIgniter))
 9 FCPATH\index.php(56): CodeIgniter\Boot::bootWeb(Object(Config\Paths))
CRITICAL - 2025-03-26 07:31:32 --> [Caused by] ErrorException: pg_query(): Query failed: ERROR:  column s.Price does not exist
LINE 13:                     'price', COALESCE(s.&quot;Price&quot;, '')::text, ...
                                               ^
HINT:  Perhaps you meant to reference the column &quot;s.price&quot;.
QUERY:  SELECT jsonb_build_object(
            'status', 200,
            'message', 'Pending appointments retrieved successfully',
            'data', jsonb_agg(
                jsonb_build_object(
                    'id', a.id,
                    'branch', a.branch,
                    'consultant', a.consultant,
                    'section', a.section,
                    'slot', a.slot,
                    'appointment_status', a.appointment_status,
                    'slots_time', s.slots_time,
                    'price', COALESCE(s.&quot;Price&quot;, '')::text,  -- Use &quot;Price&quot; with quotes for case-sensitivity
                    'branch_name', b.branch_name,
                    'consultant_name', r.name,
                    'section_name', sec.section_name,
                    'full_name', a.full_name,
                    'mobile_no', a.mobile_no,
                    'email_id', a.email_id,
                    'locations', a.locations,
                    'startdate', a.startdate,
                    'dates', a.dates,  -- Include 'dates' column
                    'created_at', a.created_at
                )
            )
    )
                         FROM tbl_appointment a
    LEFT JOIN tbl_slots s ON CAST(a.slot AS INTEGER) = s.id
    LEFT JOIN tbl_register r ON a.consultant = r.id
    LEFT JOIN tbl_branch b ON a.branch = b.id
    LEFT JOIN tbl_section sec ON a.section = sec.id
    WHERE a.is_deleted = 'N'
    AND a.appointment_status = 'PE'  -- Only pending appointments
    AND a.dates &lt;= CURRENT_DATE
CONTEXT:  PL/pgSQL function get_pending_appointments() line 4 at SQL statement
in SYSTEMPATH\Database\Postgre\Connection.php on line 193.
 1 [internal function]: CodeIgniter\Debug\Exceptions->errorHandler(2, 'pg_query(): Query failed: ERROR:  column s.Price does not exist
LINE 13:                     \'price\', COALESCE(s.&quot;Price&quot;, \'\')::text, ...
                                               ^
HINT:  Perhaps you meant to reference the column &quot;s.price&quot;.
QUERY:  SELECT jsonb_build_object(
            \'status\', 200,
            \'message\', \'Pending appointments retrieved successfully\',
            \'data\', jsonb_agg(
                jsonb_build_object(
                    \'id\', a.id,
                    \'branch\', a.branch,
                    \'consultant\', a.consultant,
                    \'section\', a.section,
                    \'slot\', a.slot,
                    \'appointment_status\', a.appointment_status,
                    \'slots_time\', s.slots_time,
                    \'price\', COALESCE(s.&quot;Price&quot;, \'\')::text,  -- Use &quot;Price&quot; with quotes for case-sensitivity
                    \'branch_name\', b.branch_name,
                    \'consultant_name\', r.name,
                    \'section_name\', sec.section_name,
                    \'full_name\', a.full_name,
                    \'mobile_no\', a.mobile_no,
                    \'email_id\', a.email_id,
                    \'locations\', a.locations,
                    \'startdate\', a.startdate,
                    \'dates\', a.dates,  -- Include \'dates\' column
                    \'created_at\', a.created_at
                )
            )
    )
                         FROM tbl_appointment a
    LEFT JOIN tbl_slots s ON CAST(a.slot AS INTEGER) = s.id
    LEFT JOIN tbl_register r ON a.consultant = r.id
    LEFT JOIN tbl_branch b ON a.branch = b.id
    LEFT JOIN tbl_section sec ON a.section = sec.id
    WHERE a.is_deleted = \'N\'
    AND a.appointment_status = \'PE\'  -- Only pending appointments
    AND a.dates &lt;= CURRENT_DATE
CONTEXT:  PL/pgSQL function get_pending_appointments() line 4 at SQL statement', 'C:\\xampp\\htdocs\\salonClinic\\system\\Database\\Postgre\\Connection.php', 193)
 2 SYSTEMPATH\Database\Postgre\Connection.php(193): pg_query(Object(PgSql\Connection), 'CALL get_pending_appointments(NULL)')
 3 SYSTEMPATH\Database\BaseConnection.php(722): CodeIgniter\Database\Postgre\Connection->execute('CALL get_pending_appointments(NULL)')
 4 SYSTEMPATH\Database\BaseConnection.php(636): CodeIgniter\Database\BaseConnection->simpleQuery('CALL get_pending_appointments(NULL)')
 5 APPPATH\Controllers\Home.php(1696): CodeIgniter\Database\BaseConnection->query('CALL get_pending_appointments(?)', [...])
 6 SYSTEMPATH\CodeIgniter.php(933): App\Controllers\Home->getPendingAppointments()
 7 SYSTEMPATH\CodeIgniter.php(509): CodeIgniter\CodeIgniter->runController(Object(App\Controllers\Home))
 8 SYSTEMPATH\CodeIgniter.php(355): CodeIgniter\CodeIgniter->handleRequest(null, Object(Config\Cache), false)
 9 SYSTEMPATH\Boot.php(312): CodeIgniter\CodeIgniter->run()
10 SYSTEMPATH\Boot.php(67): CodeIgniter\Boot::runCodeIgniter(Object(CodeIgniter\CodeIgniter))
11 FCPATH\index.php(56): CodeIgniter\Boot::bootWeb(Object(Config\Paths))
ERROR - 2025-03-26 09:15:02 --> ErrorException: pg_query(): Query failed: ERROR:  column s.Price does not exist
LINE 13:                     'price', COALESCE(s.&quot;Price&quot;, '')::text, ...
                                               ^
HINT:  Perhaps you meant to reference the column &quot;s.price&quot;.
QUERY:  SELECT jsonb_build_object(
            'status', 200,
            'message', 'Pending appointments retrieved successfully',
            'data', jsonb_agg(
                jsonb_build_object(
                    'id', a.id,
                    'branch', a.branch,
                    'consultant', a.consultant,
                    'section', a.section,
                    'slot', a.slot,
                    'appointment_status', a.appointment_status,
                    'slots_time', s.slots_time,
                    'price', COALESCE(s.&quot;Price&quot;, '')::text,  -- Use &quot;Price&quot; with quotes for case-sensitivity
                    'branch_name', b.branch_name,
                    'consultant_name', r.name,
                    'section_name', sec.section_name,
                    'full_name', a.full_name,
                    'mobile_no', a.mobile_no,
                    'email_id', a.email_id,
                    'locations', a.locations,
                    'startdate', a.startdate,
                    'dates', a.dates,  -- Include 'dates' column
                    'created_at', a.created_at
                )
            )
    )
                         FROM tbl_appointment a
    LEFT JOIN tbl_slots s ON CAST(a.slot AS INTEGER) = s.id
    LEFT JOIN tbl_register r ON a.consultant = r.id
    LEFT JOIN tbl_branch b ON a.branch = b.id
    LEFT JOIN tbl_section sec ON a.section = sec.id
    WHERE a.is_deleted = 'N'
    AND a.appointment_status = 'PE'  -- Only pending appointments
    AND a.dates &lt;= CURRENT_DATE
CONTEXT:  PL/pgSQL function get_pending_appointments() line 4 at SQL statement in C:\xampp\htdocs\salonClinic\system\Database\Postgre\Connection.php:193
Stack trace:
#0 [internal function]: CodeIgniter\Debug\Exceptions->errorHandler(2, 'pg_query(): Que...', 'C:\\xampp\\htdocs...', 193)
#1 C:\xampp\htdocs\salonClinic\system\Database\Postgre\Connection.php(193): pg_query(Object(PgSql\Connection), 'CALL get_pendin...')
#2 C:\xampp\htdocs\salonClinic\system\Database\BaseConnection.php(722): CodeIgniter\Database\Postgre\Connection->execute('CALL get_pendin...')
#3 C:\xampp\htdocs\salonClinic\system\Database\BaseConnection.php(636): CodeIgniter\Database\BaseConnection->simpleQuery('CALL get_pendin...')
#4 C:\xampp\htdocs\salonClinic\app\Controllers\Home.php(1711): CodeIgniter\Database\BaseConnection->query('CALL get_pendin...', Array)
#5 C:\xampp\htdocs\salonClinic\system\CodeIgniter.php(933): App\Controllers\Home->getPendingAppointments()
#6 C:\xampp\htdocs\salonClinic\system\CodeIgniter.php(509): CodeIgniter\CodeIgniter->runController(Object(App\Controllers\Home))
#7 C:\xampp\htdocs\salonClinic\system\CodeIgniter.php(355): CodeIgniter\CodeIgniter->handleRequest(NULL, Object(Config\Cache), false)
#8 C:\xampp\htdocs\salonClinic\system\Boot.php(312): CodeIgniter\CodeIgniter->run()
#9 C:\xampp\htdocs\salonClinic\system\Boot.php(67): CodeIgniter\Boot::runCodeIgniter(Object(CodeIgniter\CodeIgniter))
#10 C:\xampp\htdocs\salonClinic\index.php(56): CodeIgniter\Boot::bootWeb(Object(Config\Paths))
#11 {main}
CRITICAL - 2025-03-26 09:15:02 --> CodeIgniter\Database\Exceptions\DatabaseException: pg_query(): Query failed: ERROR:  column s.Price does not exist
LINE 13:                     'price', COALESCE(s.&quot;Price&quot;, '')::text, ...
                                               ^
HINT:  Perhaps you meant to reference the column &quot;s.price&quot;.
QUERY:  SELECT jsonb_build_object(
            'status', 200,
            'message', 'Pending appointments retrieved successfully',
            'data', jsonb_agg(
                jsonb_build_object(
                    'id', a.id,
                    'branch', a.branch,
                    'consultant', a.consultant,
                    'section', a.section,
                    'slot', a.slot,
                    'appointment_status', a.appointment_status,
                    'slots_time', s.slots_time,
                    'price', COALESCE(s.&quot;Price&quot;, '')::text,  -- Use &quot;Price&quot; with quotes for case-sensitivity
                    'branch_name', b.branch_name,
                    'consultant_name', r.name,
                    'section_name', sec.section_name,
                    'full_name', a.full_name,
                    'mobile_no', a.mobile_no,
                    'email_id', a.email_id,
                    'locations', a.locations,
                    'startdate', a.startdate,
                    'dates', a.dates,  -- Include 'dates' column
                    'created_at', a.created_at
                )
            )
    )
                         FROM tbl_appointment a
    LEFT JOIN tbl_slots s ON CAST(a.slot AS INTEGER) = s.id
    LEFT JOIN tbl_register r ON a.consultant = r.id
    LEFT JOIN tbl_branch b ON a.branch = b.id
    LEFT JOIN tbl_section sec ON a.section = sec.id
    WHERE a.is_deleted = 'N'
    AND a.appointment_status = 'PE'  -- Only pending appointments
    AND a.dates &lt;= CURRENT_DATE
CONTEXT:  PL/pgSQL function get_pending_appointments() line 4 at SQL statement
[Method: GET, Route: get_pending_appointments]
in SYSTEMPATH\Database\BaseConnection.php on line 676.
 1 APPPATH\Controllers\Home.php(1711): CodeIgniter\Database\BaseConnection->query('CALL get_pending_appointments(?)', [...])
 2 SYSTEMPATH\CodeIgniter.php(933): App\Controllers\Home->getPendingAppointments()
 3 SYSTEMPATH\CodeIgniter.php(509): CodeIgniter\CodeIgniter->runController(Object(App\Controllers\Home))
 4 SYSTEMPATH\CodeIgniter.php(355): CodeIgniter\CodeIgniter->handleRequest(null, Object(Config\Cache), false)
 5 SYSTEMPATH\Boot.php(312): CodeIgniter\CodeIgniter->run()
 6 SYSTEMPATH\Boot.php(67): CodeIgniter\Boot::runCodeIgniter(Object(CodeIgniter\CodeIgniter))
 7 FCPATH\index.php(56): CodeIgniter\Boot::bootWeb(Object(Config\Paths))
CRITICAL - 2025-03-26 09:15:02 --> [Caused by] CodeIgniter\Database\Exceptions\DatabaseException: pg_query(): Query failed: ERROR:  column s.Price does not exist
LINE 13:                     'price', COALESCE(s.&quot;Price&quot;, '')::text, ...
                                               ^
HINT:  Perhaps you meant to reference the column &quot;s.price&quot;.
QUERY:  SELECT jsonb_build_object(
            'status', 200,
            'message', 'Pending appointments retrieved successfully',
            'data', jsonb_agg(
                jsonb_build_object(
                    'id', a.id,
                    'branch', a.branch,
                    'consultant', a.consultant,
                    'section', a.section,
                    'slot', a.slot,
                    'appointment_status', a.appointment_status,
                    'slots_time', s.slots_time,
                    'price', COALESCE(s.&quot;Price&quot;, '')::text,  -- Use &quot;Price&quot; with quotes for case-sensitivity
                    'branch_name', b.branch_name,
                    'consultant_name', r.name,
                    'section_name', sec.section_name,
                    'full_name', a.full_name,
                    'mobile_no', a.mobile_no,
                    'email_id', a.email_id,
                    'locations', a.locations,
                    'startdate', a.startdate,
                    'dates', a.dates,  -- Include 'dates' column
                    'created_at', a.created_at
                )
            )
    )
                         FROM tbl_appointment a
    LEFT JOIN tbl_slots s ON CAST(a.slot AS INTEGER) = s.id
    LEFT JOIN tbl_register r ON a.consultant = r.id
    LEFT JOIN tbl_branch b ON a.branch = b.id
    LEFT JOIN tbl_section sec ON a.section = sec.id
    WHERE a.is_deleted = 'N'
    AND a.appointment_status = 'PE'  -- Only pending appointments
    AND a.dates &lt;= CURRENT_DATE
CONTEXT:  PL/pgSQL function get_pending_appointments() line 4 at SQL statement
in SYSTEMPATH\Database\Postgre\Connection.php on line 198.
 1 SYSTEMPATH\Database\BaseConnection.php(722): CodeIgniter\Database\Postgre\Connection->execute('CALL get_pending_appointments(NULL)')
 2 SYSTEMPATH\Database\BaseConnection.php(636): CodeIgniter\Database\BaseConnection->simpleQuery('CALL get_pending_appointments(NULL)')
 3 APPPATH\Controllers\Home.php(1711): CodeIgniter\Database\BaseConnection->query('CALL get_pending_appointments(?)', [...])
 4 SYSTEMPATH\CodeIgniter.php(933): App\Controllers\Home->getPendingAppointments()
 5 SYSTEMPATH\CodeIgniter.php(509): CodeIgniter\CodeIgniter->runController(Object(App\Controllers\Home))
 6 SYSTEMPATH\CodeIgniter.php(355): CodeIgniter\CodeIgniter->handleRequest(null, Object(Config\Cache), false)
 7 SYSTEMPATH\Boot.php(312): CodeIgniter\CodeIgniter->run()
 8 SYSTEMPATH\Boot.php(67): CodeIgniter\Boot::runCodeIgniter(Object(CodeIgniter\CodeIgniter))
 9 FCPATH\index.php(56): CodeIgniter\Boot::bootWeb(Object(Config\Paths))
CRITICAL - 2025-03-26 09:15:02 --> [Caused by] ErrorException: pg_query(): Query failed: ERROR:  column s.Price does not exist
LINE 13:                     'price', COALESCE(s.&quot;Price&quot;, '')::text, ...
                                               ^
HINT:  Perhaps you meant to reference the column &quot;s.price&quot;.
QUERY:  SELECT jsonb_build_object(
            'status', 200,
            'message', 'Pending appointments retrieved successfully',
            'data', jsonb_agg(
                jsonb_build_object(
                    'id', a.id,
                    'branch', a.branch,
                    'consultant', a.consultant,
                    'section', a.section,
                    'slot', a.slot,
                    'appointment_status', a.appointment_status,
                    'slots_time', s.slots_time,
                    'price', COALESCE(s.&quot;Price&quot;, '')::text,  -- Use &quot;Price&quot; with quotes for case-sensitivity
                    'branch_name', b.branch_name,
                    'consultant_name', r.name,
                    'section_name', sec.section_name,
                    'full_name', a.full_name,
                    'mobile_no', a.mobile_no,
                    'email_id', a.email_id,
                    'locations', a.locations,
                    'startdate', a.startdate,
                    'dates', a.dates,  -- Include 'dates' column
                    'created_at', a.created_at
                )
            )
    )
                         FROM tbl_appointment a
    LEFT JOIN tbl_slots s ON CAST(a.slot AS INTEGER) = s.id
    LEFT JOIN tbl_register r ON a.consultant = r.id
    LEFT JOIN tbl_branch b ON a.branch = b.id
    LEFT JOIN tbl_section sec ON a.section = sec.id
    WHERE a.is_deleted = 'N'
    AND a.appointment_status = 'PE'  -- Only pending appointments
    AND a.dates &lt;= CURRENT_DATE
CONTEXT:  PL/pgSQL function get_pending_appointments() line 4 at SQL statement
in SYSTEMPATH\Database\Postgre\Connection.php on line 193.
 1 [internal function]: CodeIgniter\Debug\Exceptions->errorHandler(2, 'pg_query(): Query failed: ERROR:  column s.Price does not exist
LINE 13:                     \'price\', COALESCE(s.&quot;Price&quot;, \'\')::text, ...
                                               ^
HINT:  Perhaps you meant to reference the column &quot;s.price&quot;.
QUERY:  SELECT jsonb_build_object(
            \'status\', 200,
            \'message\', \'Pending appointments retrieved successfully\',
            \'data\', jsonb_agg(
                jsonb_build_object(
                    \'id\', a.id,
                    \'branch\', a.branch,
                    \'consultant\', a.consultant,
                    \'section\', a.section,
                    \'slot\', a.slot,
                    \'appointment_status\', a.appointment_status,
                    \'slots_time\', s.slots_time,
                    \'price\', COALESCE(s.&quot;Price&quot;, \'\')::text,  -- Use &quot;Price&quot; with quotes for case-sensitivity
                    \'branch_name\', b.branch_name,
                    \'consultant_name\', r.name,
                    \'section_name\', sec.section_name,
                    \'full_name\', a.full_name,
                    \'mobile_no\', a.mobile_no,
                    \'email_id\', a.email_id,
                    \'locations\', a.locations,
                    \'startdate\', a.startdate,
                    \'dates\', a.dates,  -- Include \'dates\' column
                    \'created_at\', a.created_at
                )
            )
    )
                         FROM tbl_appointment a
    LEFT JOIN tbl_slots s ON CAST(a.slot AS INTEGER) = s.id
    LEFT JOIN tbl_register r ON a.consultant = r.id
    LEFT JOIN tbl_branch b ON a.branch = b.id
    LEFT JOIN tbl_section sec ON a.section = sec.id
    WHERE a.is_deleted = \'N\'
    AND a.appointment_status = \'PE\'  -- Only pending appointments
    AND a.dates &lt;= CURRENT_DATE
CONTEXT:  PL/pgSQL function get_pending_appointments() line 4 at SQL statement', 'C:\\xampp\\htdocs\\salonClinic\\system\\Database\\Postgre\\Connection.php', 193)
 2 SYSTEMPATH\Database\Postgre\Connection.php(193): pg_query(Object(PgSql\Connection), 'CALL get_pending_appointments(NULL)')
 3 SYSTEMPATH\Database\BaseConnection.php(722): CodeIgniter\Database\Postgre\Connection->execute('CALL get_pending_appointments(NULL)')
 4 SYSTEMPATH\Database\BaseConnection.php(636): CodeIgniter\Database\BaseConnection->simpleQuery('CALL get_pending_appointments(NULL)')
 5 APPPATH\Controllers\Home.php(1711): CodeIgniter\Database\BaseConnection->query('CALL get_pending_appointments(?)', [...])
 6 SYSTEMPATH\CodeIgniter.php(933): App\Controllers\Home->getPendingAppointments()
 7 SYSTEMPATH\CodeIgniter.php(509): CodeIgniter\CodeIgniter->runController(Object(App\Controllers\Home))
 8 SYSTEMPATH\CodeIgniter.php(355): CodeIgniter\CodeIgniter->handleRequest(null, Object(Config\Cache), false)
 9 SYSTEMPATH\Boot.php(312): CodeIgniter\CodeIgniter->run()
10 SYSTEMPATH\Boot.php(67): CodeIgniter\Boot::runCodeIgniter(Object(CodeIgniter\CodeIgniter))
11 FCPATH\index.php(56): CodeIgniter\Boot::bootWeb(Object(Config\Paths))
ERROR - 2025-03-26 09:34:20 --> ErrorException: pg_query(): Query failed: ERROR:  column s.Price does not exist
LINE 13:                     'price', COALESCE(s.&quot;Price&quot;, '')::text, ...
                                               ^
HINT:  Perhaps you meant to reference the column &quot;s.price&quot;.
QUERY:  SELECT jsonb_build_object(
            'status', 200,
            'message', 'Pending appointments retrieved successfully',
            'data', jsonb_agg(
                jsonb_build_object(
                    'id', a.id,
                    'branch', a.branch,
                    'consultant', a.consultant,
                    'section', a.section,
                    'slot', a.slot,
                    'appointment_status', a.appointment_status,
                    'slots_time', s.slots_time,
                    'price', COALESCE(s.&quot;Price&quot;, '')::text,  -- Use &quot;Price&quot; with quotes for case-sensitivity
                    'branch_name', b.branch_name,
                    'consultant_name', r.name,
                    'section_name', sec.section_name,
                    'full_name', a.full_name,
                    'mobile_no', a.mobile_no,
                    'email_id', a.email_id,
                    'locations', a.locations,
                    'startdate', a.startdate,
                    'dates', a.dates,  -- Include 'dates' column
                    'created_at', a.created_at
                )
            )
    )
                         FROM tbl_appointment a
    LEFT JOIN tbl_slots s ON CAST(a.slot AS INTEGER) = s.id
    LEFT JOIN tbl_register r ON a.consultant = r.id
    LEFT JOIN tbl_branch b ON a.branch = b.id
    LEFT JOIN tbl_section sec ON a.section = sec.id
    WHERE a.is_deleted = 'N'
    AND a.appointment_status = 'PE'  -- Only pending appointments
    AND a.dates &lt;= CURRENT_DATE
CONTEXT:  PL/pgSQL function get_pending_appointments() line 4 at SQL statement in C:\xampp\htdocs\salonClinic\system\Database\Postgre\Connection.php:193
Stack trace:
#0 [internal function]: CodeIgniter\Debug\Exceptions->errorHandler(2, 'pg_query(): Que...', 'C:\\xampp\\htdocs...', 193)
#1 C:\xampp\htdocs\salonClinic\system\Database\Postgre\Connection.php(193): pg_query(Object(PgSql\Connection), 'CALL get_pendin...')
#2 C:\xampp\htdocs\salonClinic\system\Database\BaseConnection.php(722): CodeIgniter\Database\Postgre\Connection->execute('CALL get_pendin...')
#3 C:\xampp\htdocs\salonClinic\system\Database\BaseConnection.php(636): CodeIgniter\Database\BaseConnection->simpleQuery('CALL get_pendin...')
#4 C:\xampp\htdocs\salonClinic\app\Controllers\Home.php(1711): CodeIgniter\Database\BaseConnection->query('CALL get_pendin...', Array)
#5 C:\xampp\htdocs\salonClinic\system\CodeIgniter.php(933): App\Controllers\Home->getPendingAppointments()
#6 C:\xampp\htdocs\salonClinic\system\CodeIgniter.php(509): CodeIgniter\CodeIgniter->runController(Object(App\Controllers\Home))
#7 C:\xampp\htdocs\salonClinic\system\CodeIgniter.php(355): CodeIgniter\CodeIgniter->handleRequest(NULL, Object(Config\Cache), false)
#8 C:\xampp\htdocs\salonClinic\system\Boot.php(312): CodeIgniter\CodeIgniter->run()
#9 C:\xampp\htdocs\salonClinic\system\Boot.php(67): CodeIgniter\Boot::runCodeIgniter(Object(CodeIgniter\CodeIgniter))
#10 C:\xampp\htdocs\salonClinic\index.php(56): CodeIgniter\Boot::bootWeb(Object(Config\Paths))
#11 {main}
CRITICAL - 2025-03-26 09:34:20 --> CodeIgniter\Database\Exceptions\DatabaseException: pg_query(): Query failed: ERROR:  column s.Price does not exist
LINE 13:                     'price', COALESCE(s.&quot;Price&quot;, '')::text, ...
                                               ^
HINT:  Perhaps you meant to reference the column &quot;s.price&quot;.
QUERY:  SELECT jsonb_build_object(
            'status', 200,
            'message', 'Pending appointments retrieved successfully',
            'data', jsonb_agg(
                jsonb_build_object(
                    'id', a.id,
                    'branch', a.branch,
                    'consultant', a.consultant,
                    'section', a.section,
                    'slot', a.slot,
                    'appointment_status', a.appointment_status,
                    'slots_time', s.slots_time,
                    'price', COALESCE(s.&quot;Price&quot;, '')::text,  -- Use &quot;Price&quot; with quotes for case-sensitivity
                    'branch_name', b.branch_name,
                    'consultant_name', r.name,
                    'section_name', sec.section_name,
                    'full_name', a.full_name,
                    'mobile_no', a.mobile_no,
                    'email_id', a.email_id,
                    'locations', a.locations,
                    'startdate', a.startdate,
                    'dates', a.dates,  -- Include 'dates' column
                    'created_at', a.created_at
                )
            )
    )
                         FROM tbl_appointment a
    LEFT JOIN tbl_slots s ON CAST(a.slot AS INTEGER) = s.id
    LEFT JOIN tbl_register r ON a.consultant = r.id
    LEFT JOIN tbl_branch b ON a.branch = b.id
    LEFT JOIN tbl_section sec ON a.section = sec.id
    WHERE a.is_deleted = 'N'
    AND a.appointment_status = 'PE'  -- Only pending appointments
    AND a.dates &lt;= CURRENT_DATE
CONTEXT:  PL/pgSQL function get_pending_appointments() line 4 at SQL statement
[Method: GET, Route: get_pending_appointments]
in SYSTEMPATH\Database\BaseConnection.php on line 676.
 1 APPPATH\Controllers\Home.php(1711): CodeIgniter\Database\BaseConnection->query('CALL get_pending_appointments(?)', [...])
 2 SYSTEMPATH\CodeIgniter.php(933): App\Controllers\Home->getPendingAppointments()
 3 SYSTEMPATH\CodeIgniter.php(509): CodeIgniter\CodeIgniter->runController(Object(App\Controllers\Home))
 4 SYSTEMPATH\CodeIgniter.php(355): CodeIgniter\CodeIgniter->handleRequest(null, Object(Config\Cache), false)
 5 SYSTEMPATH\Boot.php(312): CodeIgniter\CodeIgniter->run()
 6 SYSTEMPATH\Boot.php(67): CodeIgniter\Boot::runCodeIgniter(Object(CodeIgniter\CodeIgniter))
 7 FCPATH\index.php(56): CodeIgniter\Boot::bootWeb(Object(Config\Paths))
CRITICAL - 2025-03-26 09:34:20 --> [Caused by] CodeIgniter\Database\Exceptions\DatabaseException: pg_query(): Query failed: ERROR:  column s.Price does not exist
LINE 13:                     'price', COALESCE(s.&quot;Price&quot;, '')::text, ...
                                               ^
HINT:  Perhaps you meant to reference the column &quot;s.price&quot;.
QUERY:  SELECT jsonb_build_object(
            'status', 200,
            'message', 'Pending appointments retrieved successfully',
            'data', jsonb_agg(
                jsonb_build_object(
                    'id', a.id,
                    'branch', a.branch,
                    'consultant', a.consultant,
                    'section', a.section,
                    'slot', a.slot,
                    'appointment_status', a.appointment_status,
                    'slots_time', s.slots_time,
                    'price', COALESCE(s.&quot;Price&quot;, '')::text,  -- Use &quot;Price&quot; with quotes for case-sensitivity
                    'branch_name', b.branch_name,
                    'consultant_name', r.name,
                    'section_name', sec.section_name,
                    'full_name', a.full_name,
                    'mobile_no', a.mobile_no,
                    'email_id', a.email_id,
                    'locations', a.locations,
                    'startdate', a.startdate,
                    'dates', a.dates,  -- Include 'dates' column
                    'created_at', a.created_at
                )
            )
    )
                         FROM tbl_appointment a
    LEFT JOIN tbl_slots s ON CAST(a.slot AS INTEGER) = s.id
    LEFT JOIN tbl_register r ON a.consultant = r.id
    LEFT JOIN tbl_branch b ON a.branch = b.id
    LEFT JOIN tbl_section sec ON a.section = sec.id
    WHERE a.is_deleted = 'N'
    AND a.appointment_status = 'PE'  -- Only pending appointments
    AND a.dates &lt;= CURRENT_DATE
CONTEXT:  PL/pgSQL function get_pending_appointments() line 4 at SQL statement
in SYSTEMPATH\Database\Postgre\Connection.php on line 198.
 1 SYSTEMPATH\Database\BaseConnection.php(722): CodeIgniter\Database\Postgre\Connection->execute('CALL get_pending_appointments(NULL)')
 2 SYSTEMPATH\Database\BaseConnection.php(636): CodeIgniter\Database\BaseConnection->simpleQuery('CALL get_pending_appointments(NULL)')
 3 APPPATH\Controllers\Home.php(1711): CodeIgniter\Database\BaseConnection->query('CALL get_pending_appointments(?)', [...])
 4 SYSTEMPATH\CodeIgniter.php(933): App\Controllers\Home->getPendingAppointments()
 5 SYSTEMPATH\CodeIgniter.php(509): CodeIgniter\CodeIgniter->runController(Object(App\Controllers\Home))
 6 SYSTEMPATH\CodeIgniter.php(355): CodeIgniter\CodeIgniter->handleRequest(null, Object(Config\Cache), false)
 7 SYSTEMPATH\Boot.php(312): CodeIgniter\CodeIgniter->run()
 8 SYSTEMPATH\Boot.php(67): CodeIgniter\Boot::runCodeIgniter(Object(CodeIgniter\CodeIgniter))
 9 FCPATH\index.php(56): CodeIgniter\Boot::bootWeb(Object(Config\Paths))
CRITICAL - 2025-03-26 09:34:20 --> [Caused by] ErrorException: pg_query(): Query failed: ERROR:  column s.Price does not exist
LINE 13:                     'price', COALESCE(s.&quot;Price&quot;, '')::text, ...
                                               ^
HINT:  Perhaps you meant to reference the column &quot;s.price&quot;.
QUERY:  SELECT jsonb_build_object(
            'status', 200,
            'message', 'Pending appointments retrieved successfully',
            'data', jsonb_agg(
                jsonb_build_object(
                    'id', a.id,
                    'branch', a.branch,
                    'consultant', a.consultant,
                    'section', a.section,
                    'slot', a.slot,
                    'appointment_status', a.appointment_status,
                    'slots_time', s.slots_time,
                    'price', COALESCE(s.&quot;Price&quot;, '')::text,  -- Use &quot;Price&quot; with quotes for case-sensitivity
                    'branch_name', b.branch_name,
                    'consultant_name', r.name,
                    'section_name', sec.section_name,
                    'full_name', a.full_name,
                    'mobile_no', a.mobile_no,
                    'email_id', a.email_id,
                    'locations', a.locations,
                    'startdate', a.startdate,
                    'dates', a.dates,  -- Include 'dates' column
                    'created_at', a.created_at
                )
            )
    )
                         FROM tbl_appointment a
    LEFT JOIN tbl_slots s ON CAST(a.slot AS INTEGER) = s.id
    LEFT JOIN tbl_register r ON a.consultant = r.id
    LEFT JOIN tbl_branch b ON a.branch = b.id
    LEFT JOIN tbl_section sec ON a.section = sec.id
    WHERE a.is_deleted = 'N'
    AND a.appointment_status = 'PE'  -- Only pending appointments
    AND a.dates &lt;= CURRENT_DATE
CONTEXT:  PL/pgSQL function get_pending_appointments() line 4 at SQL statement
in SYSTEMPATH\Database\Postgre\Connection.php on line 193.
 1 [internal function]: CodeIgniter\Debug\Exceptions->errorHandler(2, 'pg_query(): Query failed: ERROR:  column s.Price does not exist
LINE 13:                     \'price\', COALESCE(s.&quot;Price&quot;, \'\')::text, ...
                                               ^
HINT:  Perhaps you meant to reference the column &quot;s.price&quot;.
QUERY:  SELECT jsonb_build_object(
            \'status\', 200,
            \'message\', \'Pending appointments retrieved successfully\',
            \'data\', jsonb_agg(
                jsonb_build_object(
                    \'id\', a.id,
                    \'branch\', a.branch,
                    \'consultant\', a.consultant,
                    \'section\', a.section,
                    \'slot\', a.slot,
                    \'appointment_status\', a.appointment_status,
                    \'slots_time\', s.slots_time,
                    \'price\', COALESCE(s.&quot;Price&quot;, \'\')::text,  -- Use &quot;Price&quot; with quotes for case-sensitivity
                    \'branch_name\', b.branch_name,
                    \'consultant_name\', r.name,
                    \'section_name\', sec.section_name,
                    \'full_name\', a.full_name,
                    \'mobile_no\', a.mobile_no,
                    \'email_id\', a.email_id,
                    \'locations\', a.locations,
                    \'startdate\', a.startdate,
                    \'dates\', a.dates,  -- Include \'dates\' column
                    \'created_at\', a.created_at
                )
            )
    )
                         FROM tbl_appointment a
    LEFT JOIN tbl_slots s ON CAST(a.slot AS INTEGER) = s.id
    LEFT JOIN tbl_register r ON a.consultant = r.id
    LEFT JOIN tbl_branch b ON a.branch = b.id
    LEFT JOIN tbl_section sec ON a.section = sec.id
    WHERE a.is_deleted = \'N\'
    AND a.appointment_status = \'PE\'  -- Only pending appointments
    AND a.dates &lt;= CURRENT_DATE
CONTEXT:  PL/pgSQL function get_pending_appointments() line 4 at SQL statement', 'C:\\xampp\\htdocs\\salonClinic\\system\\Database\\Postgre\\Connection.php', 193)
 2 SYSTEMPATH\Database\Postgre\Connection.php(193): pg_query(Object(PgSql\Connection), 'CALL get_pending_appointments(NULL)')
 3 SYSTEMPATH\Database\BaseConnection.php(722): CodeIgniter\Database\Postgre\Connection->execute('CALL get_pending_appointments(NULL)')
 4 SYSTEMPATH\Database\BaseConnection.php(636): CodeIgniter\Database\BaseConnection->simpleQuery('CALL get_pending_appointments(NULL)')
 5 APPPATH\Controllers\Home.php(1711): CodeIgniter\Database\BaseConnection->query('CALL get_pending_appointments(?)', [...])
 6 SYSTEMPATH\CodeIgniter.php(933): App\Controllers\Home->getPendingAppointments()
 7 SYSTEMPATH\CodeIgniter.php(509): CodeIgniter\CodeIgniter->runController(Object(App\Controllers\Home))
 8 SYSTEMPATH\CodeIgniter.php(355): CodeIgniter\CodeIgniter->handleRequest(null, Object(Config\Cache), false)
 9 SYSTEMPATH\Boot.php(312): CodeIgniter\CodeIgniter->run()
10 SYSTEMPATH\Boot.php(67): CodeIgniter\Boot::runCodeIgniter(Object(CodeIgniter\CodeIgniter))
11 FCPATH\index.php(56): CodeIgniter\Boot::bootWeb(Object(Config\Paths))
ERROR - 2025-03-26 09:34:26 --> ErrorException: pg_query(): Query failed: ERROR:  column s.Price does not exist
LINE 13:                     'price', COALESCE(s.&quot;Price&quot;, '')::text, ...
                                               ^
HINT:  Perhaps you meant to reference the column &quot;s.price&quot;.
QUERY:  SELECT jsonb_build_object(
            'status', 200,
            'message', 'Pending appointments retrieved successfully',
            'data', jsonb_agg(
                jsonb_build_object(
                    'id', a.id,
                    'branch', a.branch,
                    'consultant', a.consultant,
                    'section', a.section,
                    'slot', a.slot,
                    'appointment_status', a.appointment_status,
                    'slots_time', s.slots_time,
                    'price', COALESCE(s.&quot;Price&quot;, '')::text,  -- Use &quot;Price&quot; with quotes for case-sensitivity
                    'branch_name', b.branch_name,
                    'consultant_name', r.name,
                    'section_name', sec.section_name,
                    'full_name', a.full_name,
                    'mobile_no', a.mobile_no,
                    'email_id', a.email_id,
                    'locations', a.locations,
                    'startdate', a.startdate,
                    'dates', a.dates,  -- Include 'dates' column
                    'created_at', a.created_at
                )
            )
    )
                         FROM tbl_appointment a
    LEFT JOIN tbl_slots s ON CAST(a.slot AS INTEGER) = s.id
    LEFT JOIN tbl_register r ON a.consultant = r.id
    LEFT JOIN tbl_branch b ON a.branch = b.id
    LEFT JOIN tbl_section sec ON a.section = sec.id
    WHERE a.is_deleted = 'N'
    AND a.appointment_status = 'PE'  -- Only pending appointments
    AND a.dates &lt;= CURRENT_DATE
CONTEXT:  PL/pgSQL function get_pending_appointments() line 4 at SQL statement in C:\xampp\htdocs\salonClinic\system\Database\Postgre\Connection.php:193
Stack trace:
#0 [internal function]: CodeIgniter\Debug\Exceptions->errorHandler(2, 'pg_query(): Que...', 'C:\\xampp\\htdocs...', 193)
#1 C:\xampp\htdocs\salonClinic\system\Database\Postgre\Connection.php(193): pg_query(Object(PgSql\Connection), 'CALL get_pendin...')
#2 C:\xampp\htdocs\salonClinic\system\Database\BaseConnection.php(722): CodeIgniter\Database\Postgre\Connection->execute('CALL get_pendin...')
#3 C:\xampp\htdocs\salonClinic\system\Database\BaseConnection.php(636): CodeIgniter\Database\BaseConnection->simpleQuery('CALL get_pendin...')
#4 C:\xampp\htdocs\salonClinic\app\Controllers\Home.php(1711): CodeIgniter\Database\BaseConnection->query('CALL get_pendin...', Array)
#5 C:\xampp\htdocs\salonClinic\system\CodeIgniter.php(933): App\Controllers\Home->getPendingAppointments()
#6 C:\xampp\htdocs\salonClinic\system\CodeIgniter.php(509): CodeIgniter\CodeIgniter->runController(Object(App\Controllers\Home))
#7 C:\xampp\htdocs\salonClinic\system\CodeIgniter.php(355): CodeIgniter\CodeIgniter->handleRequest(NULL, Object(Config\Cache), false)
#8 C:\xampp\htdocs\salonClinic\system\Boot.php(312): CodeIgniter\CodeIgniter->run()
#9 C:\xampp\htdocs\salonClinic\system\Boot.php(67): CodeIgniter\Boot::runCodeIgniter(Object(CodeIgniter\CodeIgniter))
#10 C:\xampp\htdocs\salonClinic\index.php(56): CodeIgniter\Boot::bootWeb(Object(Config\Paths))
#11 {main}
CRITICAL - 2025-03-26 09:34:26 --> CodeIgniter\Database\Exceptions\DatabaseException: pg_query(): Query failed: ERROR:  column s.Price does not exist
LINE 13:                     'price', COALESCE(s.&quot;Price&quot;, '')::text, ...
                                               ^
HINT:  Perhaps you meant to reference the column &quot;s.price&quot;.
QUERY:  SELECT jsonb_build_object(
            'status', 200,
            'message', 'Pending appointments retrieved successfully',
            'data', jsonb_agg(
                jsonb_build_object(
                    'id', a.id,
                    'branch', a.branch,
                    'consultant', a.consultant,
                    'section', a.section,
                    'slot', a.slot,
                    'appointment_status', a.appointment_status,
                    'slots_time', s.slots_time,
                    'price', COALESCE(s.&quot;Price&quot;, '')::text,  -- Use &quot;Price&quot; with quotes for case-sensitivity
                    'branch_name', b.branch_name,
                    'consultant_name', r.name,
                    'section_name', sec.section_name,
                    'full_name', a.full_name,
                    'mobile_no', a.mobile_no,
                    'email_id', a.email_id,
                    'locations', a.locations,
                    'startdate', a.startdate,
                    'dates', a.dates,  -- Include 'dates' column
                    'created_at', a.created_at
                )
            )
    )
                         FROM tbl_appointment a
    LEFT JOIN tbl_slots s ON CAST(a.slot AS INTEGER) = s.id
    LEFT JOIN tbl_register r ON a.consultant = r.id
    LEFT JOIN tbl_branch b ON a.branch = b.id
    LEFT JOIN tbl_section sec ON a.section = sec.id
    WHERE a.is_deleted = 'N'
    AND a.appointment_status = 'PE'  -- Only pending appointments
    AND a.dates &lt;= CURRENT_DATE
CONTEXT:  PL/pgSQL function get_pending_appointments() line 4 at SQL statement
[Method: GET, Route: get_pending_appointments]
in SYSTEMPATH\Database\BaseConnection.php on line 676.
 1 APPPATH\Controllers\Home.php(1711): CodeIgniter\Database\BaseConnection->query('CALL get_pending_appointments(?)', [...])
 2 SYSTEMPATH\CodeIgniter.php(933): App\Controllers\Home->getPendingAppointments()
 3 SYSTEMPATH\CodeIgniter.php(509): CodeIgniter\CodeIgniter->runController(Object(App\Controllers\Home))
 4 SYSTEMPATH\CodeIgniter.php(355): CodeIgniter\CodeIgniter->handleRequest(null, Object(Config\Cache), false)
 5 SYSTEMPATH\Boot.php(312): CodeIgniter\CodeIgniter->run()
 6 SYSTEMPATH\Boot.php(67): CodeIgniter\Boot::runCodeIgniter(Object(CodeIgniter\CodeIgniter))
 7 FCPATH\index.php(56): CodeIgniter\Boot::bootWeb(Object(Config\Paths))
CRITICAL - 2025-03-26 09:34:26 --> [Caused by] CodeIgniter\Database\Exceptions\DatabaseException: pg_query(): Query failed: ERROR:  column s.Price does not exist
LINE 13:                     'price', COALESCE(s.&quot;Price&quot;, '')::text, ...
                                               ^
HINT:  Perhaps you meant to reference the column &quot;s.price&quot;.
QUERY:  SELECT jsonb_build_object(
            'status', 200,
            'message', 'Pending appointments retrieved successfully',
            'data', jsonb_agg(
                jsonb_build_object(
                    'id', a.id,
                    'branch', a.branch,
                    'consultant', a.consultant,
                    'section', a.section,
                    'slot', a.slot,
                    'appointment_status', a.appointment_status,
                    'slots_time', s.slots_time,
                    'price', COALESCE(s.&quot;Price&quot;, '')::text,  -- Use &quot;Price&quot; with quotes for case-sensitivity
                    'branch_name', b.branch_name,
                    'consultant_name', r.name,
                    'section_name', sec.section_name,
                    'full_name', a.full_name,
                    'mobile_no', a.mobile_no,
                    'email_id', a.email_id,
                    'locations', a.locations,
                    'startdate', a.startdate,
                    'dates', a.dates,  -- Include 'dates' column
                    'created_at', a.created_at
                )
            )
    )
                         FROM tbl_appointment a
    LEFT JOIN tbl_slots s ON CAST(a.slot AS INTEGER) = s.id
    LEFT JOIN tbl_register r ON a.consultant = r.id
    LEFT JOIN tbl_branch b ON a.branch = b.id
    LEFT JOIN tbl_section sec ON a.section = sec.id
    WHERE a.is_deleted = 'N'
    AND a.appointment_status = 'PE'  -- Only pending appointments
    AND a.dates &lt;= CURRENT_DATE
CONTEXT:  PL/pgSQL function get_pending_appointments() line 4 at SQL statement
in SYSTEMPATH\Database\Postgre\Connection.php on line 198.
 1 SYSTEMPATH\Database\BaseConnection.php(722): CodeIgniter\Database\Postgre\Connection->execute('CALL get_pending_appointments(NULL)')
 2 SYSTEMPATH\Database\BaseConnection.php(636): CodeIgniter\Database\BaseConnection->simpleQuery('CALL get_pending_appointments(NULL)')
 3 APPPATH\Controllers\Home.php(1711): CodeIgniter\Database\BaseConnection->query('CALL get_pending_appointments(?)', [...])
 4 SYSTEMPATH\CodeIgniter.php(933): App\Controllers\Home->getPendingAppointments()
 5 SYSTEMPATH\CodeIgniter.php(509): CodeIgniter\CodeIgniter->runController(Object(App\Controllers\Home))
 6 SYSTEMPATH\CodeIgniter.php(355): CodeIgniter\CodeIgniter->handleRequest(null, Object(Config\Cache), false)
 7 SYSTEMPATH\Boot.php(312): CodeIgniter\CodeIgniter->run()
 8 SYSTEMPATH\Boot.php(67): CodeIgniter\Boot::runCodeIgniter(Object(CodeIgniter\CodeIgniter))
 9 FCPATH\index.php(56): CodeIgniter\Boot::bootWeb(Object(Config\Paths))
CRITICAL - 2025-03-26 09:34:26 --> [Caused by] ErrorException: pg_query(): Query failed: ERROR:  column s.Price does not exist
LINE 13:                     'price', COALESCE(s.&quot;Price&quot;, '')::text, ...
                                               ^
HINT:  Perhaps you meant to reference the column &quot;s.price&quot;.
QUERY:  SELECT jsonb_build_object(
            'status', 200,
            'message', 'Pending appointments retrieved successfully',
            'data', jsonb_agg(
                jsonb_build_object(
                    'id', a.id,
                    'branch', a.branch,
                    'consultant', a.consultant,
                    'section', a.section,
                    'slot', a.slot,
                    'appointment_status', a.appointment_status,
                    'slots_time', s.slots_time,
                    'price', COALESCE(s.&quot;Price&quot;, '')::text,  -- Use &quot;Price&quot; with quotes for case-sensitivity
                    'branch_name', b.branch_name,
                    'consultant_name', r.name,
                    'section_name', sec.section_name,
                    'full_name', a.full_name,
                    'mobile_no', a.mobile_no,
                    'email_id', a.email_id,
                    'locations', a.locations,
                    'startdate', a.startdate,
                    'dates', a.dates,  -- Include 'dates' column
                    'created_at', a.created_at
                )
            )
    )
                         FROM tbl_appointment a
    LEFT JOIN tbl_slots s ON CAST(a.slot AS INTEGER) = s.id
    LEFT JOIN tbl_register r ON a.consultant = r.id
    LEFT JOIN tbl_branch b ON a.branch = b.id
    LEFT JOIN tbl_section sec ON a.section = sec.id
    WHERE a.is_deleted = 'N'
    AND a.appointment_status = 'PE'  -- Only pending appointments
    AND a.dates &lt;= CURRENT_DATE
CONTEXT:  PL/pgSQL function get_pending_appointments() line 4 at SQL statement
in SYSTEMPATH\Database\Postgre\Connection.php on line 193.
 1 [internal function]: CodeIgniter\Debug\Exceptions->errorHandler(2, 'pg_query(): Query failed: ERROR:  column s.Price does not exist
LINE 13:                     \'price\', COALESCE(s.&quot;Price&quot;, \'\')::text, ...
                                               ^
HINT:  Perhaps you meant to reference the column &quot;s.price&quot;.
QUERY:  SELECT jsonb_build_object(
            \'status\', 200,
            \'message\', \'Pending appointments retrieved successfully\',
            \'data\', jsonb_agg(
                jsonb_build_object(
                    \'id\', a.id,
                    \'branch\', a.branch,
                    \'consultant\', a.consultant,
                    \'section\', a.section,
                    \'slot\', a.slot,
                    \'appointment_status\', a.appointment_status,
                    \'slots_time\', s.slots_time,
                    \'price\', COALESCE(s.&quot;Price&quot;, \'\')::text,  -- Use &quot;Price&quot; with quotes for case-sensitivity
                    \'branch_name\', b.branch_name,
                    \'consultant_name\', r.name,
                    \'section_name\', sec.section_name,
                    \'full_name\', a.full_name,
                    \'mobile_no\', a.mobile_no,
                    \'email_id\', a.email_id,
                    \'locations\', a.locations,
                    \'startdate\', a.startdate,
                    \'dates\', a.dates,  -- Include \'dates\' column
                    \'created_at\', a.created_at
                )
            )
    )
                         FROM tbl_appointment a
    LEFT JOIN tbl_slots s ON CAST(a.slot AS INTEGER) = s.id
    LEFT JOIN tbl_register r ON a.consultant = r.id
    LEFT JOIN tbl_branch b ON a.branch = b.id
    LEFT JOIN tbl_section sec ON a.section = sec.id
    WHERE a.is_deleted = \'N\'
    AND a.appointment_status = \'PE\'  -- Only pending appointments
    AND a.dates &lt;= CURRENT_DATE
CONTEXT:  PL/pgSQL function get_pending_appointments() line 4 at SQL statement', 'C:\\xampp\\htdocs\\salonClinic\\system\\Database\\Postgre\\Connection.php', 193)
 2 SYSTEMPATH\Database\Postgre\Connection.php(193): pg_query(Object(PgSql\Connection), 'CALL get_pending_appointments(NULL)')
 3 SYSTEMPATH\Database\BaseConnection.php(722): CodeIgniter\Database\Postgre\Connection->execute('CALL get_pending_appointments(NULL)')
 4 SYSTEMPATH\Database\BaseConnection.php(636): CodeIgniter\Database\BaseConnection->simpleQuery('CALL get_pending_appointments(NULL)')
 5 APPPATH\Controllers\Home.php(1711): CodeIgniter\Database\BaseConnection->query('CALL get_pending_appointments(?)', [...])
 6 SYSTEMPATH\CodeIgniter.php(933): App\Controllers\Home->getPendingAppointments()
 7 SYSTEMPATH\CodeIgniter.php(509): CodeIgniter\CodeIgniter->runController(Object(App\Controllers\Home))
 8 SYSTEMPATH\CodeIgniter.php(355): CodeIgniter\CodeIgniter->handleRequest(null, Object(Config\Cache), false)
 9 SYSTEMPATH\Boot.php(312): CodeIgniter\CodeIgniter->run()
10 SYSTEMPATH\Boot.php(67): CodeIgniter\Boot::runCodeIgniter(Object(CodeIgniter\CodeIgniter))
11 FCPATH\index.php(56): CodeIgniter\Boot::bootWeb(Object(Config\Paths))
ERROR - 2025-03-26 09:59:39 --> ErrorException: pg_query(): Query failed: ERROR:  column s.Price does not exist
LINE 13:                     'price', COALESCE(s.&quot;Price&quot;, '')::text, ...
                                               ^
HINT:  Perhaps you meant to reference the column &quot;s.price&quot;.
QUERY:  SELECT jsonb_build_object(
            'status', 200,
            'message', 'Pending appointments retrieved successfully',
            'data', jsonb_agg(
                jsonb_build_object(
                    'id', a.id,
                    'branch', a.branch,
                    'consultant', a.consultant,
                    'section', a.section,
                    'slot', a.slot,
                    'appointment_status', a.appointment_status,
                    'slots_time', s.slots_time,
                    'price', COALESCE(s.&quot;Price&quot;, '')::text,  -- Use &quot;Price&quot; with quotes for case-sensitivity
                    'branch_name', b.branch_name,
                    'consultant_name', r.name,
                    'section_name', sec.section_name,
                    'full_name', a.full_name,
                    'mobile_no', a.mobile_no,
                    'email_id', a.email_id,
                    'locations', a.locations,
                    'startdate', a.startdate,
                    'dates', a.dates,  -- Include 'dates' column
                    'created_at', a.created_at
                )
            )
    )
                         FROM tbl_appointment a
    LEFT JOIN tbl_slots s ON CAST(a.slot AS INTEGER) = s.id
    LEFT JOIN tbl_register r ON a.consultant = r.id
    LEFT JOIN tbl_branch b ON a.branch = b.id
    LEFT JOIN tbl_section sec ON a.section = sec.id
    WHERE a.is_deleted = 'N'
    AND a.appointment_status = 'PE'  -- Only pending appointments
    AND a.dates &lt;= CURRENT_DATE
CONTEXT:  PL/pgSQL function get_pending_appointments() line 4 at SQL statement in C:\xampp\htdocs\salonClinic\system\Database\Postgre\Connection.php:193
Stack trace:
#0 [internal function]: CodeIgniter\Debug\Exceptions->errorHandler(2, 'pg_query(): Que...', 'C:\\xampp\\htdocs...', 193)
#1 C:\xampp\htdocs\salonClinic\system\Database\Postgre\Connection.php(193): pg_query(Object(PgSql\Connection), 'CALL get_pendin...')
#2 C:\xampp\htdocs\salonClinic\system\Database\BaseConnection.php(722): CodeIgniter\Database\Postgre\Connection->execute('CALL get_pendin...')
#3 C:\xampp\htdocs\salonClinic\system\Database\BaseConnection.php(636): CodeIgniter\Database\BaseConnection->simpleQuery('CALL get_pendin...')
#4 C:\xampp\htdocs\salonClinic\app\Controllers\Home.php(1719): CodeIgniter\Database\BaseConnection->query('CALL get_pendin...', Array)
#5 C:\xampp\htdocs\salonClinic\system\CodeIgniter.php(933): App\Controllers\Home->getPendingAppointments()
#6 C:\xampp\htdocs\salonClinic\system\CodeIgniter.php(509): CodeIgniter\CodeIgniter->runController(Object(App\Controllers\Home))
#7 C:\xampp\htdocs\salonClinic\system\CodeIgniter.php(355): CodeIgniter\CodeIgniter->handleRequest(NULL, Object(Config\Cache), false)
#8 C:\xampp\htdocs\salonClinic\system\Boot.php(312): CodeIgniter\CodeIgniter->run()
#9 C:\xampp\htdocs\salonClinic\system\Boot.php(67): CodeIgniter\Boot::runCodeIgniter(Object(CodeIgniter\CodeIgniter))
#10 C:\xampp\htdocs\salonClinic\index.php(56): CodeIgniter\Boot::bootWeb(Object(Config\Paths))
#11 {main}
CRITICAL - 2025-03-26 09:59:39 --> CodeIgniter\Database\Exceptions\DatabaseException: pg_query(): Query failed: ERROR:  column s.Price does not exist
LINE 13:                     'price', COALESCE(s.&quot;Price&quot;, '')::text, ...
                                               ^
HINT:  Perhaps you meant to reference the column &quot;s.price&quot;.
QUERY:  SELECT jsonb_build_object(
            'status', 200,
            'message', 'Pending appointments retrieved successfully',
            'data', jsonb_agg(
                jsonb_build_object(
                    'id', a.id,
                    'branch', a.branch,
                    'consultant', a.consultant,
                    'section', a.section,
                    'slot', a.slot,
                    'appointment_status', a.appointment_status,
                    'slots_time', s.slots_time,
                    'price', COALESCE(s.&quot;Price&quot;, '')::text,  -- Use &quot;Price&quot; with quotes for case-sensitivity
                    'branch_name', b.branch_name,
                    'consultant_name', r.name,
                    'section_name', sec.section_name,
                    'full_name', a.full_name,
                    'mobile_no', a.mobile_no,
                    'email_id', a.email_id,
                    'locations', a.locations,
                    'startdate', a.startdate,
                    'dates', a.dates,  -- Include 'dates' column
                    'created_at', a.created_at
                )
            )
    )
                         FROM tbl_appointment a
    LEFT JOIN tbl_slots s ON CAST(a.slot AS INTEGER) = s.id
    LEFT JOIN tbl_register r ON a.consultant = r.id
    LEFT JOIN tbl_branch b ON a.branch = b.id
    LEFT JOIN tbl_section sec ON a.section = sec.id
    WHERE a.is_deleted = 'N'
    AND a.appointment_status = 'PE'  -- Only pending appointments
    AND a.dates &lt;= CURRENT_DATE
CONTEXT:  PL/pgSQL function get_pending_appointments() line 4 at SQL statement
[Method: GET, Route: get_pending_appointments]
in SYSTEMPATH\Database\BaseConnection.php on line 676.
 1 APPPATH\Controllers\Home.php(1719): CodeIgniter\Database\BaseConnection->query('CALL get_pending_appointments(?)', [...])
 2 SYSTEMPATH\CodeIgniter.php(933): App\Controllers\Home->getPendingAppointments()
 3 SYSTEMPATH\CodeIgniter.php(509): CodeIgniter\CodeIgniter->runController(Object(App\Controllers\Home))
 4 SYSTEMPATH\CodeIgniter.php(355): CodeIgniter\CodeIgniter->handleRequest(null, Object(Config\Cache), false)
 5 SYSTEMPATH\Boot.php(312): CodeIgniter\CodeIgniter->run()
 6 SYSTEMPATH\Boot.php(67): CodeIgniter\Boot::runCodeIgniter(Object(CodeIgniter\CodeIgniter))
 7 FCPATH\index.php(56): CodeIgniter\Boot::bootWeb(Object(Config\Paths))
CRITICAL - 2025-03-26 09:59:39 --> [Caused by] CodeIgniter\Database\Exceptions\DatabaseException: pg_query(): Query failed: ERROR:  column s.Price does not exist
LINE 13:                     'price', COALESCE(s.&quot;Price&quot;, '')::text, ...
                                               ^
HINT:  Perhaps you meant to reference the column &quot;s.price&quot;.
QUERY:  SELECT jsonb_build_object(
            'status', 200,
            'message', 'Pending appointments retrieved successfully',
            'data', jsonb_agg(
                jsonb_build_object(
                    'id', a.id,
                    'branch', a.branch,
                    'consultant', a.consultant,
                    'section', a.section,
                    'slot', a.slot,
                    'appointment_status', a.appointment_status,
                    'slots_time', s.slots_time,
                    'price', COALESCE(s.&quot;Price&quot;, '')::text,  -- Use &quot;Price&quot; with quotes for case-sensitivity
                    'branch_name', b.branch_name,
                    'consultant_name', r.name,
                    'section_name', sec.section_name,
                    'full_name', a.full_name,
                    'mobile_no', a.mobile_no,
                    'email_id', a.email_id,
                    'locations', a.locations,
                    'startdate', a.startdate,
                    'dates', a.dates,  -- Include 'dates' column
                    'created_at', a.created_at
                )
            )
    )
                         FROM tbl_appointment a
    LEFT JOIN tbl_slots s ON CAST(a.slot AS INTEGER) = s.id
    LEFT JOIN tbl_register r ON a.consultant = r.id
    LEFT JOIN tbl_branch b ON a.branch = b.id
    LEFT JOIN tbl_section sec ON a.section = sec.id
    WHERE a.is_deleted = 'N'
    AND a.appointment_status = 'PE'  -- Only pending appointments
    AND a.dates &lt;= CURRENT_DATE
CONTEXT:  PL/pgSQL function get_pending_appointments() line 4 at SQL statement
in SYSTEMPATH\Database\Postgre\Connection.php on line 198.
 1 SYSTEMPATH\Database\BaseConnection.php(722): CodeIgniter\Database\Postgre\Connection->execute('CALL get_pending_appointments(NULL)')
 2 SYSTEMPATH\Database\BaseConnection.php(636): CodeIgniter\Database\BaseConnection->simpleQuery('CALL get_pending_appointments(NULL)')
 3 APPPATH\Controllers\Home.php(1719): CodeIgniter\Database\BaseConnection->query('CALL get_pending_appointments(?)', [...])
 4 SYSTEMPATH\CodeIgniter.php(933): App\Controllers\Home->getPendingAppointments()
 5 SYSTEMPATH\CodeIgniter.php(509): CodeIgniter\CodeIgniter->runController(Object(App\Controllers\Home))
 6 SYSTEMPATH\CodeIgniter.php(355): CodeIgniter\CodeIgniter->handleRequest(null, Object(Config\Cache), false)
 7 SYSTEMPATH\Boot.php(312): CodeIgniter\CodeIgniter->run()
 8 SYSTEMPATH\Boot.php(67): CodeIgniter\Boot::runCodeIgniter(Object(CodeIgniter\CodeIgniter))
 9 FCPATH\index.php(56): CodeIgniter\Boot::bootWeb(Object(Config\Paths))
CRITICAL - 2025-03-26 09:59:39 --> [Caused by] ErrorException: pg_query(): Query failed: ERROR:  column s.Price does not exist
LINE 13:                     'price', COALESCE(s.&quot;Price&quot;, '')::text, ...
                                               ^
HINT:  Perhaps you meant to reference the column &quot;s.price&quot;.
QUERY:  SELECT jsonb_build_object(
            'status', 200,
            'message', 'Pending appointments retrieved successfully',
            'data', jsonb_agg(
                jsonb_build_object(
                    'id', a.id,
                    'branch', a.branch,
                    'consultant', a.consultant,
                    'section', a.section,
                    'slot', a.slot,
                    'appointment_status', a.appointment_status,
                    'slots_time', s.slots_time,
                    'price', COALESCE(s.&quot;Price&quot;, '')::text,  -- Use &quot;Price&quot; with quotes for case-sensitivity
                    'branch_name', b.branch_name,
                    'consultant_name', r.name,
                    'section_name', sec.section_name,
                    'full_name', a.full_name,
                    'mobile_no', a.mobile_no,
                    'email_id', a.email_id,
                    'locations', a.locations,
                    'startdate', a.startdate,
                    'dates', a.dates,  -- Include 'dates' column
                    'created_at', a.created_at
                )
            )
    )
                         FROM tbl_appointment a
    LEFT JOIN tbl_slots s ON CAST(a.slot AS INTEGER) = s.id
    LEFT JOIN tbl_register r ON a.consultant = r.id
    LEFT JOIN tbl_branch b ON a.branch = b.id
    LEFT JOIN tbl_section sec ON a.section = sec.id
    WHERE a.is_deleted = 'N'
    AND a.appointment_status = 'PE'  -- Only pending appointments
    AND a.dates &lt;= CURRENT_DATE
CONTEXT:  PL/pgSQL function get_pending_appointments() line 4 at SQL statement
in SYSTEMPATH\Database\Postgre\Connection.php on line 193.
 1 [internal function]: CodeIgniter\Debug\Exceptions->errorHandler(2, 'pg_query(): Query failed: ERROR:  column s.Price does not exist
LINE 13:                     \'price\', COALESCE(s.&quot;Price&quot;, \'\')::text, ...
                                               ^
HINT:  Perhaps you meant to reference the column &quot;s.price&quot;.
QUERY:  SELECT jsonb_build_object(
            \'status\', 200,
            \'message\', \'Pending appointments retrieved successfully\',
            \'data\', jsonb_agg(
                jsonb_build_object(
                    \'id\', a.id,
                    \'branch\', a.branch,
                    \'consultant\', a.consultant,
                    \'section\', a.section,
                    \'slot\', a.slot,
                    \'appointment_status\', a.appointment_status,
                    \'slots_time\', s.slots_time,
                    \'price\', COALESCE(s.&quot;Price&quot;, \'\')::text,  -- Use &quot;Price&quot; with quotes for case-sensitivity
                    \'branch_name\', b.branch_name,
                    \'consultant_name\', r.name,
                    \'section_name\', sec.section_name,
                    \'full_name\', a.full_name,
                    \'mobile_no\', a.mobile_no,
                    \'email_id\', a.email_id,
                    \'locations\', a.locations,
                    \'startdate\', a.startdate,
                    \'dates\', a.dates,  -- Include \'dates\' column
                    \'created_at\', a.created_at
                )
            )
    )
                         FROM tbl_appointment a
    LEFT JOIN tbl_slots s ON CAST(a.slot AS INTEGER) = s.id
    LEFT JOIN tbl_register r ON a.consultant = r.id
    LEFT JOIN tbl_branch b ON a.branch = b.id
    LEFT JOIN tbl_section sec ON a.section = sec.id
    WHERE a.is_deleted = \'N\'
    AND a.appointment_status = \'PE\'  -- Only pending appointments
    AND a.dates &lt;= CURRENT_DATE
CONTEXT:  PL/pgSQL function get_pending_appointments() line 4 at SQL statement', 'C:\\xampp\\htdocs\\salonClinic\\system\\Database\\Postgre\\Connection.php', 193)
 2 SYSTEMPATH\Database\Postgre\Connection.php(193): pg_query(Object(PgSql\Connection), 'CALL get_pending_appointments(NULL)')
 3 SYSTEMPATH\Database\BaseConnection.php(722): CodeIgniter\Database\Postgre\Connection->execute('CALL get_pending_appointments(NULL)')
 4 SYSTEMPATH\Database\BaseConnection.php(636): CodeIgniter\Database\BaseConnection->simpleQuery('CALL get_pending_appointments(NULL)')
 5 APPPATH\Controllers\Home.php(1719): CodeIgniter\Database\BaseConnection->query('CALL get_pending_appointments(?)', [...])
 6 SYSTEMPATH\CodeIgniter.php(933): App\Controllers\Home->getPendingAppointments()
 7 SYSTEMPATH\CodeIgniter.php(509): CodeIgniter\CodeIgniter->runController(Object(App\Controllers\Home))
 8 SYSTEMPATH\CodeIgniter.php(355): CodeIgniter\CodeIgniter->handleRequest(null, Object(Config\Cache), false)
 9 SYSTEMPATH\Boot.php(312): CodeIgniter\CodeIgniter->run()
10 SYSTEMPATH\Boot.php(67): CodeIgniter\Boot::runCodeIgniter(Object(CodeIgniter\CodeIgniter))
11 FCPATH\index.php(56): CodeIgniter\Boot::bootWeb(Object(Config\Paths))
ERROR - 2025-03-26 10:00:43 --> ErrorException: pg_query(): Query failed: ERROR:  Record creation failed: syntax error at or near &quot;[&quot;
CONTEXT:  PL/pgSQL function dynamic_insert(text,jsonb) line 38 at RAISE in C:\xampp\htdocs\salonClinic\system\Database\Postgre\Connection.php:193
Stack trace:
#0 [internal function]: CodeIgniter\Debug\Exceptions->errorHandler(2, 'pg_query(): Que...', 'C:\\xampp\\htdocs...', 193)
#1 C:\xampp\htdocs\salonClinic\system\Database\Postgre\Connection.php(193): pg_query(Object(PgSql\Connection), 'CALL dynamic_in...')
#2 C:\xampp\htdocs\salonClinic\system\Database\BaseConnection.php(722): CodeIgniter\Database\Postgre\Connection->execute('CALL dynamic_in...')
#3 C:\xampp\htdocs\salonClinic\system\Database\BaseConnection.php(636): CodeIgniter\Database\BaseConnection->simpleQuery('CALL dynamic_in...')
#4 C:\xampp\htdocs\salonClinic\app\Controllers\Home.php(368): CodeIgniter\Database\BaseConnection->query('CALL dynamic_in...', Array)
#5 C:\xampp\htdocs\salonClinic\system\CodeIgniter.php(933): App\Controllers\Home->create('tbl_register')
#6 C:\xampp\htdocs\salonClinic\system\CodeIgniter.php(509): CodeIgniter\CodeIgniter->runController(Object(App\Controllers\Home))
#7 C:\xampp\htdocs\salonClinic\system\CodeIgniter.php(355): CodeIgniter\CodeIgniter->handleRequest(NULL, Object(Config\Cache), false)
#8 C:\xampp\htdocs\salonClinic\system\Boot.php(312): CodeIgniter\CodeIgniter->run()
#9 C:\xampp\htdocs\salonClinic\system\Boot.php(67): CodeIgniter\Boot::runCodeIgniter(Object(CodeIgniter\CodeIgniter))
#10 C:\xampp\htdocs\salonClinic\index.php(56): CodeIgniter\Boot::bootWeb(Object(Config\Paths))
#11 {main}
CRITICAL - 2025-03-26 10:00:43 --> CodeIgniter\Database\Exceptions\DatabaseException: pg_query(): Query failed: ERROR:  Record creation failed: syntax error at or near &quot;[&quot;
CONTEXT:  PL/pgSQL function dynamic_insert(text,jsonb) line 38 at RAISE
[Method: POST, Route: create/tbl_register]
in SYSTEMPATH\Database\BaseConnection.php on line 676.
 1 APPPATH\Controllers\Home.php(368): CodeIgniter\Database\BaseConnection->query('CALL dynamic_insert(?, ?::jsonb)', [...])
 2 SYSTEMPATH\CodeIgniter.php(933): App\Controllers\Home->create('tbl_register')
 3 SYSTEMPATH\CodeIgniter.php(509): CodeIgniter\CodeIgniter->runController(Object(App\Controllers\Home))
 4 SYSTEMPATH\CodeIgniter.php(355): CodeIgniter\CodeIgniter->handleRequest(null, Object(Config\Cache), false)
 5 SYSTEMPATH\Boot.php(312): CodeIgniter\CodeIgniter->run()
 6 SYSTEMPATH\Boot.php(67): CodeIgniter\Boot::runCodeIgniter(Object(CodeIgniter\CodeIgniter))
 7 FCPATH\index.php(56): CodeIgniter\Boot::bootWeb(Object(Config\Paths))
CRITICAL - 2025-03-26 10:00:43 --> [Caused by] CodeIgniter\Database\Exceptions\DatabaseException: pg_query(): Query failed: ERROR:  Record creation failed: syntax error at or near &quot;[&quot;
CONTEXT:  PL/pgSQL function dynamic_insert(text,jsonb) line 38 at RAISE
in SYSTEMPATH\Database\Postgre\Connection.php on line 198.
 1 SYSTEMPATH\Database\BaseConnection.php(722): CodeIgniter\Database\Postgre\Connection->execute('CALL dynamic_insert(\'tbl_register\',  E\'{"name":"reema K","salon_name":"test","mobile":"1212121212","password":"$2y$10$bSbqVotCQSeVyNqB.HOhEuyu.5I2\\\\/I1nyCiAygi0aucBNmolnOJ6G","access_levels":[4,5,7,9,10,11,12,13,14,15,1]}\'::jsonb)')
 2 SYSTEMPATH\Database\BaseConnection.php(636): CodeIgniter\Database\BaseConnection->simpleQuery('CALL dynamic_insert(\'tbl_register\',  E\'{"name":"reema K","salon_name":"test","mobile":"1212121212","password":"$2y$10$bSbqVotCQSeVyNqB.HOhEuyu.5I2\\\\/I1nyCiAygi0aucBNmolnOJ6G","access_levels":[4,5,7,9,10,11,12,13,14,15,1]}\'::jsonb)')
 3 APPPATH\Controllers\Home.php(368): CodeIgniter\Database\BaseConnection->query('CALL dynamic_insert(?, ?::jsonb)', [...])
 4 SYSTEMPATH\CodeIgniter.php(933): App\Controllers\Home->create('tbl_register')
 5 SYSTEMPATH\CodeIgniter.php(509): CodeIgniter\CodeIgniter->runController(Object(App\Controllers\Home))
 6 SYSTEMPATH\CodeIgniter.php(355): CodeIgniter\CodeIgniter->handleRequest(null, Object(Config\Cache), false)
 7 SYSTEMPATH\Boot.php(312): CodeIgniter\CodeIgniter->run()
 8 SYSTEMPATH\Boot.php(67): CodeIgniter\Boot::runCodeIgniter(Object(CodeIgniter\CodeIgniter))
 9 FCPATH\index.php(56): CodeIgniter\Boot::bootWeb(Object(Config\Paths))
CRITICAL - 2025-03-26 10:00:43 --> [Caused by] ErrorException: pg_query(): Query failed: ERROR:  Record creation failed: syntax error at or near &quot;[&quot;
CONTEXT:  PL/pgSQL function dynamic_insert(text,jsonb) line 38 at RAISE
in SYSTEMPATH\Database\Postgre\Connection.php on line 193.
 1 [internal function]: CodeIgniter\Debug\Exceptions->errorHandler(2, 'pg_query(): Query failed: ERROR:  Record creation failed: syntax error at or near &quot;[&quot;
CONTEXT:  PL/pgSQL function dynamic_insert(text,jsonb) line 38 at RAISE', 'C:\\xampp\\htdocs\\salonClinic\\system\\Database\\Postgre\\Connection.php', 193)
 2 SYSTEMPATH\Database\Postgre\Connection.php(193): pg_query(Object(PgSql\Connection), 'CALL dynamic_insert(\'tbl_register\',  E\'{"name":"reema K","salon_name":"test","mobile":"1212121212","password":"$2y$10$bSbqVotCQSeVyNqB.HOhEuyu.5I2\\\\/I1nyCiAygi0aucBNmolnOJ6G","access_levels":[4,5,7,9,10,11,12,13,14,15,1]}\'::jsonb)')
 3 SYSTEMPATH\Database\BaseConnection.php(722): CodeIgniter\Database\Postgre\Connection->execute('CALL dynamic_insert(\'tbl_register\',  E\'{"name":"reema K","salon_name":"test","mobile":"1212121212","password":"$2y$10$bSbqVotCQSeVyNqB.HOhEuyu.5I2\\\\/I1nyCiAygi0aucBNmolnOJ6G","access_levels":[4,5,7,9,10,11,12,13,14,15,1]}\'::jsonb)')
 4 SYSTEMPATH\Database\BaseConnection.php(636): CodeIgniter\Database\BaseConnection->simpleQuery('CALL dynamic_insert(\'tbl_register\',  E\'{"name":"reema K","salon_name":"test","mobile":"1212121212","password":"$2y$10$bSbqVotCQSeVyNqB.HOhEuyu.5I2\\\\/I1nyCiAygi0aucBNmolnOJ6G","access_levels":[4,5,7,9,10,11,12,13,14,15,1]}\'::jsonb)')
 5 APPPATH\Controllers\Home.php(368): CodeIgniter\Database\BaseConnection->query('CALL dynamic_insert(?, ?::jsonb)', [...])
 6 SYSTEMPATH\CodeIgniter.php(933): App\Controllers\Home->create('tbl_register')
 7 SYSTEMPATH\CodeIgniter.php(509): CodeIgniter\CodeIgniter->runController(Object(App\Controllers\Home))
 8 SYSTEMPATH\CodeIgniter.php(355): CodeIgniter\CodeIgniter->handleRequest(null, Object(Config\Cache), false)
 9 SYSTEMPATH\Boot.php(312): CodeIgniter\CodeIgniter->run()
10 SYSTEMPATH\Boot.php(67): CodeIgniter\Boot::runCodeIgniter(Object(CodeIgniter\CodeIgniter))
11 FCPATH\index.php(56): CodeIgniter\Boot::bootWeb(Object(Config\Paths))
ERROR - 2025-03-26 10:01:11 --> ErrorException: pg_query(): Query failed: ERROR:  Record creation failed: syntax error at or near &quot;[&quot;
CONTEXT:  PL/pgSQL function dynamic_insert(text,jsonb) line 38 at RAISE in C:\xampp\htdocs\salonClinic\system\Database\Postgre\Connection.php:193
Stack trace:
#0 [internal function]: CodeIgniter\Debug\Exceptions->errorHandler(2, 'pg_query(): Que...', 'C:\\xampp\\htdocs...', 193)
#1 C:\xampp\htdocs\salonClinic\system\Database\Postgre\Connection.php(193): pg_query(Object(PgSql\Connection), 'CALL dynamic_in...')
#2 C:\xampp\htdocs\salonClinic\system\Database\BaseConnection.php(722): CodeIgniter\Database\Postgre\Connection->execute('CALL dynamic_in...')
#3 C:\xampp\htdocs\salonClinic\system\Database\BaseConnection.php(636): CodeIgniter\Database\BaseConnection->simpleQuery('CALL dynamic_in...')
#4 C:\xampp\htdocs\salonClinic\app\Controllers\Home.php(368): CodeIgniter\Database\BaseConnection->query('CALL dynamic_in...', Array)
#5 C:\xampp\htdocs\salonClinic\system\CodeIgniter.php(933): App\Controllers\Home->create('tbl_register')
#6 C:\xampp\htdocs\salonClinic\system\CodeIgniter.php(509): CodeIgniter\CodeIgniter->runController(Object(App\Controllers\Home))
#7 C:\xampp\htdocs\salonClinic\system\CodeIgniter.php(355): CodeIgniter\CodeIgniter->handleRequest(NULL, Object(Config\Cache), false)
#8 C:\xampp\htdocs\salonClinic\system\Boot.php(312): CodeIgniter\CodeIgniter->run()
#9 C:\xampp\htdocs\salonClinic\system\Boot.php(67): CodeIgniter\Boot::runCodeIgniter(Object(CodeIgniter\CodeIgniter))
#10 C:\xampp\htdocs\salonClinic\index.php(56): CodeIgniter\Boot::bootWeb(Object(Config\Paths))
#11 {main}
CRITICAL - 2025-03-26 10:01:11 --> CodeIgniter\Database\Exceptions\DatabaseException: pg_query(): Query failed: ERROR:  Record creation failed: syntax error at or near &quot;[&quot;
CONTEXT:  PL/pgSQL function dynamic_insert(text,jsonb) line 38 at RAISE
[Method: POST, Route: create/tbl_register]
in SYSTEMPATH\Database\BaseConnection.php on line 676.
 1 APPPATH\Controllers\Home.php(368): CodeIgniter\Database\BaseConnection->query('CALL dynamic_insert(?, ?::jsonb)', [...])
 2 SYSTEMPATH\CodeIgniter.php(933): App\Controllers\Home->create('tbl_register')
 3 SYSTEMPATH\CodeIgniter.php(509): CodeIgniter\CodeIgniter->runController(Object(App\Controllers\Home))
 4 SYSTEMPATH\CodeIgniter.php(355): CodeIgniter\CodeIgniter->handleRequest(null, Object(Config\Cache), false)
 5 SYSTEMPATH\Boot.php(312): CodeIgniter\CodeIgniter->run()
 6 SYSTEMPATH\Boot.php(67): CodeIgniter\Boot::runCodeIgniter(Object(CodeIgniter\CodeIgniter))
 7 FCPATH\index.php(56): CodeIgniter\Boot::bootWeb(Object(Config\Paths))
CRITICAL - 2025-03-26 10:01:11 --> [Caused by] CodeIgniter\Database\Exceptions\DatabaseException: pg_query(): Query failed: ERROR:  Record creation failed: syntax error at or near &quot;[&quot;
CONTEXT:  PL/pgSQL function dynamic_insert(text,jsonb) line 38 at RAISE
in SYSTEMPATH\Database\Postgre\Connection.php on line 198.
 1 SYSTEMPATH\Database\BaseConnection.php(722): CodeIgniter\Database\Postgre\Connection->execute('CALL dynamic_insert(\'tbl_register\',  E\'{"name":"reema K","salon_name":"test","mobile":"1212121212","password":"$2y$10$hojpeRZ.nwoCdlGJ\\\\/tehE.JnWU75JXro\\\\/KU01fgaH5St7h6OaJW\\\\/O","access_levels":[4,5,7,9,10,11,12,13,14,15,1]}\'::jsonb)')
 2 SYSTEMPATH\Database\BaseConnection.php(636): CodeIgniter\Database\BaseConnection->simpleQuery('CALL dynamic_insert(\'tbl_register\',  E\'{"name":"reema K","salon_name":"test","mobile":"1212121212","password":"$2y$10$hojpeRZ.nwoCdlGJ\\\\/tehE.JnWU75JXro\\\\/KU01fgaH5St7h6OaJW\\\\/O","access_levels":[4,5,7,9,10,11,12,13,14,15,1]}\'::jsonb)')
 3 APPPATH\Controllers\Home.php(368): CodeIgniter\Database\BaseConnection->query('CALL dynamic_insert(?, ?::jsonb)', [...])
 4 SYSTEMPATH\CodeIgniter.php(933): App\Controllers\Home->create('tbl_register')
 5 SYSTEMPATH\CodeIgniter.php(509): CodeIgniter\CodeIgniter->runController(Object(App\Controllers\Home))
 6 SYSTEMPATH\CodeIgniter.php(355): CodeIgniter\CodeIgniter->handleRequest(null, Object(Config\Cache), false)
 7 SYSTEMPATH\Boot.php(312): CodeIgniter\CodeIgniter->run()
 8 SYSTEMPATH\Boot.php(67): CodeIgniter\Boot::runCodeIgniter(Object(CodeIgniter\CodeIgniter))
 9 FCPATH\index.php(56): CodeIgniter\Boot::bootWeb(Object(Config\Paths))
CRITICAL - 2025-03-26 10:01:11 --> [Caused by] ErrorException: pg_query(): Query failed: ERROR:  Record creation failed: syntax error at or near &quot;[&quot;
CONTEXT:  PL/pgSQL function dynamic_insert(text,jsonb) line 38 at RAISE
in SYSTEMPATH\Database\Postgre\Connection.php on line 193.
 1 [internal function]: CodeIgniter\Debug\Exceptions->errorHandler(2, 'pg_query(): Query failed: ERROR:  Record creation failed: syntax error at or near &quot;[&quot;
CONTEXT:  PL/pgSQL function dynamic_insert(text,jsonb) line 38 at RAISE', 'C:\\xampp\\htdocs\\salonClinic\\system\\Database\\Postgre\\Connection.php', 193)
 2 SYSTEMPATH\Database\Postgre\Connection.php(193): pg_query(Object(PgSql\Connection), 'CALL dynamic_insert(\'tbl_register\',  E\'{"name":"reema K","salon_name":"test","mobile":"1212121212","password":"$2y$10$hojpeRZ.nwoCdlGJ\\\\/tehE.JnWU75JXro\\\\/KU01fgaH5St7h6OaJW\\\\/O","access_levels":[4,5,7,9,10,11,12,13,14,15,1]}\'::jsonb)')
 3 SYSTEMPATH\Database\BaseConnection.php(722): CodeIgniter\Database\Postgre\Connection->execute('CALL dynamic_insert(\'tbl_register\',  E\'{"name":"reema K","salon_name":"test","mobile":"1212121212","password":"$2y$10$hojpeRZ.nwoCdlGJ\\\\/tehE.JnWU75JXro\\\\/KU01fgaH5St7h6OaJW\\\\/O","access_levels":[4,5,7,9,10,11,12,13,14,15,1]}\'::jsonb)')
 4 SYSTEMPATH\Database\BaseConnection.php(636): CodeIgniter\Database\BaseConnection->simpleQuery('CALL dynamic_insert(\'tbl_register\',  E\'{"name":"reema K","salon_name":"test","mobile":"1212121212","password":"$2y$10$hojpeRZ.nwoCdlGJ\\\\/tehE.JnWU75JXro\\\\/KU01fgaH5St7h6OaJW\\\\/O","access_levels":[4,5,7,9,10,11,12,13,14,15,1]}\'::jsonb)')
 5 APPPATH\Controllers\Home.php(368): CodeIgniter\Database\BaseConnection->query('CALL dynamic_insert(?, ?::jsonb)', [...])
 6 SYSTEMPATH\CodeIgniter.php(933): App\Controllers\Home->create('tbl_register')
 7 SYSTEMPATH\CodeIgniter.php(509): CodeIgniter\CodeIgniter->runController(Object(App\Controllers\Home))
 8 SYSTEMPATH\CodeIgniter.php(355): CodeIgniter\CodeIgniter->handleRequest(null, Object(Config\Cache), false)
 9 SYSTEMPATH\Boot.php(312): CodeIgniter\CodeIgniter->run()
10 SYSTEMPATH\Boot.php(67): CodeIgniter\Boot::runCodeIgniter(Object(CodeIgniter\CodeIgniter))
11 FCPATH\index.php(56): CodeIgniter\Boot::bootWeb(Object(Config\Paths))
ERROR - 2025-03-26 10:11:45 --> ErrorException: pg_query(): Query failed: ERROR:  Record creation failed: syntax error at or near &quot;[&quot;
CONTEXT:  PL/pgSQL function dynamic_insert(text,jsonb) line 38 at RAISE in C:\xampp\htdocs\salonClinic\system\Database\Postgre\Connection.php:193
Stack trace:
#0 [internal function]: CodeIgniter\Debug\Exceptions->errorHandler(2, 'pg_query(): Que...', 'C:\\xampp\\htdocs...', 193)
#1 C:\xampp\htdocs\salonClinic\system\Database\Postgre\Connection.php(193): pg_query(Object(PgSql\Connection), 'CALL dynamic_in...')
#2 C:\xampp\htdocs\salonClinic\system\Database\BaseConnection.php(722): CodeIgniter\Database\Postgre\Connection->execute('CALL dynamic_in...')
#3 C:\xampp\htdocs\salonClinic\system\Database\BaseConnection.php(636): CodeIgniter\Database\BaseConnection->simpleQuery('CALL dynamic_in...')
#4 C:\xampp\htdocs\salonClinic\app\Controllers\Home.php(367): CodeIgniter\Database\BaseConnection->query('CALL dynamic_in...', Array)
#5 C:\xampp\htdocs\salonClinic\system\CodeIgniter.php(933): App\Controllers\Home->create('tbl_register')
#6 C:\xampp\htdocs\salonClinic\system\CodeIgniter.php(509): CodeIgniter\CodeIgniter->runController(Object(App\Controllers\Home))
#7 C:\xampp\htdocs\salonClinic\system\CodeIgniter.php(355): CodeIgniter\CodeIgniter->handleRequest(NULL, Object(Config\Cache), false)
#8 C:\xampp\htdocs\salonClinic\system\Boot.php(312): CodeIgniter\CodeIgniter->run()
#9 C:\xampp\htdocs\salonClinic\system\Boot.php(67): CodeIgniter\Boot::runCodeIgniter(Object(CodeIgniter\CodeIgniter))
#10 C:\xampp\htdocs\salonClinic\index.php(56): CodeIgniter\Boot::bootWeb(Object(Config\Paths))
#11 {main}
CRITICAL - 2025-03-26 10:11:45 --> CodeIgniter\Database\Exceptions\DatabaseException: pg_query(): Query failed: ERROR:  Record creation failed: syntax error at or near &quot;[&quot;
CONTEXT:  PL/pgSQL function dynamic_insert(text,jsonb) line 38 at RAISE
[Method: POST, Route: create/tbl_register]
in SYSTEMPATH\Database\BaseConnection.php on line 676.
 1 APPPATH\Controllers\Home.php(367): CodeIgniter\Database\BaseConnection->query('CALL dynamic_insert(?, ?::jsonb)', [...])
 2 SYSTEMPATH\CodeIgniter.php(933): App\Controllers\Home->create('tbl_register')
 3 SYSTEMPATH\CodeIgniter.php(509): CodeIgniter\CodeIgniter->runController(Object(App\Controllers\Home))
 4 SYSTEMPATH\CodeIgniter.php(355): CodeIgniter\CodeIgniter->handleRequest(null, Object(Config\Cache), false)
 5 SYSTEMPATH\Boot.php(312): CodeIgniter\CodeIgniter->run()
 6 SYSTEMPATH\Boot.php(67): CodeIgniter\Boot::runCodeIgniter(Object(CodeIgniter\CodeIgniter))
 7 FCPATH\index.php(56): CodeIgniter\Boot::bootWeb(Object(Config\Paths))
CRITICAL - 2025-03-26 10:11:45 --> [Caused by] CodeIgniter\Database\Exceptions\DatabaseException: pg_query(): Query failed: ERROR:  Record creation failed: syntax error at or near &quot;[&quot;
CONTEXT:  PL/pgSQL function dynamic_insert(text,jsonb) line 38 at RAISE
in SYSTEMPATH\Database\Postgre\Connection.php on line 198.
 1 SYSTEMPATH\Database\BaseConnection.php(722): CodeIgniter\Database\Postgre\Connection->execute('CALL dynamic_insert(\'tbl_register\',  E\'{"name":"reema K","salon_name":"test","mobile":"1212121212","password":"$2y$10$XMKR5\\\\/tPLIolqAeDGFGtVOB1jELa40BmWqP\\\\/4R3N9iK6HsBStkZiC","access_levels":[4,5,7,9,10,11,12,13,14,15,1]}\'::jsonb)')
 2 SYSTEMPATH\Database\BaseConnection.php(636): CodeIgniter\Database\BaseConnection->simpleQuery('CALL dynamic_insert(\'tbl_register\',  E\'{"name":"reema K","salon_name":"test","mobile":"1212121212","password":"$2y$10$XMKR5\\\\/tPLIolqAeDGFGtVOB1jELa40BmWqP\\\\/4R3N9iK6HsBStkZiC","access_levels":[4,5,7,9,10,11,12,13,14,15,1]}\'::jsonb)')
 3 APPPATH\Controllers\Home.php(367): CodeIgniter\Database\BaseConnection->query('CALL dynamic_insert(?, ?::jsonb)', [...])
 4 SYSTEMPATH\CodeIgniter.php(933): App\Controllers\Home->create('tbl_register')
 5 SYSTEMPATH\CodeIgniter.php(509): CodeIgniter\CodeIgniter->runController(Object(App\Controllers\Home))
 6 SYSTEMPATH\CodeIgniter.php(355): CodeIgniter\CodeIgniter->handleRequest(null, Object(Config\Cache), false)
 7 SYSTEMPATH\Boot.php(312): CodeIgniter\CodeIgniter->run()
 8 SYSTEMPATH\Boot.php(67): CodeIgniter\Boot::runCodeIgniter(Object(CodeIgniter\CodeIgniter))
 9 FCPATH\index.php(56): CodeIgniter\Boot::bootWeb(Object(Config\Paths))
CRITICAL - 2025-03-26 10:11:45 --> [Caused by] ErrorException: pg_query(): Query failed: ERROR:  Record creation failed: syntax error at or near &quot;[&quot;
CONTEXT:  PL/pgSQL function dynamic_insert(text,jsonb) line 38 at RAISE
in SYSTEMPATH\Database\Postgre\Connection.php on line 193.
 1 [internal function]: CodeIgniter\Debug\Exceptions->errorHandler(2, 'pg_query(): Query failed: ERROR:  Record creation failed: syntax error at or near &quot;[&quot;
CONTEXT:  PL/pgSQL function dynamic_insert(text,jsonb) line 38 at RAISE', 'C:\\xampp\\htdocs\\salonClinic\\system\\Database\\Postgre\\Connection.php', 193)
 2 SYSTEMPATH\Database\Postgre\Connection.php(193): pg_query(Object(PgSql\Connection), 'CALL dynamic_insert(\'tbl_register\',  E\'{"name":"reema K","salon_name":"test","mobile":"1212121212","password":"$2y$10$XMKR5\\\\/tPLIolqAeDGFGtVOB1jELa40BmWqP\\\\/4R3N9iK6HsBStkZiC","access_levels":[4,5,7,9,10,11,12,13,14,15,1]}\'::jsonb)')
 3 SYSTEMPATH\Database\BaseConnection.php(722): CodeIgniter\Database\Postgre\Connection->execute('CALL dynamic_insert(\'tbl_register\',  E\'{"name":"reema K","salon_name":"test","mobile":"1212121212","password":"$2y$10$XMKR5\\\\/tPLIolqAeDGFGtVOB1jELa40BmWqP\\\\/4R3N9iK6HsBStkZiC","access_levels":[4,5,7,9,10,11,12,13,14,15,1]}\'::jsonb)')
 4 SYSTEMPATH\Database\BaseConnection.php(636): CodeIgniter\Database\BaseConnection->simpleQuery('CALL dynamic_insert(\'tbl_register\',  E\'{"name":"reema K","salon_name":"test","mobile":"1212121212","password":"$2y$10$XMKR5\\\\/tPLIolqAeDGFGtVOB1jELa40BmWqP\\\\/4R3N9iK6HsBStkZiC","access_levels":[4,5,7,9,10,11,12,13,14,15,1]}\'::jsonb)')
 5 APPPATH\Controllers\Home.php(367): CodeIgniter\Database\BaseConnection->query('CALL dynamic_insert(?, ?::jsonb)', [...])
 6 SYSTEMPATH\CodeIgniter.php(933): App\Controllers\Home->create('tbl_register')
 7 SYSTEMPATH\CodeIgniter.php(509): CodeIgniter\CodeIgniter->runController(Object(App\Controllers\Home))
 8 SYSTEMPATH\CodeIgniter.php(355): CodeIgniter\CodeIgniter->handleRequest(null, Object(Config\Cache), false)
 9 SYSTEMPATH\Boot.php(312): CodeIgniter\CodeIgniter->run()
10 SYSTEMPATH\Boot.php(67): CodeIgniter\Boot::runCodeIgniter(Object(CodeIgniter\CodeIgniter))
11 FCPATH\index.php(56): CodeIgniter\Boot::bootWeb(Object(Config\Paths))
ERROR - 2025-03-26 10:18:40 --> ErrorException: pg_query(): Query failed: ERROR:  column s.Price does not exist
LINE 13:                     'price', COALESCE(s.&quot;Price&quot;, '')::text, ...
                                               ^
HINT:  Perhaps you meant to reference the column &quot;s.price&quot;.
QUERY:  SELECT jsonb_build_object(
            'status', 200,
            'message', 'Pending appointments retrieved successfully',
            'data', jsonb_agg(
                jsonb_build_object(
                    'id', a.id,
                    'branch', a.branch,
                    'consultant', a.consultant,
                    'section', a.section,
                    'slot', a.slot,
                    'appointment_status', a.appointment_status,
                    'slots_time', s.slots_time,
                    'price', COALESCE(s.&quot;Price&quot;, '')::text,  -- Use &quot;Price&quot; with quotes for case-sensitivity
                    'branch_name', b.branch_name,
                    'consultant_name', r.name,
                    'section_name', sec.section_name,
                    'full_name', a.full_name,
                    'mobile_no', a.mobile_no,
                    'email_id', a.email_id,
                    'locations', a.locations,
                    'startdate', a.startdate,
                    'dates', a.dates,  -- Include 'dates' column
                    'created_at', a.created_at
                )
            )
    )
                         FROM tbl_appointment a
    LEFT JOIN tbl_slots s ON CAST(a.slot AS INTEGER) = s.id
    LEFT JOIN tbl_register r ON a.consultant = r.id
    LEFT JOIN tbl_branch b ON a.branch = b.id
    LEFT JOIN tbl_section sec ON a.section = sec.id
    WHERE a.is_deleted = 'N'
    AND a.appointment_status = 'PE'  -- Only pending appointments
    AND a.dates &lt;= CURRENT_DATE
CONTEXT:  PL/pgSQL function get_pending_appointments() line 4 at SQL statement in C:\xampp\htdocs\salonClinic\system\Database\Postgre\Connection.php:193
Stack trace:
#0 [internal function]: CodeIgniter\Debug\Exceptions->errorHandler(2, 'pg_query(): Que...', 'C:\\xampp\\htdocs...', 193)
#1 C:\xampp\htdocs\salonClinic\system\Database\Postgre\Connection.php(193): pg_query(Object(PgSql\Connection), 'CALL get_pendin...')
#2 C:\xampp\htdocs\salonClinic\system\Database\BaseConnection.php(722): CodeIgniter\Database\Postgre\Connection->execute('CALL get_pendin...')
#3 C:\xampp\htdocs\salonClinic\system\Database\BaseConnection.php(636): CodeIgniter\Database\BaseConnection->simpleQuery('CALL get_pendin...')
#4 C:\xampp\htdocs\salonClinic\app\Controllers\Home.php(1719): CodeIgniter\Database\BaseConnection->query('CALL get_pendin...', Array)
#5 C:\xampp\htdocs\salonClinic\system\CodeIgniter.php(933): App\Controllers\Home->getPendingAppointments()
#6 C:\xampp\htdocs\salonClinic\system\CodeIgniter.php(509): CodeIgniter\CodeIgniter->runController(Object(App\Controllers\Home))
#7 C:\xampp\htdocs\salonClinic\system\CodeIgniter.php(355): CodeIgniter\CodeIgniter->handleRequest(NULL, Object(Config\Cache), false)
#8 C:\xampp\htdocs\salonClinic\system\Boot.php(312): CodeIgniter\CodeIgniter->run()
#9 C:\xampp\htdocs\salonClinic\system\Boot.php(67): CodeIgniter\Boot::runCodeIgniter(Object(CodeIgniter\CodeIgniter))
#10 C:\xampp\htdocs\salonClinic\index.php(56): CodeIgniter\Boot::bootWeb(Object(Config\Paths))
#11 {main}
CRITICAL - 2025-03-26 10:18:40 --> CodeIgniter\Database\Exceptions\DatabaseException: pg_query(): Query failed: ERROR:  column s.Price does not exist
LINE 13:                     'price', COALESCE(s.&quot;Price&quot;, '')::text, ...
                                               ^
HINT:  Perhaps you meant to reference the column &quot;s.price&quot;.
QUERY:  SELECT jsonb_build_object(
            'status', 200,
            'message', 'Pending appointments retrieved successfully',
            'data', jsonb_agg(
                jsonb_build_object(
                    'id', a.id,
                    'branch', a.branch,
                    'consultant', a.consultant,
                    'section', a.section,
                    'slot', a.slot,
                    'appointment_status', a.appointment_status,
                    'slots_time', s.slots_time,
                    'price', COALESCE(s.&quot;Price&quot;, '')::text,  -- Use &quot;Price&quot; with quotes for case-sensitivity
                    'branch_name', b.branch_name,
                    'consultant_name', r.name,
                    'section_name', sec.section_name,
                    'full_name', a.full_name,
                    'mobile_no', a.mobile_no,
                    'email_id', a.email_id,
                    'locations', a.locations,
                    'startdate', a.startdate,
                    'dates', a.dates,  -- Include 'dates' column
                    'created_at', a.created_at
                )
            )
    )
                         FROM tbl_appointment a
    LEFT JOIN tbl_slots s ON CAST(a.slot AS INTEGER) = s.id
    LEFT JOIN tbl_register r ON a.consultant = r.id
    LEFT JOIN tbl_branch b ON a.branch = b.id
    LEFT JOIN tbl_section sec ON a.section = sec.id
    WHERE a.is_deleted = 'N'
    AND a.appointment_status = 'PE'  -- Only pending appointments
    AND a.dates &lt;= CURRENT_DATE
CONTEXT:  PL/pgSQL function get_pending_appointments() line 4 at SQL statement
[Method: GET, Route: get_pending_appointments]
in SYSTEMPATH\Database\BaseConnection.php on line 676.
 1 APPPATH\Controllers\Home.php(1719): CodeIgniter\Database\BaseConnection->query('CALL get_pending_appointments(?)', [...])
 2 SYSTEMPATH\CodeIgniter.php(933): App\Controllers\Home->getPendingAppointments()
 3 SYSTEMPATH\CodeIgniter.php(509): CodeIgniter\CodeIgniter->runController(Object(App\Controllers\Home))
 4 SYSTEMPATH\CodeIgniter.php(355): CodeIgniter\CodeIgniter->handleRequest(null, Object(Config\Cache), false)
 5 SYSTEMPATH\Boot.php(312): CodeIgniter\CodeIgniter->run()
 6 SYSTEMPATH\Boot.php(67): CodeIgniter\Boot::runCodeIgniter(Object(CodeIgniter\CodeIgniter))
 7 FCPATH\index.php(56): CodeIgniter\Boot::bootWeb(Object(Config\Paths))
CRITICAL - 2025-03-26 10:18:40 --> [Caused by] CodeIgniter\Database\Exceptions\DatabaseException: pg_query(): Query failed: ERROR:  column s.Price does not exist
LINE 13:                     'price', COALESCE(s.&quot;Price&quot;, '')::text, ...
                                               ^
HINT:  Perhaps you meant to reference the column &quot;s.price&quot;.
QUERY:  SELECT jsonb_build_object(
            'status', 200,
            'message', 'Pending appointments retrieved successfully',
            'data', jsonb_agg(
                jsonb_build_object(
                    'id', a.id,
                    'branch', a.branch,
                    'consultant', a.consultant,
                    'section', a.section,
                    'slot', a.slot,
                    'appointment_status', a.appointment_status,
                    'slots_time', s.slots_time,
                    'price', COALESCE(s.&quot;Price&quot;, '')::text,  -- Use &quot;Price&quot; with quotes for case-sensitivity
                    'branch_name', b.branch_name,
                    'consultant_name', r.name,
                    'section_name', sec.section_name,
                    'full_name', a.full_name,
                    'mobile_no', a.mobile_no,
                    'email_id', a.email_id,
                    'locations', a.locations,
                    'startdate', a.startdate,
                    'dates', a.dates,  -- Include 'dates' column
                    'created_at', a.created_at
                )
            )
    )
                         FROM tbl_appointment a
    LEFT JOIN tbl_slots s ON CAST(a.slot AS INTEGER) = s.id
    LEFT JOIN tbl_register r ON a.consultant = r.id
    LEFT JOIN tbl_branch b ON a.branch = b.id
    LEFT JOIN tbl_section sec ON a.section = sec.id
    WHERE a.is_deleted = 'N'
    AND a.appointment_status = 'PE'  -- Only pending appointments
    AND a.dates &lt;= CURRENT_DATE
CONTEXT:  PL/pgSQL function get_pending_appointments() line 4 at SQL statement
in SYSTEMPATH\Database\Postgre\Connection.php on line 198.
 1 SYSTEMPATH\Database\BaseConnection.php(722): CodeIgniter\Database\Postgre\Connection->execute('CALL get_pending_appointments(NULL)')
 2 SYSTEMPATH\Database\BaseConnection.php(636): CodeIgniter\Database\BaseConnection->simpleQuery('CALL get_pending_appointments(NULL)')
 3 APPPATH\Controllers\Home.php(1719): CodeIgniter\Database\BaseConnection->query('CALL get_pending_appointments(?)', [...])
 4 SYSTEMPATH\CodeIgniter.php(933): App\Controllers\Home->getPendingAppointments()
 5 SYSTEMPATH\CodeIgniter.php(509): CodeIgniter\CodeIgniter->runController(Object(App\Controllers\Home))
 6 SYSTEMPATH\CodeIgniter.php(355): CodeIgniter\CodeIgniter->handleRequest(null, Object(Config\Cache), false)
 7 SYSTEMPATH\Boot.php(312): CodeIgniter\CodeIgniter->run()
 8 SYSTEMPATH\Boot.php(67): CodeIgniter\Boot::runCodeIgniter(Object(CodeIgniter\CodeIgniter))
 9 FCPATH\index.php(56): CodeIgniter\Boot::bootWeb(Object(Config\Paths))
CRITICAL - 2025-03-26 10:18:40 --> [Caused by] ErrorException: pg_query(): Query failed: ERROR:  column s.Price does not exist
LINE 13:                     'price', COALESCE(s.&quot;Price&quot;, '')::text, ...
                                               ^
HINT:  Perhaps you meant to reference the column &quot;s.price&quot;.
QUERY:  SELECT jsonb_build_object(
            'status', 200,
            'message', 'Pending appointments retrieved successfully',
            'data', jsonb_agg(
                jsonb_build_object(
                    'id', a.id,
                    'branch', a.branch,
                    'consultant', a.consultant,
                    'section', a.section,
                    'slot', a.slot,
                    'appointment_status', a.appointment_status,
                    'slots_time', s.slots_time,
                    'price', COALESCE(s.&quot;Price&quot;, '')::text,  -- Use &quot;Price&quot; with quotes for case-sensitivity
                    'branch_name', b.branch_name,
                    'consultant_name', r.name,
                    'section_name', sec.section_name,
                    'full_name', a.full_name,
                    'mobile_no', a.mobile_no,
                    'email_id', a.email_id,
                    'locations', a.locations,
                    'startdate', a.startdate,
                    'dates', a.dates,  -- Include 'dates' column
                    'created_at', a.created_at
                )
            )
    )
                         FROM tbl_appointment a
    LEFT JOIN tbl_slots s ON CAST(a.slot AS INTEGER) = s.id
    LEFT JOIN tbl_register r ON a.consultant = r.id
    LEFT JOIN tbl_branch b ON a.branch = b.id
    LEFT JOIN tbl_section sec ON a.section = sec.id
    WHERE a.is_deleted = 'N'
    AND a.appointment_status = 'PE'  -- Only pending appointments
    AND a.dates &lt;= CURRENT_DATE
CONTEXT:  PL/pgSQL function get_pending_appointments() line 4 at SQL statement
in SYSTEMPATH\Database\Postgre\Connection.php on line 193.
 1 [internal function]: CodeIgniter\Debug\Exceptions->errorHandler(2, 'pg_query(): Query failed: ERROR:  column s.Price does not exist
LINE 13:                     \'price\', COALESCE(s.&quot;Price&quot;, \'\')::text, ...
                                               ^
HINT:  Perhaps you meant to reference the column &quot;s.price&quot;.
QUERY:  SELECT jsonb_build_object(
            \'status\', 200,
            \'message\', \'Pending appointments retrieved successfully\',
            \'data\', jsonb_agg(
                jsonb_build_object(
                    \'id\', a.id,
                    \'branch\', a.branch,
                    \'consultant\', a.consultant,
                    \'section\', a.section,
                    \'slot\', a.slot,
                    \'appointment_status\', a.appointment_status,
                    \'slots_time\', s.slots_time,
                    \'price\', COALESCE(s.&quot;Price&quot;, \'\')::text,  -- Use &quot;Price&quot; with quotes for case-sensitivity
                    \'branch_name\', b.branch_name,
                    \'consultant_name\', r.name,
                    \'section_name\', sec.section_name,
                    \'full_name\', a.full_name,
                    \'mobile_no\', a.mobile_no,
                    \'email_id\', a.email_id,
                    \'locations\', a.locations,
                    \'startdate\', a.startdate,
                    \'dates\', a.dates,  -- Include \'dates\' column
                    \'created_at\', a.created_at
                )
            )
    )
                         FROM tbl_appointment a
    LEFT JOIN tbl_slots s ON CAST(a.slot AS INTEGER) = s.id
    LEFT JOIN tbl_register r ON a.consultant = r.id
    LEFT JOIN tbl_branch b ON a.branch = b.id
    LEFT JOIN tbl_section sec ON a.section = sec.id
    WHERE a.is_deleted = \'N\'
    AND a.appointment_status = \'PE\'  -- Only pending appointments
    AND a.dates &lt;= CURRENT_DATE
CONTEXT:  PL/pgSQL function get_pending_appointments() line 4 at SQL statement', 'C:\\xampp\\htdocs\\salonClinic\\system\\Database\\Postgre\\Connection.php', 193)
 2 SYSTEMPATH\Database\Postgre\Connection.php(193): pg_query(Object(PgSql\Connection), 'CALL get_pending_appointments(NULL)')
 3 SYSTEMPATH\Database\BaseConnection.php(722): CodeIgniter\Database\Postgre\Connection->execute('CALL get_pending_appointments(NULL)')
 4 SYSTEMPATH\Database\BaseConnection.php(636): CodeIgniter\Database\BaseConnection->simpleQuery('CALL get_pending_appointments(NULL)')
 5 APPPATH\Controllers\Home.php(1719): CodeIgniter\Database\BaseConnection->query('CALL get_pending_appointments(?)', [...])
 6 SYSTEMPATH\CodeIgniter.php(933): App\Controllers\Home->getPendingAppointments()
 7 SYSTEMPATH\CodeIgniter.php(509): CodeIgniter\CodeIgniter->runController(Object(App\Controllers\Home))
 8 SYSTEMPATH\CodeIgniter.php(355): CodeIgniter\CodeIgniter->handleRequest(null, Object(Config\Cache), false)
 9 SYSTEMPATH\Boot.php(312): CodeIgniter\CodeIgniter->run()
10 SYSTEMPATH\Boot.php(67): CodeIgniter\Boot::runCodeIgniter(Object(CodeIgniter\CodeIgniter))
11 FCPATH\index.php(56): CodeIgniter\Boot::bootWeb(Object(Config\Paths))
ERROR - 2025-03-26 10:18:48 --> ErrorException: pg_query(): Query failed: ERROR:  column s.Price does not exist
LINE 13:                     'price', COALESCE(s.&quot;Price&quot;, '')::text, ...
                                               ^
HINT:  Perhaps you meant to reference the column &quot;s.price&quot;.
QUERY:  SELECT jsonb_build_object(
            'status', 200,
            'message', 'Pending appointments retrieved successfully',
            'data', jsonb_agg(
                jsonb_build_object(
                    'id', a.id,
                    'branch', a.branch,
                    'consultant', a.consultant,
                    'section', a.section,
                    'slot', a.slot,
                    'appointment_status', a.appointment_status,
                    'slots_time', s.slots_time,
                    'price', COALESCE(s.&quot;Price&quot;, '')::text,  -- Use &quot;Price&quot; with quotes for case-sensitivity
                    'branch_name', b.branch_name,
                    'consultant_name', r.name,
                    'section_name', sec.section_name,
                    'full_name', a.full_name,
                    'mobile_no', a.mobile_no,
                    'email_id', a.email_id,
                    'locations', a.locations,
                    'startdate', a.startdate,
                    'dates', a.dates,  -- Include 'dates' column
                    'created_at', a.created_at
                )
            )
    )
                         FROM tbl_appointment a
    LEFT JOIN tbl_slots s ON CAST(a.slot AS INTEGER) = s.id
    LEFT JOIN tbl_register r ON a.consultant = r.id
    LEFT JOIN tbl_branch b ON a.branch = b.id
    LEFT JOIN tbl_section sec ON a.section = sec.id
    WHERE a.is_deleted = 'N'
    AND a.appointment_status = 'PE'  -- Only pending appointments
    AND a.dates &lt;= CURRENT_DATE
CONTEXT:  PL/pgSQL function get_pending_appointments() line 4 at SQL statement in C:\xampp\htdocs\salonClinic\system\Database\Postgre\Connection.php:193
Stack trace:
#0 [internal function]: CodeIgniter\Debug\Exceptions->errorHandler(2, 'pg_query(): Que...', 'C:\\xampp\\htdocs...', 193)
#1 C:\xampp\htdocs\salonClinic\system\Database\Postgre\Connection.php(193): pg_query(Object(PgSql\Connection), 'CALL get_pendin...')
#2 C:\xampp\htdocs\salonClinic\system\Database\BaseConnection.php(722): CodeIgniter\Database\Postgre\Connection->execute('CALL get_pendin...')
#3 C:\xampp\htdocs\salonClinic\system\Database\BaseConnection.php(636): CodeIgniter\Database\BaseConnection->simpleQuery('CALL get_pendin...')
#4 C:\xampp\htdocs\salonClinic\app\Controllers\Home.php(1719): CodeIgniter\Database\BaseConnection->query('CALL get_pendin...', Array)
#5 C:\xampp\htdocs\salonClinic\system\CodeIgniter.php(933): App\Controllers\Home->getPendingAppointments()
#6 C:\xampp\htdocs\salonClinic\system\CodeIgniter.php(509): CodeIgniter\CodeIgniter->runController(Object(App\Controllers\Home))
#7 C:\xampp\htdocs\salonClinic\system\CodeIgniter.php(355): CodeIgniter\CodeIgniter->handleRequest(NULL, Object(Config\Cache), false)
#8 C:\xampp\htdocs\salonClinic\system\Boot.php(312): CodeIgniter\CodeIgniter->run()
#9 C:\xampp\htdocs\salonClinic\system\Boot.php(67): CodeIgniter\Boot::runCodeIgniter(Object(CodeIgniter\CodeIgniter))
#10 C:\xampp\htdocs\salonClinic\index.php(56): CodeIgniter\Boot::bootWeb(Object(Config\Paths))
#11 {main}
CRITICAL - 2025-03-26 10:18:48 --> CodeIgniter\Database\Exceptions\DatabaseException: pg_query(): Query failed: ERROR:  column s.Price does not exist
LINE 13:                     'price', COALESCE(s.&quot;Price&quot;, '')::text, ...
                                               ^
HINT:  Perhaps you meant to reference the column &quot;s.price&quot;.
QUERY:  SELECT jsonb_build_object(
            'status', 200,
            'message', 'Pending appointments retrieved successfully',
            'data', jsonb_agg(
                jsonb_build_object(
                    'id', a.id,
                    'branch', a.branch,
                    'consultant', a.consultant,
                    'section', a.section,
                    'slot', a.slot,
                    'appointment_status', a.appointment_status,
                    'slots_time', s.slots_time,
                    'price', COALESCE(s.&quot;Price&quot;, '')::text,  -- Use &quot;Price&quot; with quotes for case-sensitivity
                    'branch_name', b.branch_name,
                    'consultant_name', r.name,
                    'section_name', sec.section_name,
                    'full_name', a.full_name,
                    'mobile_no', a.mobile_no,
                    'email_id', a.email_id,
                    'locations', a.locations,
                    'startdate', a.startdate,
                    'dates', a.dates,  -- Include 'dates' column
                    'created_at', a.created_at
                )
            )
    )
                         FROM tbl_appointment a
    LEFT JOIN tbl_slots s ON CAST(a.slot AS INTEGER) = s.id
    LEFT JOIN tbl_register r ON a.consultant = r.id
    LEFT JOIN tbl_branch b ON a.branch = b.id
    LEFT JOIN tbl_section sec ON a.section = sec.id
    WHERE a.is_deleted = 'N'
    AND a.appointment_status = 'PE'  -- Only pending appointments
    AND a.dates &lt;= CURRENT_DATE
CONTEXT:  PL/pgSQL function get_pending_appointments() line 4 at SQL statement
[Method: GET, Route: get_pending_appointments]
in SYSTEMPATH\Database\BaseConnection.php on line 676.
 1 APPPATH\Controllers\Home.php(1719): CodeIgniter\Database\BaseConnection->query('CALL get_pending_appointments(?)', [...])
 2 SYSTEMPATH\CodeIgniter.php(933): App\Controllers\Home->getPendingAppointments()
 3 SYSTEMPATH\CodeIgniter.php(509): CodeIgniter\CodeIgniter->runController(Object(App\Controllers\Home))
 4 SYSTEMPATH\CodeIgniter.php(355): CodeIgniter\CodeIgniter->handleRequest(null, Object(Config\Cache), false)
 5 SYSTEMPATH\Boot.php(312): CodeIgniter\CodeIgniter->run()
 6 SYSTEMPATH\Boot.php(67): CodeIgniter\Boot::runCodeIgniter(Object(CodeIgniter\CodeIgniter))
 7 FCPATH\index.php(56): CodeIgniter\Boot::bootWeb(Object(Config\Paths))
CRITICAL - 2025-03-26 10:18:48 --> [Caused by] CodeIgniter\Database\Exceptions\DatabaseException: pg_query(): Query failed: ERROR:  column s.Price does not exist
LINE 13:                     'price', COALESCE(s.&quot;Price&quot;, '')::text, ...
                                               ^
HINT:  Perhaps you meant to reference the column &quot;s.price&quot;.
QUERY:  SELECT jsonb_build_object(
            'status', 200,
            'message', 'Pending appointments retrieved successfully',
            'data', jsonb_agg(
                jsonb_build_object(
                    'id', a.id,
                    'branch', a.branch,
                    'consultant', a.consultant,
                    'section', a.section,
                    'slot', a.slot,
                    'appointment_status', a.appointment_status,
                    'slots_time', s.slots_time,
                    'price', COALESCE(s.&quot;Price&quot;, '')::text,  -- Use &quot;Price&quot; with quotes for case-sensitivity
                    'branch_name', b.branch_name,
                    'consultant_name', r.name,
                    'section_name', sec.section_name,
                    'full_name', a.full_name,
                    'mobile_no', a.mobile_no,
                    'email_id', a.email_id,
                    'locations', a.locations,
                    'startdate', a.startdate,
                    'dates', a.dates,  -- Include 'dates' column
                    'created_at', a.created_at
                )
            )
    )
                         FROM tbl_appointment a
    LEFT JOIN tbl_slots s ON CAST(a.slot AS INTEGER) = s.id
    LEFT JOIN tbl_register r ON a.consultant = r.id
    LEFT JOIN tbl_branch b ON a.branch = b.id
    LEFT JOIN tbl_section sec ON a.section = sec.id
    WHERE a.is_deleted = 'N'
    AND a.appointment_status = 'PE'  -- Only pending appointments
    AND a.dates &lt;= CURRENT_DATE
CONTEXT:  PL/pgSQL function get_pending_appointments() line 4 at SQL statement
in SYSTEMPATH\Database\Postgre\Connection.php on line 198.
 1 SYSTEMPATH\Database\BaseConnection.php(722): CodeIgniter\Database\Postgre\Connection->execute('CALL get_pending_appointments(NULL)')
 2 SYSTEMPATH\Database\BaseConnection.php(636): CodeIgniter\Database\BaseConnection->simpleQuery('CALL get_pending_appointments(NULL)')
 3 APPPATH\Controllers\Home.php(1719): CodeIgniter\Database\BaseConnection->query('CALL get_pending_appointments(?)', [...])
 4 SYSTEMPATH\CodeIgniter.php(933): App\Controllers\Home->getPendingAppointments()
 5 SYSTEMPATH\CodeIgniter.php(509): CodeIgniter\CodeIgniter->runController(Object(App\Controllers\Home))
 6 SYSTEMPATH\CodeIgniter.php(355): CodeIgniter\CodeIgniter->handleRequest(null, Object(Config\Cache), false)
 7 SYSTEMPATH\Boot.php(312): CodeIgniter\CodeIgniter->run()
 8 SYSTEMPATH\Boot.php(67): CodeIgniter\Boot::runCodeIgniter(Object(CodeIgniter\CodeIgniter))
 9 FCPATH\index.php(56): CodeIgniter\Boot::bootWeb(Object(Config\Paths))
CRITICAL - 2025-03-26 10:18:48 --> [Caused by] ErrorException: pg_query(): Query failed: ERROR:  column s.Price does not exist
LINE 13:                     'price', COALESCE(s.&quot;Price&quot;, '')::text, ...
                                               ^
HINT:  Perhaps you meant to reference the column &quot;s.price&quot;.
QUERY:  SELECT jsonb_build_object(
            'status', 200,
            'message', 'Pending appointments retrieved successfully',
            'data', jsonb_agg(
                jsonb_build_object(
                    'id', a.id,
                    'branch', a.branch,
                    'consultant', a.consultant,
                    'section', a.section,
                    'slot', a.slot,
                    'appointment_status', a.appointment_status,
                    'slots_time', s.slots_time,
                    'price', COALESCE(s.&quot;Price&quot;, '')::text,  -- Use &quot;Price&quot; with quotes for case-sensitivity
                    'branch_name', b.branch_name,
                    'consultant_name', r.name,
                    'section_name', sec.section_name,
                    'full_name', a.full_name,
                    'mobile_no', a.mobile_no,
                    'email_id', a.email_id,
                    'locations', a.locations,
                    'startdate', a.startdate,
                    'dates', a.dates,  -- Include 'dates' column
                    'created_at', a.created_at
                )
            )
    )
                         FROM tbl_appointment a
    LEFT JOIN tbl_slots s ON CAST(a.slot AS INTEGER) = s.id
    LEFT JOIN tbl_register r ON a.consultant = r.id
    LEFT JOIN tbl_branch b ON a.branch = b.id
    LEFT JOIN tbl_section sec ON a.section = sec.id
    WHERE a.is_deleted = 'N'
    AND a.appointment_status = 'PE'  -- Only pending appointments
    AND a.dates &lt;= CURRENT_DATE
CONTEXT:  PL/pgSQL function get_pending_appointments() line 4 at SQL statement
in SYSTEMPATH\Database\Postgre\Connection.php on line 193.
 1 [internal function]: CodeIgniter\Debug\Exceptions->errorHandler(2, 'pg_query(): Query failed: ERROR:  column s.Price does not exist
LINE 13:                     \'price\', COALESCE(s.&quot;Price&quot;, \'\')::text, ...
                                               ^
HINT:  Perhaps you meant to reference the column &quot;s.price&quot;.
QUERY:  SELECT jsonb_build_object(
            \'status\', 200,
            \'message\', \'Pending appointments retrieved successfully\',
            \'data\', jsonb_agg(
                jsonb_build_object(
                    \'id\', a.id,
                    \'branch\', a.branch,
                    \'consultant\', a.consultant,
                    \'section\', a.section,
                    \'slot\', a.slot,
                    \'appointment_status\', a.appointment_status,
                    \'slots_time\', s.slots_time,
                    \'price\', COALESCE(s.&quot;Price&quot;, \'\')::text,  -- Use &quot;Price&quot; with quotes for case-sensitivity
                    \'branch_name\', b.branch_name,
                    \'consultant_name\', r.name,
                    \'section_name\', sec.section_name,
                    \'full_name\', a.full_name,
                    \'mobile_no\', a.mobile_no,
                    \'email_id\', a.email_id,
                    \'locations\', a.locations,
                    \'startdate\', a.startdate,
                    \'dates\', a.dates,  -- Include \'dates\' column
                    \'created_at\', a.created_at
                )
            )
    )
                         FROM tbl_appointment a
    LEFT JOIN tbl_slots s ON CAST(a.slot AS INTEGER) = s.id
    LEFT JOIN tbl_register r ON a.consultant = r.id
    LEFT JOIN tbl_branch b ON a.branch = b.id
    LEFT JOIN tbl_section sec ON a.section = sec.id
    WHERE a.is_deleted = \'N\'
    AND a.appointment_status = \'PE\'  -- Only pending appointments
    AND a.dates &lt;= CURRENT_DATE
CONTEXT:  PL/pgSQL function get_pending_appointments() line 4 at SQL statement', 'C:\\xampp\\htdocs\\salonClinic\\system\\Database\\Postgre\\Connection.php', 193)
 2 SYSTEMPATH\Database\Postgre\Connection.php(193): pg_query(Object(PgSql\Connection), 'CALL get_pending_appointments(NULL)')
 3 SYSTEMPATH\Database\BaseConnection.php(722): CodeIgniter\Database\Postgre\Connection->execute('CALL get_pending_appointments(NULL)')
 4 SYSTEMPATH\Database\BaseConnection.php(636): CodeIgniter\Database\BaseConnection->simpleQuery('CALL get_pending_appointments(NULL)')
 5 APPPATH\Controllers\Home.php(1719): CodeIgniter\Database\BaseConnection->query('CALL get_pending_appointments(?)', [...])
 6 SYSTEMPATH\CodeIgniter.php(933): App\Controllers\Home->getPendingAppointments()
 7 SYSTEMPATH\CodeIgniter.php(509): CodeIgniter\CodeIgniter->runController(Object(App\Controllers\Home))
 8 SYSTEMPATH\CodeIgniter.php(355): CodeIgniter\CodeIgniter->handleRequest(null, Object(Config\Cache), false)
 9 SYSTEMPATH\Boot.php(312): CodeIgniter\CodeIgniter->run()
10 SYSTEMPATH\Boot.php(67): CodeIgniter\Boot::runCodeIgniter(Object(CodeIgniter\CodeIgniter))
11 FCPATH\index.php(56): CodeIgniter\Boot::bootWeb(Object(Config\Paths))
ERROR - 2025-03-26 10:19:14 --> ErrorException: pg_query(): Query failed: ERROR:  column s.Price does not exist
LINE 13:                     'price', COALESCE(s.&quot;Price&quot;, '')::text, ...
                                               ^
HINT:  Perhaps you meant to reference the column &quot;s.price&quot;.
QUERY:  SELECT jsonb_build_object(
            'status', 200,
            'message', 'Pending appointments retrieved successfully',
            'data', jsonb_agg(
                jsonb_build_object(
                    'id', a.id,
                    'branch', a.branch,
                    'consultant', a.consultant,
                    'section', a.section,
                    'slot', a.slot,
                    'appointment_status', a.appointment_status,
                    'slots_time', s.slots_time,
                    'price', COALESCE(s.&quot;Price&quot;, '')::text,  -- Use &quot;Price&quot; with quotes for case-sensitivity
                    'branch_name', b.branch_name,
                    'consultant_name', r.name,
                    'section_name', sec.section_name,
                    'full_name', a.full_name,
                    'mobile_no', a.mobile_no,
                    'email_id', a.email_id,
                    'locations', a.locations,
                    'startdate', a.startdate,
                    'dates', a.dates,  -- Include 'dates' column
                    'created_at', a.created_at
                )
            )
    )
                         FROM tbl_appointment a
    LEFT JOIN tbl_slots s ON CAST(a.slot AS INTEGER) = s.id
    LEFT JOIN tbl_register r ON a.consultant = r.id
    LEFT JOIN tbl_branch b ON a.branch = b.id
    LEFT JOIN tbl_section sec ON a.section = sec.id
    WHERE a.is_deleted = 'N'
    AND a.appointment_status = 'PE'  -- Only pending appointments
    AND a.dates &lt;= CURRENT_DATE
CONTEXT:  PL/pgSQL function get_pending_appointments() line 4 at SQL statement in C:\xampp\htdocs\salonClinic\system\Database\Postgre\Connection.php:193
Stack trace:
#0 [internal function]: CodeIgniter\Debug\Exceptions->errorHandler(2, 'pg_query(): Que...', 'C:\\xampp\\htdocs...', 193)
#1 C:\xampp\htdocs\salonClinic\system\Database\Postgre\Connection.php(193): pg_query(Object(PgSql\Connection), 'CALL get_pendin...')
#2 C:\xampp\htdocs\salonClinic\system\Database\BaseConnection.php(722): CodeIgniter\Database\Postgre\Connection->execute('CALL get_pendin...')
#3 C:\xampp\htdocs\salonClinic\system\Database\BaseConnection.php(636): CodeIgniter\Database\BaseConnection->simpleQuery('CALL get_pendin...')
#4 C:\xampp\htdocs\salonClinic\app\Controllers\Home.php(1719): CodeIgniter\Database\BaseConnection->query('CALL get_pendin...', Array)
#5 C:\xampp\htdocs\salonClinic\system\CodeIgniter.php(933): App\Controllers\Home->getPendingAppointments()
#6 C:\xampp\htdocs\salonClinic\system\CodeIgniter.php(509): CodeIgniter\CodeIgniter->runController(Object(App\Controllers\Home))
#7 C:\xampp\htdocs\salonClinic\system\CodeIgniter.php(355): CodeIgniter\CodeIgniter->handleRequest(NULL, Object(Config\Cache), false)
#8 C:\xampp\htdocs\salonClinic\system\Boot.php(312): CodeIgniter\CodeIgniter->run()
#9 C:\xampp\htdocs\salonClinic\system\Boot.php(67): CodeIgniter\Boot::runCodeIgniter(Object(CodeIgniter\CodeIgniter))
#10 C:\xampp\htdocs\salonClinic\index.php(56): CodeIgniter\Boot::bootWeb(Object(Config\Paths))
#11 {main}
CRITICAL - 2025-03-26 10:19:14 --> CodeIgniter\Database\Exceptions\DatabaseException: pg_query(): Query failed: ERROR:  column s.Price does not exist
LINE 13:                     'price', COALESCE(s.&quot;Price&quot;, '')::text, ...
                                               ^
HINT:  Perhaps you meant to reference the column &quot;s.price&quot;.
QUERY:  SELECT jsonb_build_object(
            'status', 200,
            'message', 'Pending appointments retrieved successfully',
            'data', jsonb_agg(
                jsonb_build_object(
                    'id', a.id,
                    'branch', a.branch,
                    'consultant', a.consultant,
                    'section', a.section,
                    'slot', a.slot,
                    'appointment_status', a.appointment_status,
                    'slots_time', s.slots_time,
                    'price', COALESCE(s.&quot;Price&quot;, '')::text,  -- Use &quot;Price&quot; with quotes for case-sensitivity
                    'branch_name', b.branch_name,
                    'consultant_name', r.name,
                    'section_name', sec.section_name,
                    'full_name', a.full_name,
                    'mobile_no', a.mobile_no,
                    'email_id', a.email_id,
                    'locations', a.locations,
                    'startdate', a.startdate,
                    'dates', a.dates,  -- Include 'dates' column
                    'created_at', a.created_at
                )
            )
    )
                         FROM tbl_appointment a
    LEFT JOIN tbl_slots s ON CAST(a.slot AS INTEGER) = s.id
    LEFT JOIN tbl_register r ON a.consultant = r.id
    LEFT JOIN tbl_branch b ON a.branch = b.id
    LEFT JOIN tbl_section sec ON a.section = sec.id
    WHERE a.is_deleted = 'N'
    AND a.appointment_status = 'PE'  -- Only pending appointments
    AND a.dates &lt;= CURRENT_DATE
CONTEXT:  PL/pgSQL function get_pending_appointments() line 4 at SQL statement
[Method: GET, Route: get_pending_appointments]
in SYSTEMPATH\Database\BaseConnection.php on line 676.
 1 APPPATH\Controllers\Home.php(1719): CodeIgniter\Database\BaseConnection->query('CALL get_pending_appointments(?)', [...])
 2 SYSTEMPATH\CodeIgniter.php(933): App\Controllers\Home->getPendingAppointments()
 3 SYSTEMPATH\CodeIgniter.php(509): CodeIgniter\CodeIgniter->runController(Object(App\Controllers\Home))
 4 SYSTEMPATH\CodeIgniter.php(355): CodeIgniter\CodeIgniter->handleRequest(null, Object(Config\Cache), false)
 5 SYSTEMPATH\Boot.php(312): CodeIgniter\CodeIgniter->run()
 6 SYSTEMPATH\Boot.php(67): CodeIgniter\Boot::runCodeIgniter(Object(CodeIgniter\CodeIgniter))
 7 FCPATH\index.php(56): CodeIgniter\Boot::bootWeb(Object(Config\Paths))
CRITICAL - 2025-03-26 10:19:14 --> [Caused by] CodeIgniter\Database\Exceptions\DatabaseException: pg_query(): Query failed: ERROR:  column s.Price does not exist
LINE 13:                     'price', COALESCE(s.&quot;Price&quot;, '')::text, ...
                                               ^
HINT:  Perhaps you meant to reference the column &quot;s.price&quot;.
QUERY:  SELECT jsonb_build_object(
            'status', 200,
            'message', 'Pending appointments retrieved successfully',
            'data', jsonb_agg(
                jsonb_build_object(
                    'id', a.id,
                    'branch', a.branch,
                    'consultant', a.consultant,
                    'section', a.section,
                    'slot', a.slot,
                    'appointment_status', a.appointment_status,
                    'slots_time', s.slots_time,
                    'price', COALESCE(s.&quot;Price&quot;, '')::text,  -- Use &quot;Price&quot; with quotes for case-sensitivity
                    'branch_name', b.branch_name,
                    'consultant_name', r.name,
                    'section_name', sec.section_name,
                    'full_name', a.full_name,
                    'mobile_no', a.mobile_no,
                    'email_id', a.email_id,
                    'locations', a.locations,
                    'startdate', a.startdate,
                    'dates', a.dates,  -- Include 'dates' column
                    'created_at', a.created_at
                )
            )
    )
                         FROM tbl_appointment a
    LEFT JOIN tbl_slots s ON CAST(a.slot AS INTEGER) = s.id
    LEFT JOIN tbl_register r ON a.consultant = r.id
    LEFT JOIN tbl_branch b ON a.branch = b.id
    LEFT JOIN tbl_section sec ON a.section = sec.id
    WHERE a.is_deleted = 'N'
    AND a.appointment_status = 'PE'  -- Only pending appointments
    AND a.dates &lt;= CURRENT_DATE
CONTEXT:  PL/pgSQL function get_pending_appointments() line 4 at SQL statement
in SYSTEMPATH\Database\Postgre\Connection.php on line 198.
 1 SYSTEMPATH\Database\BaseConnection.php(722): CodeIgniter\Database\Postgre\Connection->execute('CALL get_pending_appointments(NULL)')
 2 SYSTEMPATH\Database\BaseConnection.php(636): CodeIgniter\Database\BaseConnection->simpleQuery('CALL get_pending_appointments(NULL)')
 3 APPPATH\Controllers\Home.php(1719): CodeIgniter\Database\BaseConnection->query('CALL get_pending_appointments(?)', [...])
 4 SYSTEMPATH\CodeIgniter.php(933): App\Controllers\Home->getPendingAppointments()
 5 SYSTEMPATH\CodeIgniter.php(509): CodeIgniter\CodeIgniter->runController(Object(App\Controllers\Home))
 6 SYSTEMPATH\CodeIgniter.php(355): CodeIgniter\CodeIgniter->handleRequest(null, Object(Config\Cache), false)
 7 SYSTEMPATH\Boot.php(312): CodeIgniter\CodeIgniter->run()
 8 SYSTEMPATH\Boot.php(67): CodeIgniter\Boot::runCodeIgniter(Object(CodeIgniter\CodeIgniter))
 9 FCPATH\index.php(56): CodeIgniter\Boot::bootWeb(Object(Config\Paths))
CRITICAL - 2025-03-26 10:19:14 --> [Caused by] ErrorException: pg_query(): Query failed: ERROR:  column s.Price does not exist
LINE 13:                     'price', COALESCE(s.&quot;Price&quot;, '')::text, ...
                                               ^
HINT:  Perhaps you meant to reference the column &quot;s.price&quot;.
QUERY:  SELECT jsonb_build_object(
            'status', 200,
            'message', 'Pending appointments retrieved successfully',
            'data', jsonb_agg(
                jsonb_build_object(
                    'id', a.id,
                    'branch', a.branch,
                    'consultant', a.consultant,
                    'section', a.section,
                    'slot', a.slot,
                    'appointment_status', a.appointment_status,
                    'slots_time', s.slots_time,
                    'price', COALESCE(s.&quot;Price&quot;, '')::text,  -- Use &quot;Price&quot; with quotes for case-sensitivity
                    'branch_name', b.branch_name,
                    'consultant_name', r.name,
                    'section_name', sec.section_name,
                    'full_name', a.full_name,
                    'mobile_no', a.mobile_no,
                    'email_id', a.email_id,
                    'locations', a.locations,
                    'startdate', a.startdate,
                    'dates', a.dates,  -- Include 'dates' column
                    'created_at', a.created_at
                )
            )
    )
                         FROM tbl_appointment a
    LEFT JOIN tbl_slots s ON CAST(a.slot AS INTEGER) = s.id
    LEFT JOIN tbl_register r ON a.consultant = r.id
    LEFT JOIN tbl_branch b ON a.branch = b.id
    LEFT JOIN tbl_section sec ON a.section = sec.id
    WHERE a.is_deleted = 'N'
    AND a.appointment_status = 'PE'  -- Only pending appointments
    AND a.dates &lt;= CURRENT_DATE
CONTEXT:  PL/pgSQL function get_pending_appointments() line 4 at SQL statement
in SYSTEMPATH\Database\Postgre\Connection.php on line 193.
 1 [internal function]: CodeIgniter\Debug\Exceptions->errorHandler(2, 'pg_query(): Query failed: ERROR:  column s.Price does not exist
LINE 13:                     \'price\', COALESCE(s.&quot;Price&quot;, \'\')::text, ...
                                               ^
HINT:  Perhaps you meant to reference the column &quot;s.price&quot;.
QUERY:  SELECT jsonb_build_object(
            \'status\', 200,
            \'message\', \'Pending appointments retrieved successfully\',
            \'data\', jsonb_agg(
                jsonb_build_object(
                    \'id\', a.id,
                    \'branch\', a.branch,
                    \'consultant\', a.consultant,
                    \'section\', a.section,
                    \'slot\', a.slot,
                    \'appointment_status\', a.appointment_status,
                    \'slots_time\', s.slots_time,
                    \'price\', COALESCE(s.&quot;Price&quot;, \'\')::text,  -- Use &quot;Price&quot; with quotes for case-sensitivity
                    \'branch_name\', b.branch_name,
                    \'consultant_name\', r.name,
                    \'section_name\', sec.section_name,
                    \'full_name\', a.full_name,
                    \'mobile_no\', a.mobile_no,
                    \'email_id\', a.email_id,
                    \'locations\', a.locations,
                    \'startdate\', a.startdate,
                    \'dates\', a.dates,  -- Include \'dates\' column
                    \'created_at\', a.created_at
                )
            )
    )
                         FROM tbl_appointment a
    LEFT JOIN tbl_slots s ON CAST(a.slot AS INTEGER) = s.id
    LEFT JOIN tbl_register r ON a.consultant = r.id
    LEFT JOIN tbl_branch b ON a.branch = b.id
    LEFT JOIN tbl_section sec ON a.section = sec.id
    WHERE a.is_deleted = \'N\'
    AND a.appointment_status = \'PE\'  -- Only pending appointments
    AND a.dates &lt;= CURRENT_DATE
CONTEXT:  PL/pgSQL function get_pending_appointments() line 4 at SQL statement', 'C:\\xampp\\htdocs\\salonClinic\\system\\Database\\Postgre\\Connection.php', 193)
 2 SYSTEMPATH\Database\Postgre\Connection.php(193): pg_query(Object(PgSql\Connection), 'CALL get_pending_appointments(NULL)')
 3 SYSTEMPATH\Database\BaseConnection.php(722): CodeIgniter\Database\Postgre\Connection->execute('CALL get_pending_appointments(NULL)')
 4 SYSTEMPATH\Database\BaseConnection.php(636): CodeIgniter\Database\BaseConnection->simpleQuery('CALL get_pending_appointments(NULL)')
 5 APPPATH\Controllers\Home.php(1719): CodeIgniter\Database\BaseConnection->query('CALL get_pending_appointments(?)', [...])
 6 SYSTEMPATH\CodeIgniter.php(933): App\Controllers\Home->getPendingAppointments()
 7 SYSTEMPATH\CodeIgniter.php(509): CodeIgniter\CodeIgniter->runController(Object(App\Controllers\Home))
 8 SYSTEMPATH\CodeIgniter.php(355): CodeIgniter\CodeIgniter->handleRequest(null, Object(Config\Cache), false)
 9 SYSTEMPATH\Boot.php(312): CodeIgniter\CodeIgniter->run()
10 SYSTEMPATH\Boot.php(67): CodeIgniter\Boot::runCodeIgniter(Object(CodeIgniter\CodeIgniter))
11 FCPATH\index.php(56): CodeIgniter\Boot::bootWeb(Object(Config\Paths))
ERROR - 2025-03-26 10:35:59 --> ErrorException: pg_query(): Query failed: ERROR:  column s.Price does not exist
LINE 13:                     'price', COALESCE(s.&quot;Price&quot;, '')::text, ...
                                               ^
HINT:  Perhaps you meant to reference the column &quot;s.price&quot;.
QUERY:  SELECT jsonb_build_object(
            'status', 200,
            'message', 'Pending appointments retrieved successfully',
            'data', jsonb_agg(
                jsonb_build_object(
                    'id', a.id,
                    'branch', a.branch,
                    'consultant', a.consultant,
                    'section', a.section,
                    'slot', a.slot,
                    'appointment_status', a.appointment_status,
                    'slots_time', s.slots_time,
                    'price', COALESCE(s.&quot;Price&quot;, '')::text,  -- Use &quot;Price&quot; with quotes for case-sensitivity
                    'branch_name', b.branch_name,
                    'consultant_name', r.name,
                    'section_name', sec.section_name,
                    'full_name', a.full_name,
                    'mobile_no', a.mobile_no,
                    'email_id', a.email_id,
                    'locations', a.locations,
                    'startdate', a.startdate,
                    'dates', a.dates,  -- Include 'dates' column
                    'created_at', a.created_at
                )
            )
    )
                         FROM tbl_appointment a
    LEFT JOIN tbl_slots s ON CAST(a.slot AS INTEGER) = s.id
    LEFT JOIN tbl_register r ON a.consultant = r.id
    LEFT JOIN tbl_branch b ON a.branch = b.id
    LEFT JOIN tbl_section sec ON a.section = sec.id
    WHERE a.is_deleted = 'N'
    AND a.appointment_status = 'PE'  -- Only pending appointments
    AND a.dates &lt;= CURRENT_DATE
CONTEXT:  PL/pgSQL function get_pending_appointments() line 4 at SQL statement in C:\xampp\htdocs\salonClinic\system\Database\Postgre\Connection.php:193
Stack trace:
#0 [internal function]: CodeIgniter\Debug\Exceptions->errorHandler(2, 'pg_query(): Que...', 'C:\\xampp\\htdocs...', 193)
#1 C:\xampp\htdocs\salonClinic\system\Database\Postgre\Connection.php(193): pg_query(Object(PgSql\Connection), 'CALL get_pendin...')
#2 C:\xampp\htdocs\salonClinic\system\Database\BaseConnection.php(722): CodeIgniter\Database\Postgre\Connection->execute('CALL get_pendin...')
#3 C:\xampp\htdocs\salonClinic\system\Database\BaseConnection.php(636): CodeIgniter\Database\BaseConnection->simpleQuery('CALL get_pendin...')
#4 C:\xampp\htdocs\salonClinic\app\Controllers\Home.php(1720): CodeIgniter\Database\BaseConnection->query('CALL get_pendin...', Array)
#5 C:\xampp\htdocs\salonClinic\system\CodeIgniter.php(933): App\Controllers\Home->getPendingAppointments()
#6 C:\xampp\htdocs\salonClinic\system\CodeIgniter.php(509): CodeIgniter\CodeIgniter->runController(Object(App\Controllers\Home))
#7 C:\xampp\htdocs\salonClinic\system\CodeIgniter.php(355): CodeIgniter\CodeIgniter->handleRequest(NULL, Object(Config\Cache), false)
#8 C:\xampp\htdocs\salonClinic\system\Boot.php(312): CodeIgniter\CodeIgniter->run()
#9 C:\xampp\htdocs\salonClinic\system\Boot.php(67): CodeIgniter\Boot::runCodeIgniter(Object(CodeIgniter\CodeIgniter))
#10 C:\xampp\htdocs\salonClinic\index.php(56): CodeIgniter\Boot::bootWeb(Object(Config\Paths))
#11 {main}
CRITICAL - 2025-03-26 10:35:59 --> CodeIgniter\Database\Exceptions\DatabaseException: pg_query(): Query failed: ERROR:  column s.Price does not exist
LINE 13:                     'price', COALESCE(s.&quot;Price&quot;, '')::text, ...
                                               ^
HINT:  Perhaps you meant to reference the column &quot;s.price&quot;.
QUERY:  SELECT jsonb_build_object(
            'status', 200,
            'message', 'Pending appointments retrieved successfully',
            'data', jsonb_agg(
                jsonb_build_object(
                    'id', a.id,
                    'branch', a.branch,
                    'consultant', a.consultant,
                    'section', a.section,
                    'slot', a.slot,
                    'appointment_status', a.appointment_status,
                    'slots_time', s.slots_time,
                    'price', COALESCE(s.&quot;Price&quot;, '')::text,  -- Use &quot;Price&quot; with quotes for case-sensitivity
                    'branch_name', b.branch_name,
                    'consultant_name', r.name,
                    'section_name', sec.section_name,
                    'full_name', a.full_name,
                    'mobile_no', a.mobile_no,
                    'email_id', a.email_id,
                    'locations', a.locations,
                    'startdate', a.startdate,
                    'dates', a.dates,  -- Include 'dates' column
                    'created_at', a.created_at
                )
            )
    )
                         FROM tbl_appointment a
    LEFT JOIN tbl_slots s ON CAST(a.slot AS INTEGER) = s.id
    LEFT JOIN tbl_register r ON a.consultant = r.id
    LEFT JOIN tbl_branch b ON a.branch = b.id
    LEFT JOIN tbl_section sec ON a.section = sec.id
    WHERE a.is_deleted = 'N'
    AND a.appointment_status = 'PE'  -- Only pending appointments
    AND a.dates &lt;= CURRENT_DATE
CONTEXT:  PL/pgSQL function get_pending_appointments() line 4 at SQL statement
[Method: GET, Route: get_pending_appointments]
in SYSTEMPATH\Database\BaseConnection.php on line 676.
 1 APPPATH\Controllers\Home.php(1720): CodeIgniter\Database\BaseConnection->query('CALL get_pending_appointments(?)', [...])
 2 SYSTEMPATH\CodeIgniter.php(933): App\Controllers\Home->getPendingAppointments()
 3 SYSTEMPATH\CodeIgniter.php(509): CodeIgniter\CodeIgniter->runController(Object(App\Controllers\Home))
 4 SYSTEMPATH\CodeIgniter.php(355): CodeIgniter\CodeIgniter->handleRequest(null, Object(Config\Cache), false)
 5 SYSTEMPATH\Boot.php(312): CodeIgniter\CodeIgniter->run()
 6 SYSTEMPATH\Boot.php(67): CodeIgniter\Boot::runCodeIgniter(Object(CodeIgniter\CodeIgniter))
 7 FCPATH\index.php(56): CodeIgniter\Boot::bootWeb(Object(Config\Paths))
CRITICAL - 2025-03-26 10:35:59 --> [Caused by] CodeIgniter\Database\Exceptions\DatabaseException: pg_query(): Query failed: ERROR:  column s.Price does not exist
LINE 13:                     'price', COALESCE(s.&quot;Price&quot;, '')::text, ...
                                               ^
HINT:  Perhaps you meant to reference the column &quot;s.price&quot;.
QUERY:  SELECT jsonb_build_object(
            'status', 200,
            'message', 'Pending appointments retrieved successfully',
            'data', jsonb_agg(
                jsonb_build_object(
                    'id', a.id,
                    'branch', a.branch,
                    'consultant', a.consultant,
                    'section', a.section,
                    'slot', a.slot,
                    'appointment_status', a.appointment_status,
                    'slots_time', s.slots_time,
                    'price', COALESCE(s.&quot;Price&quot;, '')::text,  -- Use &quot;Price&quot; with quotes for case-sensitivity
                    'branch_name', b.branch_name,
                    'consultant_name', r.name,
                    'section_name', sec.section_name,
                    'full_name', a.full_name,
                    'mobile_no', a.mobile_no,
                    'email_id', a.email_id,
                    'locations', a.locations,
                    'startdate', a.startdate,
                    'dates', a.dates,  -- Include 'dates' column
                    'created_at', a.created_at
                )
            )
    )
                         FROM tbl_appointment a
    LEFT JOIN tbl_slots s ON CAST(a.slot AS INTEGER) = s.id
    LEFT JOIN tbl_register r ON a.consultant = r.id
    LEFT JOIN tbl_branch b ON a.branch = b.id
    LEFT JOIN tbl_section sec ON a.section = sec.id
    WHERE a.is_deleted = 'N'
    AND a.appointment_status = 'PE'  -- Only pending appointments
    AND a.dates &lt;= CURRENT_DATE
CONTEXT:  PL/pgSQL function get_pending_appointments() line 4 at SQL statement
in SYSTEMPATH\Database\Postgre\Connection.php on line 198.
 1 SYSTEMPATH\Database\BaseConnection.php(722): CodeIgniter\Database\Postgre\Connection->execute('CALL get_pending_appointments(NULL)')
 2 SYSTEMPATH\Database\BaseConnection.php(636): CodeIgniter\Database\BaseConnection->simpleQuery('CALL get_pending_appointments(NULL)')
 3 APPPATH\Controllers\Home.php(1720): CodeIgniter\Database\BaseConnection->query('CALL get_pending_appointments(?)', [...])
 4 SYSTEMPATH\CodeIgniter.php(933): App\Controllers\Home->getPendingAppointments()
 5 SYSTEMPATH\CodeIgniter.php(509): CodeIgniter\CodeIgniter->runController(Object(App\Controllers\Home))
 6 SYSTEMPATH\CodeIgniter.php(355): CodeIgniter\CodeIgniter->handleRequest(null, Object(Config\Cache), false)
 7 SYSTEMPATH\Boot.php(312): CodeIgniter\CodeIgniter->run()
 8 SYSTEMPATH\Boot.php(67): CodeIgniter\Boot::runCodeIgniter(Object(CodeIgniter\CodeIgniter))
 9 FCPATH\index.php(56): CodeIgniter\Boot::bootWeb(Object(Config\Paths))
CRITICAL - 2025-03-26 10:35:59 --> [Caused by] ErrorException: pg_query(): Query failed: ERROR:  column s.Price does not exist
LINE 13:                     'price', COALESCE(s.&quot;Price&quot;, '')::text, ...
                                               ^
HINT:  Perhaps you meant to reference the column &quot;s.price&quot;.
QUERY:  SELECT jsonb_build_object(
            'status', 200,
            'message', 'Pending appointments retrieved successfully',
            'data', jsonb_agg(
                jsonb_build_object(
                    'id', a.id,
                    'branch', a.branch,
                    'consultant', a.consultant,
                    'section', a.section,
                    'slot', a.slot,
                    'appointment_status', a.appointment_status,
                    'slots_time', s.slots_time,
                    'price', COALESCE(s.&quot;Price&quot;, '')::text,  -- Use &quot;Price&quot; with quotes for case-sensitivity
                    'branch_name', b.branch_name,
                    'consultant_name', r.name,
                    'section_name', sec.section_name,
                    'full_name', a.full_name,
                    'mobile_no', a.mobile_no,
                    'email_id', a.email_id,
                    'locations', a.locations,
                    'startdate', a.startdate,
                    'dates', a.dates,  -- Include 'dates' column
                    'created_at', a.created_at
                )
            )
    )
                         FROM tbl_appointment a
    LEFT JOIN tbl_slots s ON CAST(a.slot AS INTEGER) = s.id
    LEFT JOIN tbl_register r ON a.consultant = r.id
    LEFT JOIN tbl_branch b ON a.branch = b.id
    LEFT JOIN tbl_section sec ON a.section = sec.id
    WHERE a.is_deleted = 'N'
    AND a.appointment_status = 'PE'  -- Only pending appointments
    AND a.dates &lt;= CURRENT_DATE
CONTEXT:  PL/pgSQL function get_pending_appointments() line 4 at SQL statement
in SYSTEMPATH\Database\Postgre\Connection.php on line 193.
 1 [internal function]: CodeIgniter\Debug\Exceptions->errorHandler(2, 'pg_query(): Query failed: ERROR:  column s.Price does not exist
LINE 13:                     \'price\', COALESCE(s.&quot;Price&quot;, \'\')::text, ...
                                               ^
HINT:  Perhaps you meant to reference the column &quot;s.price&quot;.
QUERY:  SELECT jsonb_build_object(
            \'status\', 200,
            \'message\', \'Pending appointments retrieved successfully\',
            \'data\', jsonb_agg(
                jsonb_build_object(
                    \'id\', a.id,
                    \'branch\', a.branch,
                    \'consultant\', a.consultant,
                    \'section\', a.section,
                    \'slot\', a.slot,
                    \'appointment_status\', a.appointment_status,
                    \'slots_time\', s.slots_time,
                    \'price\', COALESCE(s.&quot;Price&quot;, \'\')::text,  -- Use &quot;Price&quot; with quotes for case-sensitivity
                    \'branch_name\', b.branch_name,
                    \'consultant_name\', r.name,
                    \'section_name\', sec.section_name,
                    \'full_name\', a.full_name,
                    \'mobile_no\', a.mobile_no,
                    \'email_id\', a.email_id,
                    \'locations\', a.locations,
                    \'startdate\', a.startdate,
                    \'dates\', a.dates,  -- Include \'dates\' column
                    \'created_at\', a.created_at
                )
            )
    )
                         FROM tbl_appointment a
    LEFT JOIN tbl_slots s ON CAST(a.slot AS INTEGER) = s.id
    LEFT JOIN tbl_register r ON a.consultant = r.id
    LEFT JOIN tbl_branch b ON a.branch = b.id
    LEFT JOIN tbl_section sec ON a.section = sec.id
    WHERE a.is_deleted = \'N\'
    AND a.appointment_status = \'PE\'  -- Only pending appointments
    AND a.dates &lt;= CURRENT_DATE
CONTEXT:  PL/pgSQL function get_pending_appointments() line 4 at SQL statement', 'C:\\xampp\\htdocs\\salonClinic\\system\\Database\\Postgre\\Connection.php', 193)
 2 SYSTEMPATH\Database\Postgre\Connection.php(193): pg_query(Object(PgSql\Connection), 'CALL get_pending_appointments(NULL)')
 3 SYSTEMPATH\Database\BaseConnection.php(722): CodeIgniter\Database\Postgre\Connection->execute('CALL get_pending_appointments(NULL)')
 4 SYSTEMPATH\Database\BaseConnection.php(636): CodeIgniter\Database\BaseConnection->simpleQuery('CALL get_pending_appointments(NULL)')
 5 APPPATH\Controllers\Home.php(1720): CodeIgniter\Database\BaseConnection->query('CALL get_pending_appointments(?)', [...])
 6 SYSTEMPATH\CodeIgniter.php(933): App\Controllers\Home->getPendingAppointments()
 7 SYSTEMPATH\CodeIgniter.php(509): CodeIgniter\CodeIgniter->runController(Object(App\Controllers\Home))
 8 SYSTEMPATH\CodeIgniter.php(355): CodeIgniter\CodeIgniter->handleRequest(null, Object(Config\Cache), false)
 9 SYSTEMPATH\Boot.php(312): CodeIgniter\CodeIgniter->run()
10 SYSTEMPATH\Boot.php(67): CodeIgniter\Boot::runCodeIgniter(Object(CodeIgniter\CodeIgniter))
11 FCPATH\index.php(56): CodeIgniter\Boot::bootWeb(Object(Config\Paths))
ERROR - 2025-03-26 10:38:18 --> ErrorException: pg_query(): Query failed: ERROR:  column s.Price does not exist
LINE 13:                     'price', COALESCE(s.&quot;Price&quot;, '')::text, ...
                                               ^
HINT:  Perhaps you meant to reference the column &quot;s.price&quot;.
QUERY:  SELECT jsonb_build_object(
            'status', 200,
            'message', 'Pending appointments retrieved successfully',
            'data', jsonb_agg(
                jsonb_build_object(
                    'id', a.id,
                    'branch', a.branch,
                    'consultant', a.consultant,
                    'section', a.section,
                    'slot', a.slot,
                    'appointment_status', a.appointment_status,
                    'slots_time', s.slots_time,
                    'price', COALESCE(s.&quot;Price&quot;, '')::text,  -- Use &quot;Price&quot; with quotes for case-sensitivity
                    'branch_name', b.branch_name,
                    'consultant_name', r.name,
                    'section_name', sec.section_name,
                    'full_name', a.full_name,
                    'mobile_no', a.mobile_no,
                    'email_id', a.email_id,
                    'locations', a.locations,
                    'startdate', a.startdate,
                    'dates', a.dates,  -- Include 'dates' column
                    'created_at', a.created_at
                )
            )
    )
                         FROM tbl_appointment a
    LEFT JOIN tbl_slots s ON CAST(a.slot AS INTEGER) = s.id
    LEFT JOIN tbl_register r ON a.consultant = r.id
    LEFT JOIN tbl_branch b ON a.branch = b.id
    LEFT JOIN tbl_section sec ON a.section = sec.id
    WHERE a.is_deleted = 'N'
    AND a.appointment_status = 'PE'  -- Only pending appointments
    AND a.dates &lt;= CURRENT_DATE
CONTEXT:  PL/pgSQL function get_pending_appointments() line 4 at SQL statement in C:\xampp\htdocs\salonClinic\system\Database\Postgre\Connection.php:193
Stack trace:
#0 [internal function]: CodeIgniter\Debug\Exceptions->errorHandler(2, 'pg_query(): Que...', 'C:\\xampp\\htdocs...', 193)
#1 C:\xampp\htdocs\salonClinic\system\Database\Postgre\Connection.php(193): pg_query(Object(PgSql\Connection), 'CALL get_pendin...')
#2 C:\xampp\htdocs\salonClinic\system\Database\BaseConnection.php(722): CodeIgniter\Database\Postgre\Connection->execute('CALL get_pendin...')
#3 C:\xampp\htdocs\salonClinic\system\Database\BaseConnection.php(636): CodeIgniter\Database\BaseConnection->simpleQuery('CALL get_pendin...')
#4 C:\xampp\htdocs\salonClinic\app\Controllers\Home.php(1720): CodeIgniter\Database\BaseConnection->query('CALL get_pendin...', Array)
#5 C:\xampp\htdocs\salonClinic\system\CodeIgniter.php(933): App\Controllers\Home->getPendingAppointments()
#6 C:\xampp\htdocs\salonClinic\system\CodeIgniter.php(509): CodeIgniter\CodeIgniter->runController(Object(App\Controllers\Home))
#7 C:\xampp\htdocs\salonClinic\system\CodeIgniter.php(355): CodeIgniter\CodeIgniter->handleRequest(NULL, Object(Config\Cache), false)
#8 C:\xampp\htdocs\salonClinic\system\Boot.php(312): CodeIgniter\CodeIgniter->run()
#9 C:\xampp\htdocs\salonClinic\system\Boot.php(67): CodeIgniter\Boot::runCodeIgniter(Object(CodeIgniter\CodeIgniter))
#10 C:\xampp\htdocs\salonClinic\index.php(56): CodeIgniter\Boot::bootWeb(Object(Config\Paths))
#11 {main}
CRITICAL - 2025-03-26 10:38:18 --> CodeIgniter\Database\Exceptions\DatabaseException: pg_query(): Query failed: ERROR:  column s.Price does not exist
LINE 13:                     'price', COALESCE(s.&quot;Price&quot;, '')::text, ...
                                               ^
HINT:  Perhaps you meant to reference the column &quot;s.price&quot;.
QUERY:  SELECT jsonb_build_object(
            'status', 200,
            'message', 'Pending appointments retrieved successfully',
            'data', jsonb_agg(
                jsonb_build_object(
                    'id', a.id,
                    'branch', a.branch,
                    'consultant', a.consultant,
                    'section', a.section,
                    'slot', a.slot,
                    'appointment_status', a.appointment_status,
                    'slots_time', s.slots_time,
                    'price', COALESCE(s.&quot;Price&quot;, '')::text,  -- Use &quot;Price&quot; with quotes for case-sensitivity
                    'branch_name', b.branch_name,
                    'consultant_name', r.name,
                    'section_name', sec.section_name,
                    'full_name', a.full_name,
                    'mobile_no', a.mobile_no,
                    'email_id', a.email_id,
                    'locations', a.locations,
                    'startdate', a.startdate,
                    'dates', a.dates,  -- Include 'dates' column
                    'created_at', a.created_at
                )
            )
    )
                         FROM tbl_appointment a
    LEFT JOIN tbl_slots s ON CAST(a.slot AS INTEGER) = s.id
    LEFT JOIN tbl_register r ON a.consultant = r.id
    LEFT JOIN tbl_branch b ON a.branch = b.id
    LEFT JOIN tbl_section sec ON a.section = sec.id
    WHERE a.is_deleted = 'N'
    AND a.appointment_status = 'PE'  -- Only pending appointments
    AND a.dates &lt;= CURRENT_DATE
CONTEXT:  PL/pgSQL function get_pending_appointments() line 4 at SQL statement
[Method: GET, Route: get_pending_appointments]
in SYSTEMPATH\Database\BaseConnection.php on line 676.
 1 APPPATH\Controllers\Home.php(1720): CodeIgniter\Database\BaseConnection->query('CALL get_pending_appointments(?)', [...])
 2 SYSTEMPATH\CodeIgniter.php(933): App\Controllers\Home->getPendingAppointments()
 3 SYSTEMPATH\CodeIgniter.php(509): CodeIgniter\CodeIgniter->runController(Object(App\Controllers\Home))
 4 SYSTEMPATH\CodeIgniter.php(355): CodeIgniter\CodeIgniter->handleRequest(null, Object(Config\Cache), false)
 5 SYSTEMPATH\Boot.php(312): CodeIgniter\CodeIgniter->run()
 6 SYSTEMPATH\Boot.php(67): CodeIgniter\Boot::runCodeIgniter(Object(CodeIgniter\CodeIgniter))
 7 FCPATH\index.php(56): CodeIgniter\Boot::bootWeb(Object(Config\Paths))
CRITICAL - 2025-03-26 10:38:18 --> [Caused by] CodeIgniter\Database\Exceptions\DatabaseException: pg_query(): Query failed: ERROR:  column s.Price does not exist
LINE 13:                     'price', COALESCE(s.&quot;Price&quot;, '')::text, ...
                                               ^
HINT:  Perhaps you meant to reference the column &quot;s.price&quot;.
QUERY:  SELECT jsonb_build_object(
            'status', 200,
            'message', 'Pending appointments retrieved successfully',
            'data', jsonb_agg(
                jsonb_build_object(
                    'id', a.id,
                    'branch', a.branch,
                    'consultant', a.consultant,
                    'section', a.section,
                    'slot', a.slot,
                    'appointment_status', a.appointment_status,
                    'slots_time', s.slots_time,
                    'price', COALESCE(s.&quot;Price&quot;, '')::text,  -- Use &quot;Price&quot; with quotes for case-sensitivity
                    'branch_name', b.branch_name,
                    'consultant_name', r.name,
                    'section_name', sec.section_name,
                    'full_name', a.full_name,
                    'mobile_no', a.mobile_no,
                    'email_id', a.email_id,
                    'locations', a.locations,
                    'startdate', a.startdate,
                    'dates', a.dates,  -- Include 'dates' column
                    'created_at', a.created_at
                )
            )
    )
                         FROM tbl_appointment a
    LEFT JOIN tbl_slots s ON CAST(a.slot AS INTEGER) = s.id
    LEFT JOIN tbl_register r ON a.consultant = r.id
    LEFT JOIN tbl_branch b ON a.branch = b.id
    LEFT JOIN tbl_section sec ON a.section = sec.id
    WHERE a.is_deleted = 'N'
    AND a.appointment_status = 'PE'  -- Only pending appointments
    AND a.dates &lt;= CURRENT_DATE
CONTEXT:  PL/pgSQL function get_pending_appointments() line 4 at SQL statement
in SYSTEMPATH\Database\Postgre\Connection.php on line 198.
 1 SYSTEMPATH\Database\BaseConnection.php(722): CodeIgniter\Database\Postgre\Connection->execute('CALL get_pending_appointments(NULL)')
 2 SYSTEMPATH\Database\BaseConnection.php(636): CodeIgniter\Database\BaseConnection->simpleQuery('CALL get_pending_appointments(NULL)')
 3 APPPATH\Controllers\Home.php(1720): CodeIgniter\Database\BaseConnection->query('CALL get_pending_appointments(?)', [...])
 4 SYSTEMPATH\CodeIgniter.php(933): App\Controllers\Home->getPendingAppointments()
 5 SYSTEMPATH\CodeIgniter.php(509): CodeIgniter\CodeIgniter->runController(Object(App\Controllers\Home))
 6 SYSTEMPATH\CodeIgniter.php(355): CodeIgniter\CodeIgniter->handleRequest(null, Object(Config\Cache), false)
 7 SYSTEMPATH\Boot.php(312): CodeIgniter\CodeIgniter->run()
 8 SYSTEMPATH\Boot.php(67): CodeIgniter\Boot::runCodeIgniter(Object(CodeIgniter\CodeIgniter))
 9 FCPATH\index.php(56): CodeIgniter\Boot::bootWeb(Object(Config\Paths))
CRITICAL - 2025-03-26 10:38:18 --> [Caused by] ErrorException: pg_query(): Query failed: ERROR:  column s.Price does not exist
LINE 13:                     'price', COALESCE(s.&quot;Price&quot;, '')::text, ...
                                               ^
HINT:  Perhaps you meant to reference the column &quot;s.price&quot;.
QUERY:  SELECT jsonb_build_object(
            'status', 200,
            'message', 'Pending appointments retrieved successfully',
            'data', jsonb_agg(
                jsonb_build_object(
                    'id', a.id,
                    'branch', a.branch,
                    'consultant', a.consultant,
                    'section', a.section,
                    'slot', a.slot,
                    'appointment_status', a.appointment_status,
                    'slots_time', s.slots_time,
                    'price', COALESCE(s.&quot;Price&quot;, '')::text,  -- Use &quot;Price&quot; with quotes for case-sensitivity
                    'branch_name', b.branch_name,
                    'consultant_name', r.name,
                    'section_name', sec.section_name,
                    'full_name', a.full_name,
                    'mobile_no', a.mobile_no,
                    'email_id', a.email_id,
                    'locations', a.locations,
                    'startdate', a.startdate,
                    'dates', a.dates,  -- Include 'dates' column
                    'created_at', a.created_at
                )
            )
    )
                         FROM tbl_appointment a
    LEFT JOIN tbl_slots s ON CAST(a.slot AS INTEGER) = s.id
    LEFT JOIN tbl_register r ON a.consultant = r.id
    LEFT JOIN tbl_branch b ON a.branch = b.id
    LEFT JOIN tbl_section sec ON a.section = sec.id
    WHERE a.is_deleted = 'N'
    AND a.appointment_status = 'PE'  -- Only pending appointments
    AND a.dates &lt;= CURRENT_DATE
CONTEXT:  PL/pgSQL function get_pending_appointments() line 4 at SQL statement
in SYSTEMPATH\Database\Postgre\Connection.php on line 193.
 1 [internal function]: CodeIgniter\Debug\Exceptions->errorHandler(2, 'pg_query(): Query failed: ERROR:  column s.Price does not exist
LINE 13:                     \'price\', COALESCE(s.&quot;Price&quot;, \'\')::text, ...
                                               ^
HINT:  Perhaps you meant to reference the column &quot;s.price&quot;.
QUERY:  SELECT jsonb_build_object(
            \'status\', 200,
            \'message\', \'Pending appointments retrieved successfully\',
            \'data\', jsonb_agg(
                jsonb_build_object(
                    \'id\', a.id,
                    \'branch\', a.branch,
                    \'consultant\', a.consultant,
                    \'section\', a.section,
                    \'slot\', a.slot,
                    \'appointment_status\', a.appointment_status,
                    \'slots_time\', s.slots_time,
                    \'price\', COALESCE(s.&quot;Price&quot;, \'\')::text,  -- Use &quot;Price&quot; with quotes for case-sensitivity
                    \'branch_name\', b.branch_name,
                    \'consultant_name\', r.name,
                    \'section_name\', sec.section_name,
                    \'full_name\', a.full_name,
                    \'mobile_no\', a.mobile_no,
                    \'email_id\', a.email_id,
                    \'locations\', a.locations,
                    \'startdate\', a.startdate,
                    \'dates\', a.dates,  -- Include \'dates\' column
                    \'created_at\', a.created_at
                )
            )
    )
                         FROM tbl_appointment a
    LEFT JOIN tbl_slots s ON CAST(a.slot AS INTEGER) = s.id
    LEFT JOIN tbl_register r ON a.consultant = r.id
    LEFT JOIN tbl_branch b ON a.branch = b.id
    LEFT JOIN tbl_section sec ON a.section = sec.id
    WHERE a.is_deleted = \'N\'
    AND a.appointment_status = \'PE\'  -- Only pending appointments
    AND a.dates &lt;= CURRENT_DATE
CONTEXT:  PL/pgSQL function get_pending_appointments() line 4 at SQL statement', 'C:\\xampp\\htdocs\\salonClinic\\system\\Database\\Postgre\\Connection.php', 193)
 2 SYSTEMPATH\Database\Postgre\Connection.php(193): pg_query(Object(PgSql\Connection), 'CALL get_pending_appointments(NULL)')
 3 SYSTEMPATH\Database\BaseConnection.php(722): CodeIgniter\Database\Postgre\Connection->execute('CALL get_pending_appointments(NULL)')
 4 SYSTEMPATH\Database\BaseConnection.php(636): CodeIgniter\Database\BaseConnection->simpleQuery('CALL get_pending_appointments(NULL)')
 5 APPPATH\Controllers\Home.php(1720): CodeIgniter\Database\BaseConnection->query('CALL get_pending_appointments(?)', [...])
 6 SYSTEMPATH\CodeIgniter.php(933): App\Controllers\Home->getPendingAppointments()
 7 SYSTEMPATH\CodeIgniter.php(509): CodeIgniter\CodeIgniter->runController(Object(App\Controllers\Home))
 8 SYSTEMPATH\CodeIgniter.php(355): CodeIgniter\CodeIgniter->handleRequest(null, Object(Config\Cache), false)
 9 SYSTEMPATH\Boot.php(312): CodeIgniter\CodeIgniter->run()
10 SYSTEMPATH\Boot.php(67): CodeIgniter\Boot::runCodeIgniter(Object(CodeIgniter\CodeIgniter))
11 FCPATH\index.php(56): CodeIgniter\Boot::bootWeb(Object(Config\Paths))
ERROR - 2025-03-26 11:09:02 --> ErrorException: pg_query(): Query failed: ERROR:  column s.Price does not exist
LINE 13:                     'price', COALESCE(s.&quot;Price&quot;, '')::text, ...
                                               ^
HINT:  Perhaps you meant to reference the column &quot;s.price&quot;.
QUERY:  SELECT jsonb_build_object(
            'status', 200,
            'message', 'Pending appointments retrieved successfully',
            'data', jsonb_agg(
                jsonb_build_object(
                    'id', a.id,
                    'branch', a.branch,
                    'consultant', a.consultant,
                    'section', a.section,
                    'slot', a.slot,
                    'appointment_status', a.appointment_status,
                    'slots_time', s.slots_time,
                    'price', COALESCE(s.&quot;Price&quot;, '')::text,  -- Use &quot;Price&quot; with quotes for case-sensitivity
                    'branch_name', b.branch_name,
                    'consultant_name', r.name,
                    'section_name', sec.section_name,
                    'full_name', a.full_name,
                    'mobile_no', a.mobile_no,
                    'email_id', a.email_id,
                    'locations', a.locations,
                    'startdate', a.startdate,
                    'dates', a.dates,  -- Include 'dates' column
                    'created_at', a.created_at
                )
            )
    )
                         FROM tbl_appointment a
    LEFT JOIN tbl_slots s ON CAST(a.slot AS INTEGER) = s.id
    LEFT JOIN tbl_register r ON a.consultant = r.id
    LEFT JOIN tbl_branch b ON a.branch = b.id
    LEFT JOIN tbl_section sec ON a.section = sec.id
    WHERE a.is_deleted = 'N'
    AND a.appointment_status = 'PE'  -- Only pending appointments
    AND a.dates &lt;= CURRENT_DATE
CONTEXT:  PL/pgSQL function get_pending_appointments() line 4 at SQL statement in C:\xampp\htdocs\salonClinic\system\Database\Postgre\Connection.php:193
Stack trace:
#0 [internal function]: CodeIgniter\Debug\Exceptions->errorHandler(2, 'pg_query(): Que...', 'C:\\xampp\\htdocs...', 193)
#1 C:\xampp\htdocs\salonClinic\system\Database\Postgre\Connection.php(193): pg_query(Object(PgSql\Connection), 'CALL get_pendin...')
#2 C:\xampp\htdocs\salonClinic\system\Database\BaseConnection.php(722): CodeIgniter\Database\Postgre\Connection->execute('CALL get_pendin...')
#3 C:\xampp\htdocs\salonClinic\system\Database\BaseConnection.php(636): CodeIgniter\Database\BaseConnection->simpleQuery('CALL get_pendin...')
#4 C:\xampp\htdocs\salonClinic\app\Controllers\Home.php(1720): CodeIgniter\Database\BaseConnection->query('CALL get_pendin...', Array)
#5 C:\xampp\htdocs\salonClinic\system\CodeIgniter.php(933): App\Controllers\Home->getPendingAppointments()
#6 C:\xampp\htdocs\salonClinic\system\CodeIgniter.php(509): CodeIgniter\CodeIgniter->runController(Object(App\Controllers\Home))
#7 C:\xampp\htdocs\salonClinic\system\CodeIgniter.php(355): CodeIgniter\CodeIgniter->handleRequest(NULL, Object(Config\Cache), false)
#8 C:\xampp\htdocs\salonClinic\system\Boot.php(312): CodeIgniter\CodeIgniter->run()
#9 C:\xampp\htdocs\salonClinic\system\Boot.php(67): CodeIgniter\Boot::runCodeIgniter(Object(CodeIgniter\CodeIgniter))
#10 C:\xampp\htdocs\salonClinic\index.php(56): CodeIgniter\Boot::bootWeb(Object(Config\Paths))
#11 {main}
CRITICAL - 2025-03-26 11:09:02 --> CodeIgniter\Database\Exceptions\DatabaseException: pg_query(): Query failed: ERROR:  column s.Price does not exist
LINE 13:                     'price', COALESCE(s.&quot;Price&quot;, '')::text, ...
                                               ^
HINT:  Perhaps you meant to reference the column &quot;s.price&quot;.
QUERY:  SELECT jsonb_build_object(
            'status', 200,
            'message', 'Pending appointments retrieved successfully',
            'data', jsonb_agg(
                jsonb_build_object(
                    'id', a.id,
                    'branch', a.branch,
                    'consultant', a.consultant,
                    'section', a.section,
                    'slot', a.slot,
                    'appointment_status', a.appointment_status,
                    'slots_time', s.slots_time,
                    'price', COALESCE(s.&quot;Price&quot;, '')::text,  -- Use &quot;Price&quot; with quotes for case-sensitivity
                    'branch_name', b.branch_name,
                    'consultant_name', r.name,
                    'section_name', sec.section_name,
                    'full_name', a.full_name,
                    'mobile_no', a.mobile_no,
                    'email_id', a.email_id,
                    'locations', a.locations,
                    'startdate', a.startdate,
                    'dates', a.dates,  -- Include 'dates' column
                    'created_at', a.created_at
                )
            )
    )
                         FROM tbl_appointment a
    LEFT JOIN tbl_slots s ON CAST(a.slot AS INTEGER) = s.id
    LEFT JOIN tbl_register r ON a.consultant = r.id
    LEFT JOIN tbl_branch b ON a.branch = b.id
    LEFT JOIN tbl_section sec ON a.section = sec.id
    WHERE a.is_deleted = 'N'
    AND a.appointment_status = 'PE'  -- Only pending appointments
    AND a.dates &lt;= CURRENT_DATE
CONTEXT:  PL/pgSQL function get_pending_appointments() line 4 at SQL statement
[Method: GET, Route: get_pending_appointments]
in SYSTEMPATH\Database\BaseConnection.php on line 676.
 1 APPPATH\Controllers\Home.php(1720): CodeIgniter\Database\BaseConnection->query('CALL get_pending_appointments(?)', [...])
 2 SYSTEMPATH\CodeIgniter.php(933): App\Controllers\Home->getPendingAppointments()
 3 SYSTEMPATH\CodeIgniter.php(509): CodeIgniter\CodeIgniter->runController(Object(App\Controllers\Home))
 4 SYSTEMPATH\CodeIgniter.php(355): CodeIgniter\CodeIgniter->handleRequest(null, Object(Config\Cache), false)
 5 SYSTEMPATH\Boot.php(312): CodeIgniter\CodeIgniter->run()
 6 SYSTEMPATH\Boot.php(67): CodeIgniter\Boot::runCodeIgniter(Object(CodeIgniter\CodeIgniter))
 7 FCPATH\index.php(56): CodeIgniter\Boot::bootWeb(Object(Config\Paths))
CRITICAL - 2025-03-26 11:09:02 --> [Caused by] CodeIgniter\Database\Exceptions\DatabaseException: pg_query(): Query failed: ERROR:  column s.Price does not exist
LINE 13:                     'price', COALESCE(s.&quot;Price&quot;, '')::text, ...
                                               ^
HINT:  Perhaps you meant to reference the column &quot;s.price&quot;.
QUERY:  SELECT jsonb_build_object(
            'status', 200,
            'message', 'Pending appointments retrieved successfully',
            'data', jsonb_agg(
                jsonb_build_object(
                    'id', a.id,
                    'branch', a.branch,
                    'consultant', a.consultant,
                    'section', a.section,
                    'slot', a.slot,
                    'appointment_status', a.appointment_status,
                    'slots_time', s.slots_time,
                    'price', COALESCE(s.&quot;Price&quot;, '')::text,  -- Use &quot;Price&quot; with quotes for case-sensitivity
                    'branch_name', b.branch_name,
                    'consultant_name', r.name,
                    'section_name', sec.section_name,
                    'full_name', a.full_name,
                    'mobile_no', a.mobile_no,
                    'email_id', a.email_id,
                    'locations', a.locations,
                    'startdate', a.startdate,
                    'dates', a.dates,  -- Include 'dates' column
                    'created_at', a.created_at
                )
            )
    )
                         FROM tbl_appointment a
    LEFT JOIN tbl_slots s ON CAST(a.slot AS INTEGER) = s.id
    LEFT JOIN tbl_register r ON a.consultant = r.id
    LEFT JOIN tbl_branch b ON a.branch = b.id
    LEFT JOIN tbl_section sec ON a.section = sec.id
    WHERE a.is_deleted = 'N'
    AND a.appointment_status = 'PE'  -- Only pending appointments
    AND a.dates &lt;= CURRENT_DATE
CONTEXT:  PL/pgSQL function get_pending_appointments() line 4 at SQL statement
in SYSTEMPATH\Database\Postgre\Connection.php on line 198.
 1 SYSTEMPATH\Database\BaseConnection.php(722): CodeIgniter\Database\Postgre\Connection->execute('CALL get_pending_appointments(NULL)')
 2 SYSTEMPATH\Database\BaseConnection.php(636): CodeIgniter\Database\BaseConnection->simpleQuery('CALL get_pending_appointments(NULL)')
 3 APPPATH\Controllers\Home.php(1720): CodeIgniter\Database\BaseConnection->query('CALL get_pending_appointments(?)', [...])
 4 SYSTEMPATH\CodeIgniter.php(933): App\Controllers\Home->getPendingAppointments()
 5 SYSTEMPATH\CodeIgniter.php(509): CodeIgniter\CodeIgniter->runController(Object(App\Controllers\Home))
 6 SYSTEMPATH\CodeIgniter.php(355): CodeIgniter\CodeIgniter->handleRequest(null, Object(Config\Cache), false)
 7 SYSTEMPATH\Boot.php(312): CodeIgniter\CodeIgniter->run()
 8 SYSTEMPATH\Boot.php(67): CodeIgniter\Boot::runCodeIgniter(Object(CodeIgniter\CodeIgniter))
 9 FCPATH\index.php(56): CodeIgniter\Boot::bootWeb(Object(Config\Paths))
CRITICAL - 2025-03-26 11:09:02 --> [Caused by] ErrorException: pg_query(): Query failed: ERROR:  column s.Price does not exist
LINE 13:                     'price', COALESCE(s.&quot;Price&quot;, '')::text, ...
                                               ^
HINT:  Perhaps you meant to reference the column &quot;s.price&quot;.
QUERY:  SELECT jsonb_build_object(
            'status', 200,
            'message', 'Pending appointments retrieved successfully',
            'data', jsonb_agg(
                jsonb_build_object(
                    'id', a.id,
                    'branch', a.branch,
                    'consultant', a.consultant,
                    'section', a.section,
                    'slot', a.slot,
                    'appointment_status', a.appointment_status,
                    'slots_time', s.slots_time,
                    'price', COALESCE(s.&quot;Price&quot;, '')::text,  -- Use &quot;Price&quot; with quotes for case-sensitivity
                    'branch_name', b.branch_name,
                    'consultant_name', r.name,
                    'section_name', sec.section_name,
                    'full_name', a.full_name,
                    'mobile_no', a.mobile_no,
                    'email_id', a.email_id,
                    'locations', a.locations,
                    'startdate', a.startdate,
                    'dates', a.dates,  -- Include 'dates' column
                    'created_at', a.created_at
                )
            )
    )
                         FROM tbl_appointment a
    LEFT JOIN tbl_slots s ON CAST(a.slot AS INTEGER) = s.id
    LEFT JOIN tbl_register r ON a.consultant = r.id
    LEFT JOIN tbl_branch b ON a.branch = b.id
    LEFT JOIN tbl_section sec ON a.section = sec.id
    WHERE a.is_deleted = 'N'
    AND a.appointment_status = 'PE'  -- Only pending appointments
    AND a.dates &lt;= CURRENT_DATE
CONTEXT:  PL/pgSQL function get_pending_appointments() line 4 at SQL statement
in SYSTEMPATH\Database\Postgre\Connection.php on line 193.
 1 [internal function]: CodeIgniter\Debug\Exceptions->errorHandler(2, 'pg_query(): Query failed: ERROR:  column s.Price does not exist
LINE 13:                     \'price\', COALESCE(s.&quot;Price&quot;, \'\')::text, ...
                                               ^
HINT:  Perhaps you meant to reference the column &quot;s.price&quot;.
QUERY:  SELECT jsonb_build_object(
            \'status\', 200,
            \'message\', \'Pending appointments retrieved successfully\',
            \'data\', jsonb_agg(
                jsonb_build_object(
                    \'id\', a.id,
                    \'branch\', a.branch,
                    \'consultant\', a.consultant,
                    \'section\', a.section,
                    \'slot\', a.slot,
                    \'appointment_status\', a.appointment_status,
                    \'slots_time\', s.slots_time,
                    \'price\', COALESCE(s.&quot;Price&quot;, \'\')::text,  -- Use &quot;Price&quot; with quotes for case-sensitivity
                    \'branch_name\', b.branch_name,
                    \'consultant_name\', r.name,
                    \'section_name\', sec.section_name,
                    \'full_name\', a.full_name,
                    \'mobile_no\', a.mobile_no,
                    \'email_id\', a.email_id,
                    \'locations\', a.locations,
                    \'startdate\', a.startdate,
                    \'dates\', a.dates,  -- Include \'dates\' column
                    \'created_at\', a.created_at
                )
            )
    )
                         FROM tbl_appointment a
    LEFT JOIN tbl_slots s ON CAST(a.slot AS INTEGER) = s.id
    LEFT JOIN tbl_register r ON a.consultant = r.id
    LEFT JOIN tbl_branch b ON a.branch = b.id
    LEFT JOIN tbl_section sec ON a.section = sec.id
    WHERE a.is_deleted = \'N\'
    AND a.appointment_status = \'PE\'  -- Only pending appointments
    AND a.dates &lt;= CURRENT_DATE
CONTEXT:  PL/pgSQL function get_pending_appointments() line 4 at SQL statement', 'C:\\xampp\\htdocs\\salonClinic\\system\\Database\\Postgre\\Connection.php', 193)
 2 SYSTEMPATH\Database\Postgre\Connection.php(193): pg_query(Object(PgSql\Connection), 'CALL get_pending_appointments(NULL)')
 3 SYSTEMPATH\Database\BaseConnection.php(722): CodeIgniter\Database\Postgre\Connection->execute('CALL get_pending_appointments(NULL)')
 4 SYSTEMPATH\Database\BaseConnection.php(636): CodeIgniter\Database\BaseConnection->simpleQuery('CALL get_pending_appointments(NULL)')
 5 APPPATH\Controllers\Home.php(1720): CodeIgniter\Database\BaseConnection->query('CALL get_pending_appointments(?)', [...])
 6 SYSTEMPATH\CodeIgniter.php(933): App\Controllers\Home->getPendingAppointments()
 7 SYSTEMPATH\CodeIgniter.php(509): CodeIgniter\CodeIgniter->runController(Object(App\Controllers\Home))
 8 SYSTEMPATH\CodeIgniter.php(355): CodeIgniter\CodeIgniter->handleRequest(null, Object(Config\Cache), false)
 9 SYSTEMPATH\Boot.php(312): CodeIgniter\CodeIgniter->run()
10 SYSTEMPATH\Boot.php(67): CodeIgniter\Boot::runCodeIgniter(Object(CodeIgniter\CodeIgniter))
11 FCPATH\index.php(56): CodeIgniter\Boot::bootWeb(Object(Config\Paths))
DEBUG - 2025-03-26 11:29:00 --> Received Data: {"branch_name":"Navi Mumbai","address":"Navi Mumbai"}
DEBUG - 2025-03-26 11:32:34 --> Received branch Data: {"branch_name":"Navi Mumbai","address":"Navi Mumbai"}
DEBUG - 2025-03-26 11:37:47 --> Received branch Data: {"branch_name":"Navi Mumbai","address":"Navi Mumbai","stylists":4,"chairs":3,"beds":2}
CRITICAL - 2025-03-26 12:09:20 --> ErrorException: Undefined property: stdClass::$registrationNumber
[Method: POST, Route: createcunsltant/tbl_register/0]
in APPPATH\Controllers\Home.php on line 506.
 1 APPPATH\Controllers\Home.php(506): CodeIgniter\Debug\Exceptions->errorHandler(2, 'Undefined property: stdClass::$registrationNumber', 'C:\\xampp\\htdocs\\salonClinic\\app\\Controllers\\Home.php', 506)
 2 SYSTEMPATH\CodeIgniter.php(933): App\Controllers\Home->createcunsltant('tbl_register', '0')
 3 SYSTEMPATH\CodeIgniter.php(509): CodeIgniter\CodeIgniter->runController(Object(App\Controllers\Home))
 4 SYSTEMPATH\CodeIgniter.php(355): CodeIgniter\CodeIgniter->handleRequest(null, Object(Config\Cache), false)
 5 SYSTEMPATH\Boot.php(312): CodeIgniter\CodeIgniter->run()
 6 SYSTEMPATH\Boot.php(67): CodeIgniter\Boot::runCodeIgniter(Object(CodeIgniter\CodeIgniter))
 7 FCPATH\index.php(56): CodeIgniter\Boot::bootWeb(Object(Config\Paths))
ERROR - 2025-03-26 12:36:14 --> ErrorException: pg_query(): Query failed: ERROR:  column s.Price does not exist
LINE 13:                     'price', COALESCE(s.&quot;Price&quot;, '')::text, ...
                                               ^
HINT:  Perhaps you meant to reference the column &quot;s.price&quot;.
QUERY:  SELECT jsonb_build_object(
            'status', 200,
            'message', 'Pending appointments retrieved successfully',
            'data', jsonb_agg(
                jsonb_build_object(
                    'id', a.id,
                    'branch', a.branch,
                    'consultant', a.consultant,
                    'section', a.section,
                    'slot', a.slot,
                    'appointment_status', a.appointment_status,
                    'slots_time', s.slots_time,
                    'price', COALESCE(s.&quot;Price&quot;, '')::text,  -- Use &quot;Price&quot; with quotes for case-sensitivity
                    'branch_name', b.branch_name,
                    'consultant_name', r.name,
                    'section_name', sec.section_name,
                    'full_name', a.full_name,
                    'mobile_no', a.mobile_no,
                    'email_id', a.email_id,
                    'locations', a.locations,
                    'startdate', a.startdate,
                    'dates', a.dates,  -- Include 'dates' column
                    'created_at', a.created_at
                )
            )
    )
                         FROM tbl_appointment a
    LEFT JOIN tbl_slots s ON CAST(a.slot AS INTEGER) = s.id
    LEFT JOIN tbl_register r ON a.consultant = r.id
    LEFT JOIN tbl_branch b ON a.branch = b.id
    LEFT JOIN tbl_section sec ON a.section = sec.id
    WHERE a.is_deleted = 'N'
    AND a.appointment_status = 'PE'  -- Only pending appointments
    AND a.dates &lt;= CURRENT_DATE
CONTEXT:  PL/pgSQL function get_pending_appointments() line 4 at SQL statement in C:\xampp\htdocs\salonClinic\system\Database\Postgre\Connection.php:193
Stack trace:
#0 [internal function]: CodeIgniter\Debug\Exceptions->errorHandler(2, 'pg_query(): Que...', 'C:\\xampp\\htdocs...', 193)
#1 C:\xampp\htdocs\salonClinic\system\Database\Postgre\Connection.php(193): pg_query(Object(PgSql\Connection), 'CALL get_pendin...')
#2 C:\xampp\htdocs\salonClinic\system\Database\BaseConnection.php(722): CodeIgniter\Database\Postgre\Connection->execute('CALL get_pendin...')
#3 C:\xampp\htdocs\salonClinic\system\Database\BaseConnection.php(636): CodeIgniter\Database\BaseConnection->simpleQuery('CALL get_pendin...')
#4 C:\xampp\htdocs\salonClinic\app\Controllers\Home.php(1723): CodeIgniter\Database\BaseConnection->query('CALL get_pendin...', Array)
#5 C:\xampp\htdocs\salonClinic\system\CodeIgniter.php(933): App\Controllers\Home->getPendingAppointments()
#6 C:\xampp\htdocs\salonClinic\system\CodeIgniter.php(509): CodeIgniter\CodeIgniter->runController(Object(App\Controllers\Home))
#7 C:\xampp\htdocs\salonClinic\system\CodeIgniter.php(355): CodeIgniter\CodeIgniter->handleRequest(NULL, Object(Config\Cache), false)
#8 C:\xampp\htdocs\salonClinic\system\Boot.php(312): CodeIgniter\CodeIgniter->run()
#9 C:\xampp\htdocs\salonClinic\system\Boot.php(67): CodeIgniter\Boot::runCodeIgniter(Object(CodeIgniter\CodeIgniter))
#10 C:\xampp\htdocs\salonClinic\index.php(56): CodeIgniter\Boot::bootWeb(Object(Config\Paths))
#11 {main}
CRITICAL - 2025-03-26 12:36:14 --> CodeIgniter\Database\Exceptions\DatabaseException: pg_query(): Query failed: ERROR:  column s.Price does not exist
LINE 13:                     'price', COALESCE(s.&quot;Price&quot;, '')::text, ...
                                               ^
HINT:  Perhaps you meant to reference the column &quot;s.price&quot;.
QUERY:  SELECT jsonb_build_object(
            'status', 200,
            'message', 'Pending appointments retrieved successfully',
            'data', jsonb_agg(
                jsonb_build_object(
                    'id', a.id,
                    'branch', a.branch,
                    'consultant', a.consultant,
                    'section', a.section,
                    'slot', a.slot,
                    'appointment_status', a.appointment_status,
                    'slots_time', s.slots_time,
                    'price', COALESCE(s.&quot;Price&quot;, '')::text,  -- Use &quot;Price&quot; with quotes for case-sensitivity
                    'branch_name', b.branch_name,
                    'consultant_name', r.name,
                    'section_name', sec.section_name,
                    'full_name', a.full_name,
                    'mobile_no', a.mobile_no,
                    'email_id', a.email_id,
                    'locations', a.locations,
                    'startdate', a.startdate,
                    'dates', a.dates,  -- Include 'dates' column
                    'created_at', a.created_at
                )
            )
    )
                         FROM tbl_appointment a
    LEFT JOIN tbl_slots s ON CAST(a.slot AS INTEGER) = s.id
    LEFT JOIN tbl_register r ON a.consultant = r.id
    LEFT JOIN tbl_branch b ON a.branch = b.id
    LEFT JOIN tbl_section sec ON a.section = sec.id
    WHERE a.is_deleted = 'N'
    AND a.appointment_status = 'PE'  -- Only pending appointments
    AND a.dates &lt;= CURRENT_DATE
CONTEXT:  PL/pgSQL function get_pending_appointments() line 4 at SQL statement
[Method: GET, Route: get_pending_appointments]
in SYSTEMPATH\Database\BaseConnection.php on line 676.
 1 APPPATH\Controllers\Home.php(1723): CodeIgniter\Database\BaseConnection->query('CALL get_pending_appointments(?)', [...])
 2 SYSTEMPATH\CodeIgniter.php(933): App\Controllers\Home->getPendingAppointments()
 3 SYSTEMPATH\CodeIgniter.php(509): CodeIgniter\CodeIgniter->runController(Object(App\Controllers\Home))
 4 SYSTEMPATH\CodeIgniter.php(355): CodeIgniter\CodeIgniter->handleRequest(null, Object(Config\Cache), false)
 5 SYSTEMPATH\Boot.php(312): CodeIgniter\CodeIgniter->run()
 6 SYSTEMPATH\Boot.php(67): CodeIgniter\Boot::runCodeIgniter(Object(CodeIgniter\CodeIgniter))
 7 FCPATH\index.php(56): CodeIgniter\Boot::bootWeb(Object(Config\Paths))
CRITICAL - 2025-03-26 12:36:14 --> [Caused by] CodeIgniter\Database\Exceptions\DatabaseException: pg_query(): Query failed: ERROR:  column s.Price does not exist
LINE 13:                     'price', COALESCE(s.&quot;Price&quot;, '')::text, ...
                                               ^
HINT:  Perhaps you meant to reference the column &quot;s.price&quot;.
QUERY:  SELECT jsonb_build_object(
            'status', 200,
            'message', 'Pending appointments retrieved successfully',
            'data', jsonb_agg(
                jsonb_build_object(
                    'id', a.id,
                    'branch', a.branch,
                    'consultant', a.consultant,
                    'section', a.section,
                    'slot', a.slot,
                    'appointment_status', a.appointment_status,
                    'slots_time', s.slots_time,
                    'price', COALESCE(s.&quot;Price&quot;, '')::text,  -- Use &quot;Price&quot; with quotes for case-sensitivity
                    'branch_name', b.branch_name,
                    'consultant_name', r.name,
                    'section_name', sec.section_name,
                    'full_name', a.full_name,
                    'mobile_no', a.mobile_no,
                    'email_id', a.email_id,
                    'locations', a.locations,
                    'startdate', a.startdate,
                    'dates', a.dates,  -- Include 'dates' column
                    'created_at', a.created_at
                )
            )
    )
                         FROM tbl_appointment a
    LEFT JOIN tbl_slots s ON CAST(a.slot AS INTEGER) = s.id
    LEFT JOIN tbl_register r ON a.consultant = r.id
    LEFT JOIN tbl_branch b ON a.branch = b.id
    LEFT JOIN tbl_section sec ON a.section = sec.id
    WHERE a.is_deleted = 'N'
    AND a.appointment_status = 'PE'  -- Only pending appointments
    AND a.dates &lt;= CURRENT_DATE
CONTEXT:  PL/pgSQL function get_pending_appointments() line 4 at SQL statement
in SYSTEMPATH\Database\Postgre\Connection.php on line 198.
 1 SYSTEMPATH\Database\BaseConnection.php(722): CodeIgniter\Database\Postgre\Connection->execute('CALL get_pending_appointments(NULL)')
 2 SYSTEMPATH\Database\BaseConnection.php(636): CodeIgniter\Database\BaseConnection->simpleQuery('CALL get_pending_appointments(NULL)')
 3 APPPATH\Controllers\Home.php(1723): CodeIgniter\Database\BaseConnection->query('CALL get_pending_appointments(?)', [...])
 4 SYSTEMPATH\CodeIgniter.php(933): App\Controllers\Home->getPendingAppointments()
 5 SYSTEMPATH\CodeIgniter.php(509): CodeIgniter\CodeIgniter->runController(Object(App\Controllers\Home))
 6 SYSTEMPATH\CodeIgniter.php(355): CodeIgniter\CodeIgniter->handleRequest(null, Object(Config\Cache), false)
 7 SYSTEMPATH\Boot.php(312): CodeIgniter\CodeIgniter->run()
 8 SYSTEMPATH\Boot.php(67): CodeIgniter\Boot::runCodeIgniter(Object(CodeIgniter\CodeIgniter))
 9 FCPATH\index.php(56): CodeIgniter\Boot::bootWeb(Object(Config\Paths))
CRITICAL - 2025-03-26 12:36:14 --> [Caused by] ErrorException: pg_query(): Query failed: ERROR:  column s.Price does not exist
LINE 13:                     'price', COALESCE(s.&quot;Price&quot;, '')::text, ...
                                               ^
HINT:  Perhaps you meant to reference the column &quot;s.price&quot;.
QUERY:  SELECT jsonb_build_object(
            'status', 200,
            'message', 'Pending appointments retrieved successfully',
            'data', jsonb_agg(
                jsonb_build_object(
                    'id', a.id,
                    'branch', a.branch,
                    'consultant', a.consultant,
                    'section', a.section,
                    'slot', a.slot,
                    'appointment_status', a.appointment_status,
                    'slots_time', s.slots_time,
                    'price', COALESCE(s.&quot;Price&quot;, '')::text,  -- Use &quot;Price&quot; with quotes for case-sensitivity
                    'branch_name', b.branch_name,
                    'consultant_name', r.name,
                    'section_name', sec.section_name,
                    'full_name', a.full_name,
                    'mobile_no', a.mobile_no,
                    'email_id', a.email_id,
                    'locations', a.locations,
                    'startdate', a.startdate,
                    'dates', a.dates,  -- Include 'dates' column
                    'created_at', a.created_at
                )
            )
    )
                         FROM tbl_appointment a
    LEFT JOIN tbl_slots s ON CAST(a.slot AS INTEGER) = s.id
    LEFT JOIN tbl_register r ON a.consultant = r.id
    LEFT JOIN tbl_branch b ON a.branch = b.id
    LEFT JOIN tbl_section sec ON a.section = sec.id
    WHERE a.is_deleted = 'N'
    AND a.appointment_status = 'PE'  -- Only pending appointments
    AND a.dates &lt;= CURRENT_DATE
CONTEXT:  PL/pgSQL function get_pending_appointments() line 4 at SQL statement
in SYSTEMPATH\Database\Postgre\Connection.php on line 193.
 1 [internal function]: CodeIgniter\Debug\Exceptions->errorHandler(2, 'pg_query(): Query failed: ERROR:  column s.Price does not exist
LINE 13:                     \'price\', COALESCE(s.&quot;Price&quot;, \'\')::text, ...
                                               ^
HINT:  Perhaps you meant to reference the column &quot;s.price&quot;.
QUERY:  SELECT jsonb_build_object(
            \'status\', 200,
            \'message\', \'Pending appointments retrieved successfully\',
            \'data\', jsonb_agg(
                jsonb_build_object(
                    \'id\', a.id,
                    \'branch\', a.branch,
                    \'consultant\', a.consultant,
                    \'section\', a.section,
                    \'slot\', a.slot,
                    \'appointment_status\', a.appointment_status,
                    \'slots_time\', s.slots_time,
                    \'price\', COALESCE(s.&quot;Price&quot;, \'\')::text,  -- Use &quot;Price&quot; with quotes for case-sensitivity
                    \'branch_name\', b.branch_name,
                    \'consultant_name\', r.name,
                    \'section_name\', sec.section_name,
                    \'full_name\', a.full_name,
                    \'mobile_no\', a.mobile_no,
                    \'email_id\', a.email_id,
                    \'locations\', a.locations,
                    \'startdate\', a.startdate,
                    \'dates\', a.dates,  -- Include \'dates\' column
                    \'created_at\', a.created_at
                )
            )
    )
                         FROM tbl_appointment a
    LEFT JOIN tbl_slots s ON CAST(a.slot AS INTEGER) = s.id
    LEFT JOIN tbl_register r ON a.consultant = r.id
    LEFT JOIN tbl_branch b ON a.branch = b.id
    LEFT JOIN tbl_section sec ON a.section = sec.id
    WHERE a.is_deleted = \'N\'
    AND a.appointment_status = \'PE\'  -- Only pending appointments
    AND a.dates &lt;= CURRENT_DATE
CONTEXT:  PL/pgSQL function get_pending_appointments() line 4 at SQL statement', 'C:\\xampp\\htdocs\\salonClinic\\system\\Database\\Postgre\\Connection.php', 193)
 2 SYSTEMPATH\Database\Postgre\Connection.php(193): pg_query(Object(PgSql\Connection), 'CALL get_pending_appointments(NULL)')
 3 SYSTEMPATH\Database\BaseConnection.php(722): CodeIgniter\Database\Postgre\Connection->execute('CALL get_pending_appointments(NULL)')
 4 SYSTEMPATH\Database\BaseConnection.php(636): CodeIgniter\Database\BaseConnection->simpleQuery('CALL get_pending_appointments(NULL)')
 5 APPPATH\Controllers\Home.php(1723): CodeIgniter\Database\BaseConnection->query('CALL get_pending_appointments(?)', [...])
 6 SYSTEMPATH\CodeIgniter.php(933): App\Controllers\Home->getPendingAppointments()
 7 SYSTEMPATH\CodeIgniter.php(509): CodeIgniter\CodeIgniter->runController(Object(App\Controllers\Home))
 8 SYSTEMPATH\CodeIgniter.php(355): CodeIgniter\CodeIgniter->handleRequest(null, Object(Config\Cache), false)
 9 SYSTEMPATH\Boot.php(312): CodeIgniter\CodeIgniter->run()
10 SYSTEMPATH\Boot.php(67): CodeIgniter\Boot::runCodeIgniter(Object(CodeIgniter\CodeIgniter))
11 FCPATH\index.php(56): CodeIgniter\Boot::bootWeb(Object(Config\Paths))
