DEBUG - 2025-03-20 06:33:15 --> Request Data: {"schedules":[{"branch":"39","day":"Monday","startTime":"12:00","endTime":"16:00","slots":["12:00 pm","1:10 pm","2:20 pm"]},{"branch":"39","day":"Monday","startTime":"17:00","endTime":"20:00","slots":["5:00 pm","6:10 pm"]},{"branch":"39","day":"Tuesday","startTime":"","endTime":"","slots":[]},{"branch":"39","day":"Wednesday","startTime":"","endTime":"","slots":[]},{"branch":"39","day":"Thursday","startTime":"","endTime":"","slots":[]},{"branch":"39","day":"Friday","startTime":"","endTime":"","slots":[]},{"branch":"39","day":"Saturday","startTime":"","endTime":"","slots":[]},{"branch":"39","day":"Sunday","startTime":"","endTime":"","slots":[]}]}
CRITICAL - 2025-03-20 06:33:15 --> ErrorException: Undefined array key "consultant"
[Method: POST, Route: savescedule/tbl_slots]
in APPPATH\Controllers\Home.php on line 266.
 1 APPPATH\Controllers\Home.php(266): CodeIgniter\Debug\Exceptions->errorHandler(2, 'Undefined array key "consultant"', 'C:\\xampp\\htdocs\\salonClinic\\app\\Controllers\\Home.php', 266)
 2 SYSTEMPATH\CodeIgniter.php(933): App\Controllers\Home->savescedule('tbl_slots')
 3 SYSTEMPATH\CodeIgniter.php(509): CodeIgniter\CodeIgniter->runController(Object(App\Controllers\Home))
 4 SYSTEMPATH\CodeIgniter.php(355): CodeIgniter\CodeIgniter->handleRequest(null, Object(Config\Cache), false)
 5 SYSTEMPATH\Boot.php(312): CodeIgniter\CodeIgniter->run()
 6 SYSTEMPATH\Boot.php(67): CodeIgniter\Boot::runCodeIgniter(Object(CodeIgniter\CodeIgniter))
 7 FCPATH\index.php(56): CodeIgniter\Boot::bootWeb(Object(Config\Paths))
DEBUG - 2025-03-20 07:29:39 --> Request Data: {"serviceId":3,"schedules":[{"branch":"39","day":"Monday","startTime":"12:00","endTime":"15:00","slots":["12:00 pm","1:10 pm"]},{"branch":"39","day":"Tuesday","startTime":"","endTime":"","slots":[]},{"branch":"39","day":"Wednesday","startTime":"","endTime":"","slots":[]},{"branch":"39","day":"Thursday","startTime":"","endTime":"","slots":[]},{"branch":"39","day":"Friday","startTime":"","endTime":"","slots":[]},{"branch":"39","day":"Saturday","startTime":"","endTime":"","slots":[]},{"branch":"39","day":"Sunday","startTime":"","endTime":"","slots":[]}]}
CRITICAL - 2025-03-20 07:29:39 --> ErrorException: Undefined array key "consultant"
[Method: POST, Route: savescedule/tbl_slots]
in APPPATH\Controllers\Home.php on line 266.
 1 APPPATH\Controllers\Home.php(266): CodeIgniter\Debug\Exceptions->errorHandler(2, 'Undefined array key "consultant"', 'C:\\xampp\\htdocs\\salonClinic\\app\\Controllers\\Home.php', 266)
 2 SYSTEMPATH\CodeIgniter.php(933): App\Controllers\Home->savescedule('tbl_slots')
 3 SYSTEMPATH\CodeIgniter.php(509): CodeIgniter\CodeIgniter->runController(Object(App\Controllers\Home))
 4 SYSTEMPATH\CodeIgniter.php(355): CodeIgniter\CodeIgniter->handleRequest(null, Object(Config\Cache), false)
 5 SYSTEMPATH\Boot.php(312): CodeIgniter\CodeIgniter->run()
 6 SYSTEMPATH\Boot.php(67): CodeIgniter\Boot::runCodeIgniter(Object(CodeIgniter\CodeIgniter))
 7 FCPATH\index.php(56): CodeIgniter\Boot::bootWeb(Object(Config\Paths))
DEBUG - 2025-03-20 08:40:49 --> Request Data: {"service_id":3,"schedules":[{"branch":"39","day":"Monday","startTime":"14:00","endTime":"18:59","slots":["2:00 pm","3:10 pm","4:20 pm","5:30 pm"]},{"branch":"39","day":"Tuesday","startTime":"","endTime":"","slots":[]},{"branch":"39","day":"Wednesday","startTime":"","endTime":"","slots":[]},{"branch":"39","day":"Thursday","startTime":"","endTime":"","slots":[]},{"branch":"39","day":"Friday","startTime":"","endTime":"","slots":[]},{"branch":"39","day":"Saturday","startTime":"","endTime":"","slots":[]},{"branch":"39","day":"Sunday","startTime":"","endTime":"","slots":[]}]}
ERROR - 2025-03-20 08:40:51 --> ErrorException: pg_query(): Query failed: ERROR:  column &quot;service_id&quot; of relation &quot;tbl_schedule&quot; does not exist
LINE 1: ...schedule&quot; (&quot;start_time&quot;, &quot;end_time&quot;, &quot;branch_id&quot;, &quot;service_i...
                                                             ^ in C:\xampp\htdocs\salonClinic\system\Database\Postgre\Connection.php:193
Stack trace:
#0 [internal function]: CodeIgniter\Debug\Exceptions->errorHandler(2, 'pg_query(): Que...', 'C:\\xampp\\htdocs...', 193)
#1 C:\xampp\htdocs\salonClinic\system\Database\Postgre\Connection.php(193): pg_query(Object(PgSql\Connection), 'INSERT INTO "tb...')
#2 C:\xampp\htdocs\salonClinic\system\Database\BaseConnection.php(722): CodeIgniter\Database\Postgre\Connection->execute('INSERT INTO "tb...')
#3 C:\xampp\htdocs\salonClinic\system\Database\BaseConnection.php(636): CodeIgniter\Database\BaseConnection->simpleQuery('INSERT INTO "tb...')
#4 C:\xampp\htdocs\salonClinic\system\Database\BaseBuilder.php(2325): CodeIgniter\Database\BaseConnection->query('INSERT INTO "tb...', Array, false)
#5 C:\xampp\htdocs\salonClinic\app\Controllers\Home.php(299): CodeIgniter\Database\BaseBuilder->insert(Array)
#6 C:\xampp\htdocs\salonClinic\system\CodeIgniter.php(933): App\Controllers\Home->savescedule('tbl_slots')
#7 C:\xampp\htdocs\salonClinic\system\CodeIgniter.php(509): CodeIgniter\CodeIgniter->runController(Object(App\Controllers\Home))
#8 C:\xampp\htdocs\salonClinic\system\CodeIgniter.php(355): CodeIgniter\CodeIgniter->handleRequest(NULL, Object(Config\Cache), false)
#9 C:\xampp\htdocs\salonClinic\system\Boot.php(312): CodeIgniter\CodeIgniter->run()
#10 C:\xampp\htdocs\salonClinic\system\Boot.php(67): CodeIgniter\Boot::runCodeIgniter(Object(CodeIgniter\CodeIgniter))
#11 C:\xampp\htdocs\salonClinic\index.php(56): CodeIgniter\Boot::bootWeb(Object(Config\Paths))
#12 {main}
CRITICAL - 2025-03-20 08:40:51 --> CodeIgniter\Database\Exceptions\DatabaseException: pg_query(): Query failed: ERROR:  column &quot;service_id&quot; of relation &quot;tbl_schedule&quot; does not exist
LINE 1: ...schedule&quot; (&quot;start_time&quot;, &quot;end_time&quot;, &quot;branch_id&quot;, &quot;service_i...
                                                             ^
[Method: POST, Route: savescedule/tbl_slots]
in SYSTEMPATH\Database\BaseConnection.php on line 676.
 1 SYSTEMPATH\Database\BaseBuilder.php(2325): CodeIgniter\Database\BaseConnection->query('INSERT INTO "tbl_schedule" ("start_time", "end_time", "branch_id", "service_id", "day_name", "buffer_time", "price", "slotcount", "is_deleted", "created_at") VALUES (:start_time:, :end_time:, :branch_id:, :service_id:, :day_name:, :buffer_time:, :price:, :slotcount:, :is_deleted:, :created_at:)', [...], false)
 2 APPPATH\Controllers\Home.php(299): CodeIgniter\Database\BaseBuilder->insert([...])
 3 SYSTEMPATH\CodeIgniter.php(933): App\Controllers\Home->savescedule('tbl_slots')
 4 SYSTEMPATH\CodeIgniter.php(509): CodeIgniter\CodeIgniter->runController(Object(App\Controllers\Home))
 5 SYSTEMPATH\CodeIgniter.php(355): CodeIgniter\CodeIgniter->handleRequest(null, Object(Config\Cache), false)
 6 SYSTEMPATH\Boot.php(312): CodeIgniter\CodeIgniter->run()
 7 SYSTEMPATH\Boot.php(67): CodeIgniter\Boot::runCodeIgniter(Object(CodeIgniter\CodeIgniter))
 8 FCPATH\index.php(56): CodeIgniter\Boot::bootWeb(Object(Config\Paths))
CRITICAL - 2025-03-20 08:40:51 --> [Caused by] CodeIgniter\Database\Exceptions\DatabaseException: pg_query(): Query failed: ERROR:  column &quot;service_id&quot; of relation &quot;tbl_schedule&quot; does not exist
LINE 1: ...schedule&quot; (&quot;start_time&quot;, &quot;end_time&quot;, &quot;branch_id&quot;, &quot;service_i...
                                                             ^
in SYSTEMPATH\Database\Postgre\Connection.php on line 198.
 1 SYSTEMPATH\Database\BaseConnection.php(722): CodeIgniter\Database\Postgre\Connection->execute('INSERT INTO "tbl_schedule" ("start_time", "end_time", "branch_id", "service_id", "day_name", "buffer_time", "price", "slotcount", "is_deleted", "created_at") VALUES (\'14:00\', \'18:59\', \'39\', 3, \'Monday\', NULL, NULL, NULL, \'N\', \'2025-03-20 08:40:49\')')
 2 SYSTEMPATH\Database\BaseConnection.php(636): CodeIgniter\Database\BaseConnection->simpleQuery('INSERT INTO "tbl_schedule" ("start_time", "end_time", "branch_id", "service_id", "day_name", "buffer_time", "price", "slotcount", "is_deleted", "created_at") VALUES (\'14:00\', \'18:59\', \'39\', 3, \'Monday\', NULL, NULL, NULL, \'N\', \'2025-03-20 08:40:49\')')
 3 SYSTEMPATH\Database\BaseBuilder.php(2325): CodeIgniter\Database\BaseConnection->query('INSERT INTO "tbl_schedule" ("start_time", "end_time", "branch_id", "service_id", "day_name", "buffer_time", "price", "slotcount", "is_deleted", "created_at") VALUES (:start_time:, :end_time:, :branch_id:, :service_id:, :day_name:, :buffer_time:, :price:, :slotcount:, :is_deleted:, :created_at:)', [...], false)
 4 APPPATH\Controllers\Home.php(299): CodeIgniter\Database\BaseBuilder->insert([...])
 5 SYSTEMPATH\CodeIgniter.php(933): App\Controllers\Home->savescedule('tbl_slots')
 6 SYSTEMPATH\CodeIgniter.php(509): CodeIgniter\CodeIgniter->runController(Object(App\Controllers\Home))
 7 SYSTEMPATH\CodeIgniter.php(355): CodeIgniter\CodeIgniter->handleRequest(null, Object(Config\Cache), false)
 8 SYSTEMPATH\Boot.php(312): CodeIgniter\CodeIgniter->run()
 9 SYSTEMPATH\Boot.php(67): CodeIgniter\Boot::runCodeIgniter(Object(CodeIgniter\CodeIgniter))
10 FCPATH\index.php(56): CodeIgniter\Boot::bootWeb(Object(Config\Paths))
CRITICAL - 2025-03-20 08:40:51 --> [Caused by] ErrorException: pg_query(): Query failed: ERROR:  column &quot;service_id&quot; of relation &quot;tbl_schedule&quot; does not exist
LINE 1: ...schedule&quot; (&quot;start_time&quot;, &quot;end_time&quot;, &quot;branch_id&quot;, &quot;service_i...
                                                             ^
in SYSTEMPATH\Database\Postgre\Connection.php on line 193.
 1 [internal function]: CodeIgniter\Debug\Exceptions->errorHandler(2, 'pg_query(): Query failed: ERROR:  column &quot;service_id&quot; of relation &quot;tbl_schedule&quot; does not exist
LINE 1: ...schedule&quot; (&quot;start_time&quot;, &quot;end_time&quot;, &quot;branch_id&quot;, &quot;service_i...
                                                             ^', 'C:\\xampp\\htdocs\\salonClinic\\system\\Database\\Postgre\\Connection.php', 193)
 2 SYSTEMPATH\Database\Postgre\Connection.php(193): pg_query(Object(PgSql\Connection), 'INSERT INTO "tbl_schedule" ("start_time", "end_time", "branch_id", "service_id", "day_name", "buffer_time", "price", "slotcount", "is_deleted", "created_at") VALUES (\'14:00\', \'18:59\', \'39\', 3, \'Monday\', NULL, NULL, NULL, \'N\', \'2025-03-20 08:40:49\')')
 3 SYSTEMPATH\Database\BaseConnection.php(722): CodeIgniter\Database\Postgre\Connection->execute('INSERT INTO "tbl_schedule" ("start_time", "end_time", "branch_id", "service_id", "day_name", "buffer_time", "price", "slotcount", "is_deleted", "created_at") VALUES (\'14:00\', \'18:59\', \'39\', 3, \'Monday\', NULL, NULL, NULL, \'N\', \'2025-03-20 08:40:49\')')
 4 SYSTEMPATH\Database\BaseConnection.php(636): CodeIgniter\Database\BaseConnection->simpleQuery('INSERT INTO "tbl_schedule" ("start_time", "end_time", "branch_id", "service_id", "day_name", "buffer_time", "price", "slotcount", "is_deleted", "created_at") VALUES (\'14:00\', \'18:59\', \'39\', 3, \'Monday\', NULL, NULL, NULL, \'N\', \'2025-03-20 08:40:49\')')
 5 SYSTEMPATH\Database\BaseBuilder.php(2325): CodeIgniter\Database\BaseConnection->query('INSERT INTO "tbl_schedule" ("start_time", "end_time", "branch_id", "service_id", "day_name", "buffer_time", "price", "slotcount", "is_deleted", "created_at") VALUES (:start_time:, :end_time:, :branch_id:, :service_id:, :day_name:, :buffer_time:, :price:, :slotcount:, :is_deleted:, :created_at:)', [...], false)
 6 APPPATH\Controllers\Home.php(299): CodeIgniter\Database\BaseBuilder->insert([...])
 7 SYSTEMPATH\CodeIgniter.php(933): App\Controllers\Home->savescedule('tbl_slots')
 8 SYSTEMPATH\CodeIgniter.php(509): CodeIgniter\CodeIgniter->runController(Object(App\Controllers\Home))
 9 SYSTEMPATH\CodeIgniter.php(355): CodeIgniter\CodeIgniter->handleRequest(null, Object(Config\Cache), false)
10 SYSTEMPATH\Boot.php(312): CodeIgniter\CodeIgniter->run()
11 SYSTEMPATH\Boot.php(67): CodeIgniter\Boot::runCodeIgniter(Object(CodeIgniter\CodeIgniter))
12 FCPATH\index.php(56): CodeIgniter\Boot::bootWeb(Object(Config\Paths))
DEBUG - 2025-03-20 08:47:14 --> Request Data: {"service_id":3,"schedules":[{"branch":"39","day":"Monday","startTime":"14:00","endTime":"18:59","slots":["2:00 pm","3:10 pm","4:20 pm","5:30 pm"]},{"branch":"39","day":"Tuesday","startTime":"","endTime":"","slots":[]},{"branch":"39","day":"Wednesday","startTime":"","endTime":"","slots":[]},{"branch":"39","day":"Thursday","startTime":"","endTime":"","slots":[]},{"branch":"39","day":"Friday","startTime":"","endTime":"","slots":[]},{"branch":"39","day":"Saturday","startTime":"","endTime":"","slots":[]},{"branch":"39","day":"Sunday","startTime":"","endTime":"","slots":[]}]}
ERROR - 2025-03-20 08:47:17 --> ErrorException: pg_query(): Query failed: ERROR:  column &quot;service_id&quot; of relation &quot;tbl_slots&quot; does not exist
LINE 1: ...bl_slots&quot; (&quot;slots_time&quot;, &quot;day_name&quot;, &quot;branch_id&quot;, &quot;service_i...
                                                             ^ in C:\xampp\htdocs\salonClinic\system\Database\Postgre\Connection.php:193
Stack trace:
#0 [internal function]: CodeIgniter\Debug\Exceptions->errorHandler(2, 'pg_query(): Que...', 'C:\\xampp\\htdocs...', 193)
#1 C:\xampp\htdocs\salonClinic\system\Database\Postgre\Connection.php(193): pg_query(Object(PgSql\Connection), 'INSERT INTO "tb...')
#2 C:\xampp\htdocs\salonClinic\system\Database\BaseConnection.php(722): CodeIgniter\Database\Postgre\Connection->execute('INSERT INTO "tb...')
#3 C:\xampp\htdocs\salonClinic\system\Database\BaseConnection.php(636): CodeIgniter\Database\BaseConnection->simpleQuery('INSERT INTO "tb...')
#4 C:\xampp\htdocs\salonClinic\system\Database\BaseBuilder.php(2325): CodeIgniter\Database\BaseConnection->query('INSERT INTO "tb...', Array, false)
#5 C:\xampp\htdocs\salonClinic\app\Controllers\Home.php(320): CodeIgniter\Database\BaseBuilder->insert(Array)
#6 C:\xampp\htdocs\salonClinic\system\CodeIgniter.php(933): App\Controllers\Home->savescedule('tbl_slots')
#7 C:\xampp\htdocs\salonClinic\system\CodeIgniter.php(509): CodeIgniter\CodeIgniter->runController(Object(App\Controllers\Home))
#8 C:\xampp\htdocs\salonClinic\system\CodeIgniter.php(355): CodeIgniter\CodeIgniter->handleRequest(NULL, Object(Config\Cache), false)
#9 C:\xampp\htdocs\salonClinic\system\Boot.php(312): CodeIgniter\CodeIgniter->run()
#10 C:\xampp\htdocs\salonClinic\system\Boot.php(67): CodeIgniter\Boot::runCodeIgniter(Object(CodeIgniter\CodeIgniter))
#11 C:\xampp\htdocs\salonClinic\index.php(56): CodeIgniter\Boot::bootWeb(Object(Config\Paths))
#12 {main}
CRITICAL - 2025-03-20 08:47:17 --> CodeIgniter\Database\Exceptions\DatabaseException: pg_query(): Query failed: ERROR:  column &quot;service_id&quot; of relation &quot;tbl_slots&quot; does not exist
LINE 1: ...bl_slots&quot; (&quot;slots_time&quot;, &quot;day_name&quot;, &quot;branch_id&quot;, &quot;service_i...
                                                             ^
[Method: POST, Route: savescedule/tbl_slots]
in SYSTEMPATH\Database\BaseConnection.php on line 676.
 1 SYSTEMPATH\Database\BaseBuilder.php(2325): CodeIgniter\Database\BaseConnection->query('INSERT INTO "tbl_slots" ("slots_time", "day_name", "branch_id", "service_id", "slotcount", "price", "schedule_id") VALUES (:slots_time:, :day_name:, :branch_id:, :service_id:, :slotcount:, :price:, :schedule_id:)', [...], false)
 2 APPPATH\Controllers\Home.php(320): CodeIgniter\Database\BaseBuilder->insert([...])
 3 SYSTEMPATH\CodeIgniter.php(933): App\Controllers\Home->savescedule('tbl_slots')
 4 SYSTEMPATH\CodeIgniter.php(509): CodeIgniter\CodeIgniter->runController(Object(App\Controllers\Home))
 5 SYSTEMPATH\CodeIgniter.php(355): CodeIgniter\CodeIgniter->handleRequest(null, Object(Config\Cache), false)
 6 SYSTEMPATH\Boot.php(312): CodeIgniter\CodeIgniter->run()
 7 SYSTEMPATH\Boot.php(67): CodeIgniter\Boot::runCodeIgniter(Object(CodeIgniter\CodeIgniter))
 8 FCPATH\index.php(56): CodeIgniter\Boot::bootWeb(Object(Config\Paths))
CRITICAL - 2025-03-20 08:47:17 --> [Caused by] CodeIgniter\Database\Exceptions\DatabaseException: pg_query(): Query failed: ERROR:  column &quot;service_id&quot; of relation &quot;tbl_slots&quot; does not exist
LINE 1: ...bl_slots&quot; (&quot;slots_time&quot;, &quot;day_name&quot;, &quot;branch_id&quot;, &quot;service_i...
                                                             ^
in SYSTEMPATH\Database\Postgre\Connection.php on line 198.
 1 SYSTEMPATH\Database\BaseConnection.php(722): CodeIgniter\Database\Postgre\Connection->execute('INSERT INTO "tbl_slots" ("slots_time", "day_name", "branch_id", "service_id", "slotcount", "price", "schedule_id") VALUES (\'2:00 pm\', \'Monday\', \'39\', 3, NULL, NULL, 102)')
 2 SYSTEMPATH\Database\BaseConnection.php(636): CodeIgniter\Database\BaseConnection->simpleQuery('INSERT INTO "tbl_slots" ("slots_time", "day_name", "branch_id", "service_id", "slotcount", "price", "schedule_id") VALUES (\'2:00 pm\', \'Monday\', \'39\', 3, NULL, NULL, 102)')
 3 SYSTEMPATH\Database\BaseBuilder.php(2325): CodeIgniter\Database\BaseConnection->query('INSERT INTO "tbl_slots" ("slots_time", "day_name", "branch_id", "service_id", "slotcount", "price", "schedule_id") VALUES (:slots_time:, :day_name:, :branch_id:, :service_id:, :slotcount:, :price:, :schedule_id:)', [...], false)
 4 APPPATH\Controllers\Home.php(320): CodeIgniter\Database\BaseBuilder->insert([...])
 5 SYSTEMPATH\CodeIgniter.php(933): App\Controllers\Home->savescedule('tbl_slots')
 6 SYSTEMPATH\CodeIgniter.php(509): CodeIgniter\CodeIgniter->runController(Object(App\Controllers\Home))
 7 SYSTEMPATH\CodeIgniter.php(355): CodeIgniter\CodeIgniter->handleRequest(null, Object(Config\Cache), false)
 8 SYSTEMPATH\Boot.php(312): CodeIgniter\CodeIgniter->run()
 9 SYSTEMPATH\Boot.php(67): CodeIgniter\Boot::runCodeIgniter(Object(CodeIgniter\CodeIgniter))
10 FCPATH\index.php(56): CodeIgniter\Boot::bootWeb(Object(Config\Paths))
CRITICAL - 2025-03-20 08:47:17 --> [Caused by] ErrorException: pg_query(): Query failed: ERROR:  column &quot;service_id&quot; of relation &quot;tbl_slots&quot; does not exist
LINE 1: ...bl_slots&quot; (&quot;slots_time&quot;, &quot;day_name&quot;, &quot;branch_id&quot;, &quot;service_i...
                                                             ^
in SYSTEMPATH\Database\Postgre\Connection.php on line 193.
 1 [internal function]: CodeIgniter\Debug\Exceptions->errorHandler(2, 'pg_query(): Query failed: ERROR:  column &quot;service_id&quot; of relation &quot;tbl_slots&quot; does not exist
LINE 1: ...bl_slots&quot; (&quot;slots_time&quot;, &quot;day_name&quot;, &quot;branch_id&quot;, &quot;service_i...
                                                             ^', 'C:\\xampp\\htdocs\\salonClinic\\system\\Database\\Postgre\\Connection.php', 193)
 2 SYSTEMPATH\Database\Postgre\Connection.php(193): pg_query(Object(PgSql\Connection), 'INSERT INTO "tbl_slots" ("slots_time", "day_name", "branch_id", "service_id", "slotcount", "price", "schedule_id") VALUES (\'2:00 pm\', \'Monday\', \'39\', 3, NULL, NULL, 102)')
 3 SYSTEMPATH\Database\BaseConnection.php(722): CodeIgniter\Database\Postgre\Connection->execute('INSERT INTO "tbl_slots" ("slots_time", "day_name", "branch_id", "service_id", "slotcount", "price", "schedule_id") VALUES (\'2:00 pm\', \'Monday\', \'39\', 3, NULL, NULL, 102)')
 4 SYSTEMPATH\Database\BaseConnection.php(636): CodeIgniter\Database\BaseConnection->simpleQuery('INSERT INTO "tbl_slots" ("slots_time", "day_name", "branch_id", "service_id", "slotcount", "price", "schedule_id") VALUES (\'2:00 pm\', \'Monday\', \'39\', 3, NULL, NULL, 102)')
 5 SYSTEMPATH\Database\BaseBuilder.php(2325): CodeIgniter\Database\BaseConnection->query('INSERT INTO "tbl_slots" ("slots_time", "day_name", "branch_id", "service_id", "slotcount", "price", "schedule_id") VALUES (:slots_time:, :day_name:, :branch_id:, :service_id:, :slotcount:, :price:, :schedule_id:)', [...], false)
 6 APPPATH\Controllers\Home.php(320): CodeIgniter\Database\BaseBuilder->insert([...])
 7 SYSTEMPATH\CodeIgniter.php(933): App\Controllers\Home->savescedule('tbl_slots')
 8 SYSTEMPATH\CodeIgniter.php(509): CodeIgniter\CodeIgniter->runController(Object(App\Controllers\Home))
 9 SYSTEMPATH\CodeIgniter.php(355): CodeIgniter\CodeIgniter->handleRequest(null, Object(Config\Cache), false)
10 SYSTEMPATH\Boot.php(312): CodeIgniter\CodeIgniter->run()
11 SYSTEMPATH\Boot.php(67): CodeIgniter\Boot::runCodeIgniter(Object(CodeIgniter\CodeIgniter))
12 FCPATH\index.php(56): CodeIgniter\Boot::bootWeb(Object(Config\Paths))
DEBUG - 2025-03-20 08:50:21 --> Request Data: {"service_id":3,"schedules":[{"branch":"39","day":"Monday","startTime":"14:00","endTime":"18:59","slots":["2:00 pm","3:10 pm","4:20 pm","5:30 pm"]},{"branch":"39","day":"Tuesday","startTime":"","endTime":"","slots":[]},{"branch":"39","day":"Wednesday","startTime":"","endTime":"","slots":[]},{"branch":"39","day":"Thursday","startTime":"","endTime":"","slots":[]},{"branch":"39","day":"Friday","startTime":"","endTime":"","slots":[]},{"branch":"39","day":"Saturday","startTime":"","endTime":"","slots":[]},{"branch":"39","day":"Sunday","startTime":"","endTime":"","slots":[]}]}
ERROR - 2025-03-20 08:50:24 --> ErrorException: pg_query(): Query failed: ERROR:  column &quot;price&quot; of relation &quot;tbl_slots&quot; does not exist
LINE 1: ...ay_name&quot;, &quot;branch_id&quot;, &quot;service_id&quot;, &quot;slotcount&quot;, &quot;price&quot;, &quot;...
                                                             ^ in C:\xampp\htdocs\salonClinic\system\Database\Postgre\Connection.php:193
Stack trace:
#0 [internal function]: CodeIgniter\Debug\Exceptions->errorHandler(2, 'pg_query(): Que...', 'C:\\xampp\\htdocs...', 193)
#1 C:\xampp\htdocs\salonClinic\system\Database\Postgre\Connection.php(193): pg_query(Object(PgSql\Connection), 'INSERT INTO "tb...')
#2 C:\xampp\htdocs\salonClinic\system\Database\BaseConnection.php(722): CodeIgniter\Database\Postgre\Connection->execute('INSERT INTO "tb...')
#3 C:\xampp\htdocs\salonClinic\system\Database\BaseConnection.php(636): CodeIgniter\Database\BaseConnection->simpleQuery('INSERT INTO "tb...')
#4 C:\xampp\htdocs\salonClinic\system\Database\BaseBuilder.php(2325): CodeIgniter\Database\BaseConnection->query('INSERT INTO "tb...', Array, false)
#5 C:\xampp\htdocs\salonClinic\app\Controllers\Home.php(320): CodeIgniter\Database\BaseBuilder->insert(Array)
#6 C:\xampp\htdocs\salonClinic\system\CodeIgniter.php(933): App\Controllers\Home->savescedule('tbl_slots')
#7 C:\xampp\htdocs\salonClinic\system\CodeIgniter.php(509): CodeIgniter\CodeIgniter->runController(Object(App\Controllers\Home))
#8 C:\xampp\htdocs\salonClinic\system\CodeIgniter.php(355): CodeIgniter\CodeIgniter->handleRequest(NULL, Object(Config\Cache), false)
#9 C:\xampp\htdocs\salonClinic\system\Boot.php(312): CodeIgniter\CodeIgniter->run()
#10 C:\xampp\htdocs\salonClinic\system\Boot.php(67): CodeIgniter\Boot::runCodeIgniter(Object(CodeIgniter\CodeIgniter))
#11 C:\xampp\htdocs\salonClinic\index.php(56): CodeIgniter\Boot::bootWeb(Object(Config\Paths))
#12 {main}
CRITICAL - 2025-03-20 08:50:24 --> CodeIgniter\Database\Exceptions\DatabaseException: pg_query(): Query failed: ERROR:  column &quot;price&quot; of relation &quot;tbl_slots&quot; does not exist
LINE 1: ...ay_name&quot;, &quot;branch_id&quot;, &quot;service_id&quot;, &quot;slotcount&quot;, &quot;price&quot;, &quot;...
                                                             ^
[Method: POST, Route: savescedule/tbl_slots]
in SYSTEMPATH\Database\BaseConnection.php on line 676.
 1 SYSTEMPATH\Database\BaseBuilder.php(2325): CodeIgniter\Database\BaseConnection->query('INSERT INTO "tbl_slots" ("slots_time", "day_name", "branch_id", "service_id", "slotcount", "price", "schedule_id") VALUES (:slots_time:, :day_name:, :branch_id:, :service_id:, :slotcount:, :price:, :schedule_id:)', [...], false)
 2 APPPATH\Controllers\Home.php(320): CodeIgniter\Database\BaseBuilder->insert([...])
 3 SYSTEMPATH\CodeIgniter.php(933): App\Controllers\Home->savescedule('tbl_slots')
 4 SYSTEMPATH\CodeIgniter.php(509): CodeIgniter\CodeIgniter->runController(Object(App\Controllers\Home))
 5 SYSTEMPATH\CodeIgniter.php(355): CodeIgniter\CodeIgniter->handleRequest(null, Object(Config\Cache), false)
 6 SYSTEMPATH\Boot.php(312): CodeIgniter\CodeIgniter->run()
 7 SYSTEMPATH\Boot.php(67): CodeIgniter\Boot::runCodeIgniter(Object(CodeIgniter\CodeIgniter))
 8 FCPATH\index.php(56): CodeIgniter\Boot::bootWeb(Object(Config\Paths))
CRITICAL - 2025-03-20 08:50:24 --> [Caused by] CodeIgniter\Database\Exceptions\DatabaseException: pg_query(): Query failed: ERROR:  column &quot;price&quot; of relation &quot;tbl_slots&quot; does not exist
LINE 1: ...ay_name&quot;, &quot;branch_id&quot;, &quot;service_id&quot;, &quot;slotcount&quot;, &quot;price&quot;, &quot;...
                                                             ^
in SYSTEMPATH\Database\Postgre\Connection.php on line 198.
 1 SYSTEMPATH\Database\BaseConnection.php(722): CodeIgniter\Database\Postgre\Connection->execute('INSERT INTO "tbl_slots" ("slots_time", "day_name", "branch_id", "service_id", "slotcount", "price", "schedule_id") VALUES (\'2:00 pm\', \'Monday\', \'39\', 3, NULL, NULL, 103)')
 2 SYSTEMPATH\Database\BaseConnection.php(636): CodeIgniter\Database\BaseConnection->simpleQuery('INSERT INTO "tbl_slots" ("slots_time", "day_name", "branch_id", "service_id", "slotcount", "price", "schedule_id") VALUES (\'2:00 pm\', \'Monday\', \'39\', 3, NULL, NULL, 103)')
 3 SYSTEMPATH\Database\BaseBuilder.php(2325): CodeIgniter\Database\BaseConnection->query('INSERT INTO "tbl_slots" ("slots_time", "day_name", "branch_id", "service_id", "slotcount", "price", "schedule_id") VALUES (:slots_time:, :day_name:, :branch_id:, :service_id:, :slotcount:, :price:, :schedule_id:)', [...], false)
 4 APPPATH\Controllers\Home.php(320): CodeIgniter\Database\BaseBuilder->insert([...])
 5 SYSTEMPATH\CodeIgniter.php(933): App\Controllers\Home->savescedule('tbl_slots')
 6 SYSTEMPATH\CodeIgniter.php(509): CodeIgniter\CodeIgniter->runController(Object(App\Controllers\Home))
 7 SYSTEMPATH\CodeIgniter.php(355): CodeIgniter\CodeIgniter->handleRequest(null, Object(Config\Cache), false)
 8 SYSTEMPATH\Boot.php(312): CodeIgniter\CodeIgniter->run()
 9 SYSTEMPATH\Boot.php(67): CodeIgniter\Boot::runCodeIgniter(Object(CodeIgniter\CodeIgniter))
10 FCPATH\index.php(56): CodeIgniter\Boot::bootWeb(Object(Config\Paths))
CRITICAL - 2025-03-20 08:50:24 --> [Caused by] ErrorException: pg_query(): Query failed: ERROR:  column &quot;price&quot; of relation &quot;tbl_slots&quot; does not exist
LINE 1: ...ay_name&quot;, &quot;branch_id&quot;, &quot;service_id&quot;, &quot;slotcount&quot;, &quot;price&quot;, &quot;...
                                                             ^
in SYSTEMPATH\Database\Postgre\Connection.php on line 193.
 1 [internal function]: CodeIgniter\Debug\Exceptions->errorHandler(2, 'pg_query(): Query failed: ERROR:  column &quot;price&quot; of relation &quot;tbl_slots&quot; does not exist
LINE 1: ...ay_name&quot;, &quot;branch_id&quot;, &quot;service_id&quot;, &quot;slotcount&quot;, &quot;price&quot;, &quot;...
                                                             ^', 'C:\\xampp\\htdocs\\salonClinic\\system\\Database\\Postgre\\Connection.php', 193)
 2 SYSTEMPATH\Database\Postgre\Connection.php(193): pg_query(Object(PgSql\Connection), 'INSERT INTO "tbl_slots" ("slots_time", "day_name", "branch_id", "service_id", "slotcount", "price", "schedule_id") VALUES (\'2:00 pm\', \'Monday\', \'39\', 3, NULL, NULL, 103)')
 3 SYSTEMPATH\Database\BaseConnection.php(722): CodeIgniter\Database\Postgre\Connection->execute('INSERT INTO "tbl_slots" ("slots_time", "day_name", "branch_id", "service_id", "slotcount", "price", "schedule_id") VALUES (\'2:00 pm\', \'Monday\', \'39\', 3, NULL, NULL, 103)')
 4 SYSTEMPATH\Database\BaseConnection.php(636): CodeIgniter\Database\BaseConnection->simpleQuery('INSERT INTO "tbl_slots" ("slots_time", "day_name", "branch_id", "service_id", "slotcount", "price", "schedule_id") VALUES (\'2:00 pm\', \'Monday\', \'39\', 3, NULL, NULL, 103)')
 5 SYSTEMPATH\Database\BaseBuilder.php(2325): CodeIgniter\Database\BaseConnection->query('INSERT INTO "tbl_slots" ("slots_time", "day_name", "branch_id", "service_id", "slotcount", "price", "schedule_id") VALUES (:slots_time:, :day_name:, :branch_id:, :service_id:, :slotcount:, :price:, :schedule_id:)', [...], false)
 6 APPPATH\Controllers\Home.php(320): CodeIgniter\Database\BaseBuilder->insert([...])
 7 SYSTEMPATH\CodeIgniter.php(933): App\Controllers\Home->savescedule('tbl_slots')
 8 SYSTEMPATH\CodeIgniter.php(509): CodeIgniter\CodeIgniter->runController(Object(App\Controllers\Home))
 9 SYSTEMPATH\CodeIgniter.php(355): CodeIgniter\CodeIgniter->handleRequest(null, Object(Config\Cache), false)
10 SYSTEMPATH\Boot.php(312): CodeIgniter\CodeIgniter->run()
11 SYSTEMPATH\Boot.php(67): CodeIgniter\Boot::runCodeIgniter(Object(CodeIgniter\CodeIgniter))
12 FCPATH\index.php(56): CodeIgniter\Boot::bootWeb(Object(Config\Paths))
DEBUG - 2025-03-20 08:52:53 --> Request Data: {"service_id":3,"schedules":[{"branch":"39","day":"Monday","startTime":"14:00","endTime":"18:59","slots":["2:00 pm","3:10 pm","4:20 pm","5:30 pm"]},{"branch":"39","day":"Tuesday","startTime":"","endTime":"","slots":[]},{"branch":"39","day":"Wednesday","startTime":"","endTime":"","slots":[]},{"branch":"39","day":"Thursday","startTime":"","endTime":"","slots":[]},{"branch":"39","day":"Friday","startTime":"","endTime":"","slots":[]},{"branch":"39","day":"Saturday","startTime":"","endTime":"","slots":[]},{"branch":"39","day":"Sunday","startTime":"","endTime":"","slots":[]}]}
DEBUG - 2025-03-20 08:57:37 --> Request Data: {"service_id":3,"schedules":[{"branch":"39","day":"Monday","startTime":"09:00","endTime":"19:00","slots":["9:00 am","10:10 am","11:20 am","12:30 pm","1:40 pm","2:50 pm","4:00 pm","5:10 pm"]},{"branch":"39","day":"Tuesday","startTime":"","endTime":"","slots":[]},{"branch":"39","day":"Wednesday","startTime":"","endTime":"","slots":[]},{"branch":"39","day":"Thursday","startTime":"","endTime":"","slots":[]},{"branch":"39","day":"Friday","startTime":"","endTime":"","slots":[]},{"branch":"39","day":"Saturday","startTime":"","endTime":"","slots":[]},{"branch":"39","day":"Sunday","startTime":"","endTime":"","slots":[]}]}
DEBUG - 2025-03-20 11:18:02 --> Request Data: {"service_id":4,"schedules":[{"branch":"39","day":"Monday","startTime":"09:00","endTime":"13:47","slots":["9:00 am","10:00 am","11:00 am","12:00 pm"]},{"branch":"39","day":"Tuesday","startTime":"","endTime":"","slots":[]},{"branch":"39","day":"Wednesday","startTime":"","endTime":"","slots":[]},{"branch":"39","day":"Thursday","startTime":"","endTime":"","slots":[]},{"branch":"39","day":"Friday","startTime":"","endTime":"","slots":[]},{"branch":"39","day":"Saturday","startTime":"","endTime":"","slots":[]},{"branch":"39","day":"Sunday","startTime":"","endTime":"","slots":[]}]}
DEBUG - 2025-03-20 11:21:46 --> Request Data: {"service_id":3,"schedules":[{"branch":"39","day":"Monday","startTime":"16:00","endTime":"21:51","slots":["4:00 pm","5:10 pm","6:20 pm","7:30 pm","8:40 pm"]},{"branch":"39","day":"Tuesday","startTime":"","endTime":"","slots":[]},{"branch":"39","day":"Wednesday","startTime":"","endTime":"","slots":[]},{"branch":"39","day":"Thursday","startTime":"","endTime":"","slots":[]},{"branch":"39","day":"Friday","startTime":"","endTime":"","slots":[]},{"branch":"39","day":"Saturday","startTime":"","endTime":"","slots":[]},{"branch":"39","day":"Sunday","startTime":"","endTime":"","slots":[]}]}
ERROR - 2025-03-20 12:01:21 --> ErrorException: pg_query(): Query failed: ERROR:  column s.Price does not exist
LINE 13:                     'price', COALESCE(s.&quot;Price&quot;, '')::text, ...
                                               ^
HINT:  Perhaps you meant to reference the column &quot;s.price&quot;.
QUERY:  SELECT jsonb_build_object(
            'status', 200,
            'message', 'Pending appointments retrieved successfully',
            'data', jsonb_agg(
                jsonb_build_object(
                    'id', a.id,
                    'branch', a.branch,
                    'consultant', a.consultant,
                    'section', a.section,
                    'slot', a.slot,
                    'appointment_status', a.appointment_status,
                    'slots_time', s.slots_time,
                    'price', COALESCE(s.&quot;Price&quot;, '')::text,  -- Use &quot;Price&quot; with quotes for case-sensitivity
                    'branch_name', b.branch_name,
                    'consultant_name', r.name,
                    'section_name', sec.section_name,
                    'full_name', a.full_name,
                    'mobile_no', a.mobile_no,
                    'email_id', a.email_id,
                    'locations', a.locations,
                    'startdate', a.startdate,
                    'dates', a.dates,  -- Include 'dates' column
                    'created_at', a.created_at
                )
            )
    )
                         FROM tbl_appointment a
    LEFT JOIN tbl_slots s ON CAST(a.slot AS INTEGER) = s.id
    LEFT JOIN tbl_register r ON a.consultant = r.id
    LEFT JOIN tbl_branch b ON a.branch = b.id
    LEFT JOIN tbl_section sec ON a.section = sec.id
    WHERE a.is_deleted = 'N'
    AND a.appointment_status = 'PE'  -- Only pending appointments
    AND a.dates &lt;= CURRENT_DATE
CONTEXT:  PL/pgSQL function get_pending_appointments() line 4 at SQL statement in C:\xampp\htdocs\salonClinic\system\Database\Postgre\Connection.php:193
Stack trace:
#0 [internal function]: CodeIgniter\Debug\Exceptions->errorHandler(2, 'pg_query(): Que...', 'C:\\xampp\\htdocs...', 193)
#1 C:\xampp\htdocs\salonClinic\system\Database\Postgre\Connection.php(193): pg_query(Object(PgSql\Connection), 'CALL get_pendin...')
#2 C:\xampp\htdocs\salonClinic\system\Database\BaseConnection.php(722): CodeIgniter\Database\Postgre\Connection->execute('CALL get_pendin...')
#3 C:\xampp\htdocs\salonClinic\system\Database\BaseConnection.php(636): CodeIgniter\Database\BaseConnection->simpleQuery('CALL get_pendin...')
#4 C:\xampp\htdocs\salonClinic\app\Controllers\Home.php(1696): CodeIgniter\Database\BaseConnection->query('CALL get_pendin...', Array)
#5 C:\xampp\htdocs\salonClinic\system\CodeIgniter.php(933): App\Controllers\Home->getPendingAppointments()
#6 C:\xampp\htdocs\salonClinic\system\CodeIgniter.php(509): CodeIgniter\CodeIgniter->runController(Object(App\Controllers\Home))
#7 C:\xampp\htdocs\salonClinic\system\CodeIgniter.php(355): CodeIgniter\CodeIgniter->handleRequest(NULL, Object(Config\Cache), false)
#8 C:\xampp\htdocs\salonClinic\system\Boot.php(312): CodeIgniter\CodeIgniter->run()
#9 C:\xampp\htdocs\salonClinic\system\Boot.php(67): CodeIgniter\Boot::runCodeIgniter(Object(CodeIgniter\CodeIgniter))
#10 C:\xampp\htdocs\salonClinic\index.php(56): CodeIgniter\Boot::bootWeb(Object(Config\Paths))
#11 {main}
CRITICAL - 2025-03-20 12:01:21 --> CodeIgniter\Database\Exceptions\DatabaseException: pg_query(): Query failed: ERROR:  column s.Price does not exist
LINE 13:                     'price', COALESCE(s.&quot;Price&quot;, '')::text, ...
                                               ^
HINT:  Perhaps you meant to reference the column &quot;s.price&quot;.
QUERY:  SELECT jsonb_build_object(
            'status', 200,
            'message', 'Pending appointments retrieved successfully',
            'data', jsonb_agg(
                jsonb_build_object(
                    'id', a.id,
                    'branch', a.branch,
                    'consultant', a.consultant,
                    'section', a.section,
                    'slot', a.slot,
                    'appointment_status', a.appointment_status,
                    'slots_time', s.slots_time,
                    'price', COALESCE(s.&quot;Price&quot;, '')::text,  -- Use &quot;Price&quot; with quotes for case-sensitivity
                    'branch_name', b.branch_name,
                    'consultant_name', r.name,
                    'section_name', sec.section_name,
                    'full_name', a.full_name,
                    'mobile_no', a.mobile_no,
                    'email_id', a.email_id,
                    'locations', a.locations,
                    'startdate', a.startdate,
                    'dates', a.dates,  -- Include 'dates' column
                    'created_at', a.created_at
                )
            )
    )
                         FROM tbl_appointment a
    LEFT JOIN tbl_slots s ON CAST(a.slot AS INTEGER) = s.id
    LEFT JOIN tbl_register r ON a.consultant = r.id
    LEFT JOIN tbl_branch b ON a.branch = b.id
    LEFT JOIN tbl_section sec ON a.section = sec.id
    WHERE a.is_deleted = 'N'
    AND a.appointment_status = 'PE'  -- Only pending appointments
    AND a.dates &lt;= CURRENT_DATE
CONTEXT:  PL/pgSQL function get_pending_appointments() line 4 at SQL statement
[Method: GET, Route: get_pending_appointments]
in SYSTEMPATH\Database\BaseConnection.php on line 676.
 1 APPPATH\Controllers\Home.php(1696): CodeIgniter\Database\BaseConnection->query('CALL get_pending_appointments(?)', [...])
 2 SYSTEMPATH\CodeIgniter.php(933): App\Controllers\Home->getPendingAppointments()
 3 SYSTEMPATH\CodeIgniter.php(509): CodeIgniter\CodeIgniter->runController(Object(App\Controllers\Home))
 4 SYSTEMPATH\CodeIgniter.php(355): CodeIgniter\CodeIgniter->handleRequest(null, Object(Config\Cache), false)
 5 SYSTEMPATH\Boot.php(312): CodeIgniter\CodeIgniter->run()
 6 SYSTEMPATH\Boot.php(67): CodeIgniter\Boot::runCodeIgniter(Object(CodeIgniter\CodeIgniter))
 7 FCPATH\index.php(56): CodeIgniter\Boot::bootWeb(Object(Config\Paths))
CRITICAL - 2025-03-20 12:01:21 --> [Caused by] CodeIgniter\Database\Exceptions\DatabaseException: pg_query(): Query failed: ERROR:  column s.Price does not exist
LINE 13:                     'price', COALESCE(s.&quot;Price&quot;, '')::text, ...
                                               ^
HINT:  Perhaps you meant to reference the column &quot;s.price&quot;.
QUERY:  SELECT jsonb_build_object(
            'status', 200,
            'message', 'Pending appointments retrieved successfully',
            'data', jsonb_agg(
                jsonb_build_object(
                    'id', a.id,
                    'branch', a.branch,
                    'consultant', a.consultant,
                    'section', a.section,
                    'slot', a.slot,
                    'appointment_status', a.appointment_status,
                    'slots_time', s.slots_time,
                    'price', COALESCE(s.&quot;Price&quot;, '')::text,  -- Use &quot;Price&quot; with quotes for case-sensitivity
                    'branch_name', b.branch_name,
                    'consultant_name', r.name,
                    'section_name', sec.section_name,
                    'full_name', a.full_name,
                    'mobile_no', a.mobile_no,
                    'email_id', a.email_id,
                    'locations', a.locations,
                    'startdate', a.startdate,
                    'dates', a.dates,  -- Include 'dates' column
                    'created_at', a.created_at
                )
            )
    )
                         FROM tbl_appointment a
    LEFT JOIN tbl_slots s ON CAST(a.slot AS INTEGER) = s.id
    LEFT JOIN tbl_register r ON a.consultant = r.id
    LEFT JOIN tbl_branch b ON a.branch = b.id
    LEFT JOIN tbl_section sec ON a.section = sec.id
    WHERE a.is_deleted = 'N'
    AND a.appointment_status = 'PE'  -- Only pending appointments
    AND a.dates &lt;= CURRENT_DATE
CONTEXT:  PL/pgSQL function get_pending_appointments() line 4 at SQL statement
in SYSTEMPATH\Database\Postgre\Connection.php on line 198.
 1 SYSTEMPATH\Database\BaseConnection.php(722): CodeIgniter\Database\Postgre\Connection->execute('CALL get_pending_appointments(NULL)')
 2 SYSTEMPATH\Database\BaseConnection.php(636): CodeIgniter\Database\BaseConnection->simpleQuery('CALL get_pending_appointments(NULL)')
 3 APPPATH\Controllers\Home.php(1696): CodeIgniter\Database\BaseConnection->query('CALL get_pending_appointments(?)', [...])
 4 SYSTEMPATH\CodeIgniter.php(933): App\Controllers\Home->getPendingAppointments()
 5 SYSTEMPATH\CodeIgniter.php(509): CodeIgniter\CodeIgniter->runController(Object(App\Controllers\Home))
 6 SYSTEMPATH\CodeIgniter.php(355): CodeIgniter\CodeIgniter->handleRequest(null, Object(Config\Cache), false)
 7 SYSTEMPATH\Boot.php(312): CodeIgniter\CodeIgniter->run()
 8 SYSTEMPATH\Boot.php(67): CodeIgniter\Boot::runCodeIgniter(Object(CodeIgniter\CodeIgniter))
 9 FCPATH\index.php(56): CodeIgniter\Boot::bootWeb(Object(Config\Paths))
CRITICAL - 2025-03-20 12:01:21 --> [Caused by] ErrorException: pg_query(): Query failed: ERROR:  column s.Price does not exist
LINE 13:                     'price', COALESCE(s.&quot;Price&quot;, '')::text, ...
                                               ^
HINT:  Perhaps you meant to reference the column &quot;s.price&quot;.
QUERY:  SELECT jsonb_build_object(
            'status', 200,
            'message', 'Pending appointments retrieved successfully',
            'data', jsonb_agg(
                jsonb_build_object(
                    'id', a.id,
                    'branch', a.branch,
                    'consultant', a.consultant,
                    'section', a.section,
                    'slot', a.slot,
                    'appointment_status', a.appointment_status,
                    'slots_time', s.slots_time,
                    'price', COALESCE(s.&quot;Price&quot;, '')::text,  -- Use &quot;Price&quot; with quotes for case-sensitivity
                    'branch_name', b.branch_name,
                    'consultant_name', r.name,
                    'section_name', sec.section_name,
                    'full_name', a.full_name,
                    'mobile_no', a.mobile_no,
                    'email_id', a.email_id,
                    'locations', a.locations,
                    'startdate', a.startdate,
                    'dates', a.dates,  -- Include 'dates' column
                    'created_at', a.created_at
                )
            )
    )
                         FROM tbl_appointment a
    LEFT JOIN tbl_slots s ON CAST(a.slot AS INTEGER) = s.id
    LEFT JOIN tbl_register r ON a.consultant = r.id
    LEFT JOIN tbl_branch b ON a.branch = b.id
    LEFT JOIN tbl_section sec ON a.section = sec.id
    WHERE a.is_deleted = 'N'
    AND a.appointment_status = 'PE'  -- Only pending appointments
    AND a.dates &lt;= CURRENT_DATE
CONTEXT:  PL/pgSQL function get_pending_appointments() line 4 at SQL statement
in SYSTEMPATH\Database\Postgre\Connection.php on line 193.
 1 [internal function]: CodeIgniter\Debug\Exceptions->errorHandler(2, 'pg_query(): Query failed: ERROR:  column s.Price does not exist
LINE 13:                     \'price\', COALESCE(s.&quot;Price&quot;, \'\')::text, ...
                                               ^
HINT:  Perhaps you meant to reference the column &quot;s.price&quot;.
QUERY:  SELECT jsonb_build_object(
            \'status\', 200,
            \'message\', \'Pending appointments retrieved successfully\',
            \'data\', jsonb_agg(
                jsonb_build_object(
                    \'id\', a.id,
                    \'branch\', a.branch,
                    \'consultant\', a.consultant,
                    \'section\', a.section,
                    \'slot\', a.slot,
                    \'appointment_status\', a.appointment_status,
                    \'slots_time\', s.slots_time,
                    \'price\', COALESCE(s.&quot;Price&quot;, \'\')::text,  -- Use &quot;Price&quot; with quotes for case-sensitivity
                    \'branch_name\', b.branch_name,
                    \'consultant_name\', r.name,
                    \'section_name\', sec.section_name,
                    \'full_name\', a.full_name,
                    \'mobile_no\', a.mobile_no,
                    \'email_id\', a.email_id,
                    \'locations\', a.locations,
                    \'startdate\', a.startdate,
                    \'dates\', a.dates,  -- Include \'dates\' column
                    \'created_at\', a.created_at
                )
            )
    )
                         FROM tbl_appointment a
    LEFT JOIN tbl_slots s ON CAST(a.slot AS INTEGER) = s.id
    LEFT JOIN tbl_register r ON a.consultant = r.id
    LEFT JOIN tbl_branch b ON a.branch = b.id
    LEFT JOIN tbl_section sec ON a.section = sec.id
    WHERE a.is_deleted = \'N\'
    AND a.appointment_status = \'PE\'  -- Only pending appointments
    AND a.dates &lt;= CURRENT_DATE
CONTEXT:  PL/pgSQL function get_pending_appointments() line 4 at SQL statement', 'C:\\xampp\\htdocs\\salonClinic\\system\\Database\\Postgre\\Connection.php', 193)
 2 SYSTEMPATH\Database\Postgre\Connection.php(193): pg_query(Object(PgSql\Connection), 'CALL get_pending_appointments(NULL)')
 3 SYSTEMPATH\Database\BaseConnection.php(722): CodeIgniter\Database\Postgre\Connection->execute('CALL get_pending_appointments(NULL)')
 4 SYSTEMPATH\Database\BaseConnection.php(636): CodeIgniter\Database\BaseConnection->simpleQuery('CALL get_pending_appointments(NULL)')
 5 APPPATH\Controllers\Home.php(1696): CodeIgniter\Database\BaseConnection->query('CALL get_pending_appointments(?)', [...])
 6 SYSTEMPATH\CodeIgniter.php(933): App\Controllers\Home->getPendingAppointments()
 7 SYSTEMPATH\CodeIgniter.php(509): CodeIgniter\CodeIgniter->runController(Object(App\Controllers\Home))
 8 SYSTEMPATH\CodeIgniter.php(355): CodeIgniter\CodeIgniter->handleRequest(null, Object(Config\Cache), false)
 9 SYSTEMPATH\Boot.php(312): CodeIgniter\CodeIgniter->run()
10 SYSTEMPATH\Boot.php(67): CodeIgniter\Boot::runCodeIgniter(Object(CodeIgniter\CodeIgniter))
11 FCPATH\index.php(56): CodeIgniter\Boot::bootWeb(Object(Config\Paths))
ERROR - 2025-03-20 12:01:59 --> ErrorException: pg_query(): Query failed: ERROR:  column s.Price does not exist
LINE 13:                     'price', COALESCE(s.&quot;Price&quot;, '')::text, ...
                                               ^
HINT:  Perhaps you meant to reference the column &quot;s.price&quot;.
QUERY:  SELECT jsonb_build_object(
            'status', 200,
            'message', 'Pending appointments retrieved successfully',
            'data', jsonb_agg(
                jsonb_build_object(
                    'id', a.id,
                    'branch', a.branch,
                    'consultant', a.consultant,
                    'section', a.section,
                    'slot', a.slot,
                    'appointment_status', a.appointment_status,
                    'slots_time', s.slots_time,
                    'price', COALESCE(s.&quot;Price&quot;, '')::text,  -- Use &quot;Price&quot; with quotes for case-sensitivity
                    'branch_name', b.branch_name,
                    'consultant_name', r.name,
                    'section_name', sec.section_name,
                    'full_name', a.full_name,
                    'mobile_no', a.mobile_no,
                    'email_id', a.email_id,
                    'locations', a.locations,
                    'startdate', a.startdate,
                    'dates', a.dates,  -- Include 'dates' column
                    'created_at', a.created_at
                )
            )
    )
                         FROM tbl_appointment a
    LEFT JOIN tbl_slots s ON CAST(a.slot AS INTEGER) = s.id
    LEFT JOIN tbl_register r ON a.consultant = r.id
    LEFT JOIN tbl_branch b ON a.branch = b.id
    LEFT JOIN tbl_section sec ON a.section = sec.id
    WHERE a.is_deleted = 'N'
    AND a.appointment_status = 'PE'  -- Only pending appointments
    AND a.dates &lt;= CURRENT_DATE
CONTEXT:  PL/pgSQL function get_pending_appointments() line 4 at SQL statement in C:\xampp\htdocs\salonClinic\system\Database\Postgre\Connection.php:193
Stack trace:
#0 [internal function]: CodeIgniter\Debug\Exceptions->errorHandler(2, 'pg_query(): Que...', 'C:\\xampp\\htdocs...', 193)
#1 C:\xampp\htdocs\salonClinic\system\Database\Postgre\Connection.php(193): pg_query(Object(PgSql\Connection), 'CALL get_pendin...')
#2 C:\xampp\htdocs\salonClinic\system\Database\BaseConnection.php(722): CodeIgniter\Database\Postgre\Connection->execute('CALL get_pendin...')
#3 C:\xampp\htdocs\salonClinic\system\Database\BaseConnection.php(636): CodeIgniter\Database\BaseConnection->simpleQuery('CALL get_pendin...')
#4 C:\xampp\htdocs\salonClinic\app\Controllers\Home.php(1696): CodeIgniter\Database\BaseConnection->query('CALL get_pendin...', Array)
#5 C:\xampp\htdocs\salonClinic\system\CodeIgniter.php(933): App\Controllers\Home->getPendingAppointments()
#6 C:\xampp\htdocs\salonClinic\system\CodeIgniter.php(509): CodeIgniter\CodeIgniter->runController(Object(App\Controllers\Home))
#7 C:\xampp\htdocs\salonClinic\system\CodeIgniter.php(355): CodeIgniter\CodeIgniter->handleRequest(NULL, Object(Config\Cache), false)
#8 C:\xampp\htdocs\salonClinic\system\Boot.php(312): CodeIgniter\CodeIgniter->run()
#9 C:\xampp\htdocs\salonClinic\system\Boot.php(67): CodeIgniter\Boot::runCodeIgniter(Object(CodeIgniter\CodeIgniter))
#10 C:\xampp\htdocs\salonClinic\index.php(56): CodeIgniter\Boot::bootWeb(Object(Config\Paths))
#11 {main}
CRITICAL - 2025-03-20 12:01:59 --> CodeIgniter\Database\Exceptions\DatabaseException: pg_query(): Query failed: ERROR:  column s.Price does not exist
LINE 13:                     'price', COALESCE(s.&quot;Price&quot;, '')::text, ...
                                               ^
HINT:  Perhaps you meant to reference the column &quot;s.price&quot;.
QUERY:  SELECT jsonb_build_object(
            'status', 200,
            'message', 'Pending appointments retrieved successfully',
            'data', jsonb_agg(
                jsonb_build_object(
                    'id', a.id,
                    'branch', a.branch,
                    'consultant', a.consultant,
                    'section', a.section,
                    'slot', a.slot,
                    'appointment_status', a.appointment_status,
                    'slots_time', s.slots_time,
                    'price', COALESCE(s.&quot;Price&quot;, '')::text,  -- Use &quot;Price&quot; with quotes for case-sensitivity
                    'branch_name', b.branch_name,
                    'consultant_name', r.name,
                    'section_name', sec.section_name,
                    'full_name', a.full_name,
                    'mobile_no', a.mobile_no,
                    'email_id', a.email_id,
                    'locations', a.locations,
                    'startdate', a.startdate,
                    'dates', a.dates,  -- Include 'dates' column
                    'created_at', a.created_at
                )
            )
    )
                         FROM tbl_appointment a
    LEFT JOIN tbl_slots s ON CAST(a.slot AS INTEGER) = s.id
    LEFT JOIN tbl_register r ON a.consultant = r.id
    LEFT JOIN tbl_branch b ON a.branch = b.id
    LEFT JOIN tbl_section sec ON a.section = sec.id
    WHERE a.is_deleted = 'N'
    AND a.appointment_status = 'PE'  -- Only pending appointments
    AND a.dates &lt;= CURRENT_DATE
CONTEXT:  PL/pgSQL function get_pending_appointments() line 4 at SQL statement
[Method: GET, Route: get_pending_appointments]
in SYSTEMPATH\Database\BaseConnection.php on line 676.
 1 APPPATH\Controllers\Home.php(1696): CodeIgniter\Database\BaseConnection->query('CALL get_pending_appointments(?)', [...])
 2 SYSTEMPATH\CodeIgniter.php(933): App\Controllers\Home->getPendingAppointments()
 3 SYSTEMPATH\CodeIgniter.php(509): CodeIgniter\CodeIgniter->runController(Object(App\Controllers\Home))
 4 SYSTEMPATH\CodeIgniter.php(355): CodeIgniter\CodeIgniter->handleRequest(null, Object(Config\Cache), false)
 5 SYSTEMPATH\Boot.php(312): CodeIgniter\CodeIgniter->run()
 6 SYSTEMPATH\Boot.php(67): CodeIgniter\Boot::runCodeIgniter(Object(CodeIgniter\CodeIgniter))
 7 FCPATH\index.php(56): CodeIgniter\Boot::bootWeb(Object(Config\Paths))
CRITICAL - 2025-03-20 12:01:59 --> [Caused by] CodeIgniter\Database\Exceptions\DatabaseException: pg_query(): Query failed: ERROR:  column s.Price does not exist
LINE 13:                     'price', COALESCE(s.&quot;Price&quot;, '')::text, ...
                                               ^
HINT:  Perhaps you meant to reference the column &quot;s.price&quot;.
QUERY:  SELECT jsonb_build_object(
            'status', 200,
            'message', 'Pending appointments retrieved successfully',
            'data', jsonb_agg(
                jsonb_build_object(
                    'id', a.id,
                    'branch', a.branch,
                    'consultant', a.consultant,
                    'section', a.section,
                    'slot', a.slot,
                    'appointment_status', a.appointment_status,
                    'slots_time', s.slots_time,
                    'price', COALESCE(s.&quot;Price&quot;, '')::text,  -- Use &quot;Price&quot; with quotes for case-sensitivity
                    'branch_name', b.branch_name,
                    'consultant_name', r.name,
                    'section_name', sec.section_name,
                    'full_name', a.full_name,
                    'mobile_no', a.mobile_no,
                    'email_id', a.email_id,
                    'locations', a.locations,
                    'startdate', a.startdate,
                    'dates', a.dates,  -- Include 'dates' column
                    'created_at', a.created_at
                )
            )
    )
                         FROM tbl_appointment a
    LEFT JOIN tbl_slots s ON CAST(a.slot AS INTEGER) = s.id
    LEFT JOIN tbl_register r ON a.consultant = r.id
    LEFT JOIN tbl_branch b ON a.branch = b.id
    LEFT JOIN tbl_section sec ON a.section = sec.id
    WHERE a.is_deleted = 'N'
    AND a.appointment_status = 'PE'  -- Only pending appointments
    AND a.dates &lt;= CURRENT_DATE
CONTEXT:  PL/pgSQL function get_pending_appointments() line 4 at SQL statement
in SYSTEMPATH\Database\Postgre\Connection.php on line 198.
 1 SYSTEMPATH\Database\BaseConnection.php(722): CodeIgniter\Database\Postgre\Connection->execute('CALL get_pending_appointments(NULL)')
 2 SYSTEMPATH\Database\BaseConnection.php(636): CodeIgniter\Database\BaseConnection->simpleQuery('CALL get_pending_appointments(NULL)')
 3 APPPATH\Controllers\Home.php(1696): CodeIgniter\Database\BaseConnection->query('CALL get_pending_appointments(?)', [...])
 4 SYSTEMPATH\CodeIgniter.php(933): App\Controllers\Home->getPendingAppointments()
 5 SYSTEMPATH\CodeIgniter.php(509): CodeIgniter\CodeIgniter->runController(Object(App\Controllers\Home))
 6 SYSTEMPATH\CodeIgniter.php(355): CodeIgniter\CodeIgniter->handleRequest(null, Object(Config\Cache), false)
 7 SYSTEMPATH\Boot.php(312): CodeIgniter\CodeIgniter->run()
 8 SYSTEMPATH\Boot.php(67): CodeIgniter\Boot::runCodeIgniter(Object(CodeIgniter\CodeIgniter))
 9 FCPATH\index.php(56): CodeIgniter\Boot::bootWeb(Object(Config\Paths))
CRITICAL - 2025-03-20 12:01:59 --> [Caused by] ErrorException: pg_query(): Query failed: ERROR:  column s.Price does not exist
LINE 13:                     'price', COALESCE(s.&quot;Price&quot;, '')::text, ...
                                               ^
HINT:  Perhaps you meant to reference the column &quot;s.price&quot;.
QUERY:  SELECT jsonb_build_object(
            'status', 200,
            'message', 'Pending appointments retrieved successfully',
            'data', jsonb_agg(
                jsonb_build_object(
                    'id', a.id,
                    'branch', a.branch,
                    'consultant', a.consultant,
                    'section', a.section,
                    'slot', a.slot,
                    'appointment_status', a.appointment_status,
                    'slots_time', s.slots_time,
                    'price', COALESCE(s.&quot;Price&quot;, '')::text,  -- Use &quot;Price&quot; with quotes for case-sensitivity
                    'branch_name', b.branch_name,
                    'consultant_name', r.name,
                    'section_name', sec.section_name,
                    'full_name', a.full_name,
                    'mobile_no', a.mobile_no,
                    'email_id', a.email_id,
                    'locations', a.locations,
                    'startdate', a.startdate,
                    'dates', a.dates,  -- Include 'dates' column
                    'created_at', a.created_at
                )
            )
    )
                         FROM tbl_appointment a
    LEFT JOIN tbl_slots s ON CAST(a.slot AS INTEGER) = s.id
    LEFT JOIN tbl_register r ON a.consultant = r.id
    LEFT JOIN tbl_branch b ON a.branch = b.id
    LEFT JOIN tbl_section sec ON a.section = sec.id
    WHERE a.is_deleted = 'N'
    AND a.appointment_status = 'PE'  -- Only pending appointments
    AND a.dates &lt;= CURRENT_DATE
CONTEXT:  PL/pgSQL function get_pending_appointments() line 4 at SQL statement
in SYSTEMPATH\Database\Postgre\Connection.php on line 193.
 1 [internal function]: CodeIgniter\Debug\Exceptions->errorHandler(2, 'pg_query(): Query failed: ERROR:  column s.Price does not exist
LINE 13:                     \'price\', COALESCE(s.&quot;Price&quot;, \'\')::text, ...
                                               ^
HINT:  Perhaps you meant to reference the column &quot;s.price&quot;.
QUERY:  SELECT jsonb_build_object(
            \'status\', 200,
            \'message\', \'Pending appointments retrieved successfully\',
            \'data\', jsonb_agg(
                jsonb_build_object(
                    \'id\', a.id,
                    \'branch\', a.branch,
                    \'consultant\', a.consultant,
                    \'section\', a.section,
                    \'slot\', a.slot,
                    \'appointment_status\', a.appointment_status,
                    \'slots_time\', s.slots_time,
                    \'price\', COALESCE(s.&quot;Price&quot;, \'\')::text,  -- Use &quot;Price&quot; with quotes for case-sensitivity
                    \'branch_name\', b.branch_name,
                    \'consultant_name\', r.name,
                    \'section_name\', sec.section_name,
                    \'full_name\', a.full_name,
                    \'mobile_no\', a.mobile_no,
                    \'email_id\', a.email_id,
                    \'locations\', a.locations,
                    \'startdate\', a.startdate,
                    \'dates\', a.dates,  -- Include \'dates\' column
                    \'created_at\', a.created_at
                )
            )
    )
                         FROM tbl_appointment a
    LEFT JOIN tbl_slots s ON CAST(a.slot AS INTEGER) = s.id
    LEFT JOIN tbl_register r ON a.consultant = r.id
    LEFT JOIN tbl_branch b ON a.branch = b.id
    LEFT JOIN tbl_section sec ON a.section = sec.id
    WHERE a.is_deleted = \'N\'
    AND a.appointment_status = \'PE\'  -- Only pending appointments
    AND a.dates &lt;= CURRENT_DATE
CONTEXT:  PL/pgSQL function get_pending_appointments() line 4 at SQL statement', 'C:\\xampp\\htdocs\\salonClinic\\system\\Database\\Postgre\\Connection.php', 193)
 2 SYSTEMPATH\Database\Postgre\Connection.php(193): pg_query(Object(PgSql\Connection), 'CALL get_pending_appointments(NULL)')
 3 SYSTEMPATH\Database\BaseConnection.php(722): CodeIgniter\Database\Postgre\Connection->execute('CALL get_pending_appointments(NULL)')
 4 SYSTEMPATH\Database\BaseConnection.php(636): CodeIgniter\Database\BaseConnection->simpleQuery('CALL get_pending_appointments(NULL)')
 5 APPPATH\Controllers\Home.php(1696): CodeIgniter\Database\BaseConnection->query('CALL get_pending_appointments(?)', [...])
 6 SYSTEMPATH\CodeIgniter.php(933): App\Controllers\Home->getPendingAppointments()
 7 SYSTEMPATH\CodeIgniter.php(509): CodeIgniter\CodeIgniter->runController(Object(App\Controllers\Home))
 8 SYSTEMPATH\CodeIgniter.php(355): CodeIgniter\CodeIgniter->handleRequest(null, Object(Config\Cache), false)
 9 SYSTEMPATH\Boot.php(312): CodeIgniter\CodeIgniter->run()
10 SYSTEMPATH\Boot.php(67): CodeIgniter\Boot::runCodeIgniter(Object(CodeIgniter\CodeIgniter))
11 FCPATH\index.php(56): CodeIgniter\Boot::bootWeb(Object(Config\Paths))
ERROR - 2025-03-20 12:02:54 --> ErrorException: pg_query(): Query failed: ERROR:  column s.Price does not exist
LINE 13:                     'price', COALESCE(s.&quot;Price&quot;, '')::text, ...
                                               ^
HINT:  Perhaps you meant to reference the column &quot;s.price&quot;.
QUERY:  SELECT jsonb_build_object(
            'status', 200,
            'message', 'Pending appointments retrieved successfully',
            'data', jsonb_agg(
                jsonb_build_object(
                    'id', a.id,
                    'branch', a.branch,
                    'consultant', a.consultant,
                    'section', a.section,
                    'slot', a.slot,
                    'appointment_status', a.appointment_status,
                    'slots_time', s.slots_time,
                    'price', COALESCE(s.&quot;Price&quot;, '')::text,  -- Use &quot;Price&quot; with quotes for case-sensitivity
                    'branch_name', b.branch_name,
                    'consultant_name', r.name,
                    'section_name', sec.section_name,
                    'full_name', a.full_name,
                    'mobile_no', a.mobile_no,
                    'email_id', a.email_id,
                    'locations', a.locations,
                    'startdate', a.startdate,
                    'dates', a.dates,  -- Include 'dates' column
                    'created_at', a.created_at
                )
            )
    )
                         FROM tbl_appointment a
    LEFT JOIN tbl_slots s ON CAST(a.slot AS INTEGER) = s.id
    LEFT JOIN tbl_register r ON a.consultant = r.id
    LEFT JOIN tbl_branch b ON a.branch = b.id
    LEFT JOIN tbl_section sec ON a.section = sec.id
    WHERE a.is_deleted = 'N'
    AND a.appointment_status = 'PE'  -- Only pending appointments
    AND a.dates &lt;= CURRENT_DATE
CONTEXT:  PL/pgSQL function get_pending_appointments() line 4 at SQL statement in C:\xampp\htdocs\salonClinic\system\Database\Postgre\Connection.php:193
Stack trace:
#0 [internal function]: CodeIgniter\Debug\Exceptions->errorHandler(2, 'pg_query(): Que...', 'C:\\xampp\\htdocs...', 193)
#1 C:\xampp\htdocs\salonClinic\system\Database\Postgre\Connection.php(193): pg_query(Object(PgSql\Connection), 'CALL get_pendin...')
#2 C:\xampp\htdocs\salonClinic\system\Database\BaseConnection.php(722): CodeIgniter\Database\Postgre\Connection->execute('CALL get_pendin...')
#3 C:\xampp\htdocs\salonClinic\system\Database\BaseConnection.php(636): CodeIgniter\Database\BaseConnection->simpleQuery('CALL get_pendin...')
#4 C:\xampp\htdocs\salonClinic\app\Controllers\Home.php(1696): CodeIgniter\Database\BaseConnection->query('CALL get_pendin...', Array)
#5 C:\xampp\htdocs\salonClinic\system\CodeIgniter.php(933): App\Controllers\Home->getPendingAppointments()
#6 C:\xampp\htdocs\salonClinic\system\CodeIgniter.php(509): CodeIgniter\CodeIgniter->runController(Object(App\Controllers\Home))
#7 C:\xampp\htdocs\salonClinic\system\CodeIgniter.php(355): CodeIgniter\CodeIgniter->handleRequest(NULL, Object(Config\Cache), false)
#8 C:\xampp\htdocs\salonClinic\system\Boot.php(312): CodeIgniter\CodeIgniter->run()
#9 C:\xampp\htdocs\salonClinic\system\Boot.php(67): CodeIgniter\Boot::runCodeIgniter(Object(CodeIgniter\CodeIgniter))
#10 C:\xampp\htdocs\salonClinic\index.php(56): CodeIgniter\Boot::bootWeb(Object(Config\Paths))
#11 {main}
CRITICAL - 2025-03-20 12:02:54 --> CodeIgniter\Database\Exceptions\DatabaseException: pg_query(): Query failed: ERROR:  column s.Price does not exist
LINE 13:                     'price', COALESCE(s.&quot;Price&quot;, '')::text, ...
                                               ^
HINT:  Perhaps you meant to reference the column &quot;s.price&quot;.
QUERY:  SELECT jsonb_build_object(
            'status', 200,
            'message', 'Pending appointments retrieved successfully',
            'data', jsonb_agg(
                jsonb_build_object(
                    'id', a.id,
                    'branch', a.branch,
                    'consultant', a.consultant,
                    'section', a.section,
                    'slot', a.slot,
                    'appointment_status', a.appointment_status,
                    'slots_time', s.slots_time,
                    'price', COALESCE(s.&quot;Price&quot;, '')::text,  -- Use &quot;Price&quot; with quotes for case-sensitivity
                    'branch_name', b.branch_name,
                    'consultant_name', r.name,
                    'section_name', sec.section_name,
                    'full_name', a.full_name,
                    'mobile_no', a.mobile_no,
                    'email_id', a.email_id,
                    'locations', a.locations,
                    'startdate', a.startdate,
                    'dates', a.dates,  -- Include 'dates' column
                    'created_at', a.created_at
                )
            )
    )
                         FROM tbl_appointment a
    LEFT JOIN tbl_slots s ON CAST(a.slot AS INTEGER) = s.id
    LEFT JOIN tbl_register r ON a.consultant = r.id
    LEFT JOIN tbl_branch b ON a.branch = b.id
    LEFT JOIN tbl_section sec ON a.section = sec.id
    WHERE a.is_deleted = 'N'
    AND a.appointment_status = 'PE'  -- Only pending appointments
    AND a.dates &lt;= CURRENT_DATE
CONTEXT:  PL/pgSQL function get_pending_appointments() line 4 at SQL statement
[Method: GET, Route: get_pending_appointments]
in SYSTEMPATH\Database\BaseConnection.php on line 676.
 1 APPPATH\Controllers\Home.php(1696): CodeIgniter\Database\BaseConnection->query('CALL get_pending_appointments(?)', [...])
 2 SYSTEMPATH\CodeIgniter.php(933): App\Controllers\Home->getPendingAppointments()
 3 SYSTEMPATH\CodeIgniter.php(509): CodeIgniter\CodeIgniter->runController(Object(App\Controllers\Home))
 4 SYSTEMPATH\CodeIgniter.php(355): CodeIgniter\CodeIgniter->handleRequest(null, Object(Config\Cache), false)
 5 SYSTEMPATH\Boot.php(312): CodeIgniter\CodeIgniter->run()
 6 SYSTEMPATH\Boot.php(67): CodeIgniter\Boot::runCodeIgniter(Object(CodeIgniter\CodeIgniter))
 7 FCPATH\index.php(56): CodeIgniter\Boot::bootWeb(Object(Config\Paths))
CRITICAL - 2025-03-20 12:02:54 --> [Caused by] CodeIgniter\Database\Exceptions\DatabaseException: pg_query(): Query failed: ERROR:  column s.Price does not exist
LINE 13:                     'price', COALESCE(s.&quot;Price&quot;, '')::text, ...
                                               ^
HINT:  Perhaps you meant to reference the column &quot;s.price&quot;.
QUERY:  SELECT jsonb_build_object(
            'status', 200,
            'message', 'Pending appointments retrieved successfully',
            'data', jsonb_agg(
                jsonb_build_object(
                    'id', a.id,
                    'branch', a.branch,
                    'consultant', a.consultant,
                    'section', a.section,
                    'slot', a.slot,
                    'appointment_status', a.appointment_status,
                    'slots_time', s.slots_time,
                    'price', COALESCE(s.&quot;Price&quot;, '')::text,  -- Use &quot;Price&quot; with quotes for case-sensitivity
                    'branch_name', b.branch_name,
                    'consultant_name', r.name,
                    'section_name', sec.section_name,
                    'full_name', a.full_name,
                    'mobile_no', a.mobile_no,
                    'email_id', a.email_id,
                    'locations', a.locations,
                    'startdate', a.startdate,
                    'dates', a.dates,  -- Include 'dates' column
                    'created_at', a.created_at
                )
            )
    )
                         FROM tbl_appointment a
    LEFT JOIN tbl_slots s ON CAST(a.slot AS INTEGER) = s.id
    LEFT JOIN tbl_register r ON a.consultant = r.id
    LEFT JOIN tbl_branch b ON a.branch = b.id
    LEFT JOIN tbl_section sec ON a.section = sec.id
    WHERE a.is_deleted = 'N'
    AND a.appointment_status = 'PE'  -- Only pending appointments
    AND a.dates &lt;= CURRENT_DATE
CONTEXT:  PL/pgSQL function get_pending_appointments() line 4 at SQL statement
in SYSTEMPATH\Database\Postgre\Connection.php on line 198.
 1 SYSTEMPATH\Database\BaseConnection.php(722): CodeIgniter\Database\Postgre\Connection->execute('CALL get_pending_appointments(NULL)')
 2 SYSTEMPATH\Database\BaseConnection.php(636): CodeIgniter\Database\BaseConnection->simpleQuery('CALL get_pending_appointments(NULL)')
 3 APPPATH\Controllers\Home.php(1696): CodeIgniter\Database\BaseConnection->query('CALL get_pending_appointments(?)', [...])
 4 SYSTEMPATH\CodeIgniter.php(933): App\Controllers\Home->getPendingAppointments()
 5 SYSTEMPATH\CodeIgniter.php(509): CodeIgniter\CodeIgniter->runController(Object(App\Controllers\Home))
 6 SYSTEMPATH\CodeIgniter.php(355): CodeIgniter\CodeIgniter->handleRequest(null, Object(Config\Cache), false)
 7 SYSTEMPATH\Boot.php(312): CodeIgniter\CodeIgniter->run()
 8 SYSTEMPATH\Boot.php(67): CodeIgniter\Boot::runCodeIgniter(Object(CodeIgniter\CodeIgniter))
 9 FCPATH\index.php(56): CodeIgniter\Boot::bootWeb(Object(Config\Paths))
CRITICAL - 2025-03-20 12:02:54 --> [Caused by] ErrorException: pg_query(): Query failed: ERROR:  column s.Price does not exist
LINE 13:                     'price', COALESCE(s.&quot;Price&quot;, '')::text, ...
                                               ^
HINT:  Perhaps you meant to reference the column &quot;s.price&quot;.
QUERY:  SELECT jsonb_build_object(
            'status', 200,
            'message', 'Pending appointments retrieved successfully',
            'data', jsonb_agg(
                jsonb_build_object(
                    'id', a.id,
                    'branch', a.branch,
                    'consultant', a.consultant,
                    'section', a.section,
                    'slot', a.slot,
                    'appointment_status', a.appointment_status,
                    'slots_time', s.slots_time,
                    'price', COALESCE(s.&quot;Price&quot;, '')::text,  -- Use &quot;Price&quot; with quotes for case-sensitivity
                    'branch_name', b.branch_name,
                    'consultant_name', r.name,
                    'section_name', sec.section_name,
                    'full_name', a.full_name,
                    'mobile_no', a.mobile_no,
                    'email_id', a.email_id,
                    'locations', a.locations,
                    'startdate', a.startdate,
                    'dates', a.dates,  -- Include 'dates' column
                    'created_at', a.created_at
                )
            )
    )
                         FROM tbl_appointment a
    LEFT JOIN tbl_slots s ON CAST(a.slot AS INTEGER) = s.id
    LEFT JOIN tbl_register r ON a.consultant = r.id
    LEFT JOIN tbl_branch b ON a.branch = b.id
    LEFT JOIN tbl_section sec ON a.section = sec.id
    WHERE a.is_deleted = 'N'
    AND a.appointment_status = 'PE'  -- Only pending appointments
    AND a.dates &lt;= CURRENT_DATE
CONTEXT:  PL/pgSQL function get_pending_appointments() line 4 at SQL statement
in SYSTEMPATH\Database\Postgre\Connection.php on line 193.
 1 [internal function]: CodeIgniter\Debug\Exceptions->errorHandler(2, 'pg_query(): Query failed: ERROR:  column s.Price does not exist
LINE 13:                     \'price\', COALESCE(s.&quot;Price&quot;, \'\')::text, ...
                                               ^
HINT:  Perhaps you meant to reference the column &quot;s.price&quot;.
QUERY:  SELECT jsonb_build_object(
            \'status\', 200,
            \'message\', \'Pending appointments retrieved successfully\',
            \'data\', jsonb_agg(
                jsonb_build_object(
                    \'id\', a.id,
                    \'branch\', a.branch,
                    \'consultant\', a.consultant,
                    \'section\', a.section,
                    \'slot\', a.slot,
                    \'appointment_status\', a.appointment_status,
                    \'slots_time\', s.slots_time,
                    \'price\', COALESCE(s.&quot;Price&quot;, \'\')::text,  -- Use &quot;Price&quot; with quotes for case-sensitivity
                    \'branch_name\', b.branch_name,
                    \'consultant_name\', r.name,
                    \'section_name\', sec.section_name,
                    \'full_name\', a.full_name,
                    \'mobile_no\', a.mobile_no,
                    \'email_id\', a.email_id,
                    \'locations\', a.locations,
                    \'startdate\', a.startdate,
                    \'dates\', a.dates,  -- Include \'dates\' column
                    \'created_at\', a.created_at
                )
            )
    )
                         FROM tbl_appointment a
    LEFT JOIN tbl_slots s ON CAST(a.slot AS INTEGER) = s.id
    LEFT JOIN tbl_register r ON a.consultant = r.id
    LEFT JOIN tbl_branch b ON a.branch = b.id
    LEFT JOIN tbl_section sec ON a.section = sec.id
    WHERE a.is_deleted = \'N\'
    AND a.appointment_status = \'PE\'  -- Only pending appointments
    AND a.dates &lt;= CURRENT_DATE
CONTEXT:  PL/pgSQL function get_pending_appointments() line 4 at SQL statement', 'C:\\xampp\\htdocs\\salonClinic\\system\\Database\\Postgre\\Connection.php', 193)
 2 SYSTEMPATH\Database\Postgre\Connection.php(193): pg_query(Object(PgSql\Connection), 'CALL get_pending_appointments(NULL)')
 3 SYSTEMPATH\Database\BaseConnection.php(722): CodeIgniter\Database\Postgre\Connection->execute('CALL get_pending_appointments(NULL)')
 4 SYSTEMPATH\Database\BaseConnection.php(636): CodeIgniter\Database\BaseConnection->simpleQuery('CALL get_pending_appointments(NULL)')
 5 APPPATH\Controllers\Home.php(1696): CodeIgniter\Database\BaseConnection->query('CALL get_pending_appointments(?)', [...])
 6 SYSTEMPATH\CodeIgniter.php(933): App\Controllers\Home->getPendingAppointments()
 7 SYSTEMPATH\CodeIgniter.php(509): CodeIgniter\CodeIgniter->runController(Object(App\Controllers\Home))
 8 SYSTEMPATH\CodeIgniter.php(355): CodeIgniter\CodeIgniter->handleRequest(null, Object(Config\Cache), false)
 9 SYSTEMPATH\Boot.php(312): CodeIgniter\CodeIgniter->run()
10 SYSTEMPATH\Boot.php(67): CodeIgniter\Boot::runCodeIgniter(Object(CodeIgniter\CodeIgniter))
11 FCPATH\index.php(56): CodeIgniter\Boot::bootWeb(Object(Config\Paths))
ERROR - 2025-03-20 12:03:31 --> ErrorException: pg_query(): Query failed: ERROR:  column s.Price does not exist
LINE 13:                     'price', COALESCE(s.&quot;Price&quot;, '')::text, ...
                                               ^
HINT:  Perhaps you meant to reference the column &quot;s.price&quot;.
QUERY:  SELECT jsonb_build_object(
            'status', 200,
            'message', 'Pending appointments retrieved successfully',
            'data', jsonb_agg(
                jsonb_build_object(
                    'id', a.id,
                    'branch', a.branch,
                    'consultant', a.consultant,
                    'section', a.section,
                    'slot', a.slot,
                    'appointment_status', a.appointment_status,
                    'slots_time', s.slots_time,
                    'price', COALESCE(s.&quot;Price&quot;, '')::text,  -- Use &quot;Price&quot; with quotes for case-sensitivity
                    'branch_name', b.branch_name,
                    'consultant_name', r.name,
                    'section_name', sec.section_name,
                    'full_name', a.full_name,
                    'mobile_no', a.mobile_no,
                    'email_id', a.email_id,
                    'locations', a.locations,
                    'startdate', a.startdate,
                    'dates', a.dates,  -- Include 'dates' column
                    'created_at', a.created_at
                )
            )
    )
                         FROM tbl_appointment a
    LEFT JOIN tbl_slots s ON CAST(a.slot AS INTEGER) = s.id
    LEFT JOIN tbl_register r ON a.consultant = r.id
    LEFT JOIN tbl_branch b ON a.branch = b.id
    LEFT JOIN tbl_section sec ON a.section = sec.id
    WHERE a.is_deleted = 'N'
    AND a.appointment_status = 'PE'  -- Only pending appointments
    AND a.dates &lt;= CURRENT_DATE
CONTEXT:  PL/pgSQL function get_pending_appointments() line 4 at SQL statement in C:\xampp\htdocs\salonClinic\system\Database\Postgre\Connection.php:193
Stack trace:
#0 [internal function]: CodeIgniter\Debug\Exceptions->errorHandler(2, 'pg_query(): Que...', 'C:\\xampp\\htdocs...', 193)
#1 C:\xampp\htdocs\salonClinic\system\Database\Postgre\Connection.php(193): pg_query(Object(PgSql\Connection), 'CALL get_pendin...')
#2 C:\xampp\htdocs\salonClinic\system\Database\BaseConnection.php(722): CodeIgniter\Database\Postgre\Connection->execute('CALL get_pendin...')
#3 C:\xampp\htdocs\salonClinic\system\Database\BaseConnection.php(636): CodeIgniter\Database\BaseConnection->simpleQuery('CALL get_pendin...')
#4 C:\xampp\htdocs\salonClinic\app\Controllers\Home.php(1696): CodeIgniter\Database\BaseConnection->query('CALL get_pendin...', Array)
#5 C:\xampp\htdocs\salonClinic\system\CodeIgniter.php(933): App\Controllers\Home->getPendingAppointments()
#6 C:\xampp\htdocs\salonClinic\system\CodeIgniter.php(509): CodeIgniter\CodeIgniter->runController(Object(App\Controllers\Home))
#7 C:\xampp\htdocs\salonClinic\system\CodeIgniter.php(355): CodeIgniter\CodeIgniter->handleRequest(NULL, Object(Config\Cache), false)
#8 C:\xampp\htdocs\salonClinic\system\Boot.php(312): CodeIgniter\CodeIgniter->run()
#9 C:\xampp\htdocs\salonClinic\system\Boot.php(67): CodeIgniter\Boot::runCodeIgniter(Object(CodeIgniter\CodeIgniter))
#10 C:\xampp\htdocs\salonClinic\index.php(56): CodeIgniter\Boot::bootWeb(Object(Config\Paths))
#11 {main}
CRITICAL - 2025-03-20 12:03:31 --> CodeIgniter\Database\Exceptions\DatabaseException: pg_query(): Query failed: ERROR:  column s.Price does not exist
LINE 13:                     'price', COALESCE(s.&quot;Price&quot;, '')::text, ...
                                               ^
HINT:  Perhaps you meant to reference the column &quot;s.price&quot;.
QUERY:  SELECT jsonb_build_object(
            'status', 200,
            'message', 'Pending appointments retrieved successfully',
            'data', jsonb_agg(
                jsonb_build_object(
                    'id', a.id,
                    'branch', a.branch,
                    'consultant', a.consultant,
                    'section', a.section,
                    'slot', a.slot,
                    'appointment_status', a.appointment_status,
                    'slots_time', s.slots_time,
                    'price', COALESCE(s.&quot;Price&quot;, '')::text,  -- Use &quot;Price&quot; with quotes for case-sensitivity
                    'branch_name', b.branch_name,
                    'consultant_name', r.name,
                    'section_name', sec.section_name,
                    'full_name', a.full_name,
                    'mobile_no', a.mobile_no,
                    'email_id', a.email_id,
                    'locations', a.locations,
                    'startdate', a.startdate,
                    'dates', a.dates,  -- Include 'dates' column
                    'created_at', a.created_at
                )
            )
    )
                         FROM tbl_appointment a
    LEFT JOIN tbl_slots s ON CAST(a.slot AS INTEGER) = s.id
    LEFT JOIN tbl_register r ON a.consultant = r.id
    LEFT JOIN tbl_branch b ON a.branch = b.id
    LEFT JOIN tbl_section sec ON a.section = sec.id
    WHERE a.is_deleted = 'N'
    AND a.appointment_status = 'PE'  -- Only pending appointments
    AND a.dates &lt;= CURRENT_DATE
CONTEXT:  PL/pgSQL function get_pending_appointments() line 4 at SQL statement
[Method: GET, Route: get_pending_appointments]
in SYSTEMPATH\Database\BaseConnection.php on line 676.
 1 APPPATH\Controllers\Home.php(1696): CodeIgniter\Database\BaseConnection->query('CALL get_pending_appointments(?)', [...])
 2 SYSTEMPATH\CodeIgniter.php(933): App\Controllers\Home->getPendingAppointments()
 3 SYSTEMPATH\CodeIgniter.php(509): CodeIgniter\CodeIgniter->runController(Object(App\Controllers\Home))
 4 SYSTEMPATH\CodeIgniter.php(355): CodeIgniter\CodeIgniter->handleRequest(null, Object(Config\Cache), false)
 5 SYSTEMPATH\Boot.php(312): CodeIgniter\CodeIgniter->run()
 6 SYSTEMPATH\Boot.php(67): CodeIgniter\Boot::runCodeIgniter(Object(CodeIgniter\CodeIgniter))
 7 FCPATH\index.php(56): CodeIgniter\Boot::bootWeb(Object(Config\Paths))
CRITICAL - 2025-03-20 12:03:31 --> [Caused by] CodeIgniter\Database\Exceptions\DatabaseException: pg_query(): Query failed: ERROR:  column s.Price does not exist
LINE 13:                     'price', COALESCE(s.&quot;Price&quot;, '')::text, ...
                                               ^
HINT:  Perhaps you meant to reference the column &quot;s.price&quot;.
QUERY:  SELECT jsonb_build_object(
            'status', 200,
            'message', 'Pending appointments retrieved successfully',
            'data', jsonb_agg(
                jsonb_build_object(
                    'id', a.id,
                    'branch', a.branch,
                    'consultant', a.consultant,
                    'section', a.section,
                    'slot', a.slot,
                    'appointment_status', a.appointment_status,
                    'slots_time', s.slots_time,
                    'price', COALESCE(s.&quot;Price&quot;, '')::text,  -- Use &quot;Price&quot; with quotes for case-sensitivity
                    'branch_name', b.branch_name,
                    'consultant_name', r.name,
                    'section_name', sec.section_name,
                    'full_name', a.full_name,
                    'mobile_no', a.mobile_no,
                    'email_id', a.email_id,
                    'locations', a.locations,
                    'startdate', a.startdate,
                    'dates', a.dates,  -- Include 'dates' column
                    'created_at', a.created_at
                )
            )
    )
                         FROM tbl_appointment a
    LEFT JOIN tbl_slots s ON CAST(a.slot AS INTEGER) = s.id
    LEFT JOIN tbl_register r ON a.consultant = r.id
    LEFT JOIN tbl_branch b ON a.branch = b.id
    LEFT JOIN tbl_section sec ON a.section = sec.id
    WHERE a.is_deleted = 'N'
    AND a.appointment_status = 'PE'  -- Only pending appointments
    AND a.dates &lt;= CURRENT_DATE
CONTEXT:  PL/pgSQL function get_pending_appointments() line 4 at SQL statement
in SYSTEMPATH\Database\Postgre\Connection.php on line 198.
 1 SYSTEMPATH\Database\BaseConnection.php(722): CodeIgniter\Database\Postgre\Connection->execute('CALL get_pending_appointments(NULL)')
 2 SYSTEMPATH\Database\BaseConnection.php(636): CodeIgniter\Database\BaseConnection->simpleQuery('CALL get_pending_appointments(NULL)')
 3 APPPATH\Controllers\Home.php(1696): CodeIgniter\Database\BaseConnection->query('CALL get_pending_appointments(?)', [...])
 4 SYSTEMPATH\CodeIgniter.php(933): App\Controllers\Home->getPendingAppointments()
 5 SYSTEMPATH\CodeIgniter.php(509): CodeIgniter\CodeIgniter->runController(Object(App\Controllers\Home))
 6 SYSTEMPATH\CodeIgniter.php(355): CodeIgniter\CodeIgniter->handleRequest(null, Object(Config\Cache), false)
 7 SYSTEMPATH\Boot.php(312): CodeIgniter\CodeIgniter->run()
 8 SYSTEMPATH\Boot.php(67): CodeIgniter\Boot::runCodeIgniter(Object(CodeIgniter\CodeIgniter))
 9 FCPATH\index.php(56): CodeIgniter\Boot::bootWeb(Object(Config\Paths))
CRITICAL - 2025-03-20 12:03:31 --> [Caused by] ErrorException: pg_query(): Query failed: ERROR:  column s.Price does not exist
LINE 13:                     'price', COALESCE(s.&quot;Price&quot;, '')::text, ...
                                               ^
HINT:  Perhaps you meant to reference the column &quot;s.price&quot;.
QUERY:  SELECT jsonb_build_object(
            'status', 200,
            'message', 'Pending appointments retrieved successfully',
            'data', jsonb_agg(
                jsonb_build_object(
                    'id', a.id,
                    'branch', a.branch,
                    'consultant', a.consultant,
                    'section', a.section,
                    'slot', a.slot,
                    'appointment_status', a.appointment_status,
                    'slots_time', s.slots_time,
                    'price', COALESCE(s.&quot;Price&quot;, '')::text,  -- Use &quot;Price&quot; with quotes for case-sensitivity
                    'branch_name', b.branch_name,
                    'consultant_name', r.name,
                    'section_name', sec.section_name,
                    'full_name', a.full_name,
                    'mobile_no', a.mobile_no,
                    'email_id', a.email_id,
                    'locations', a.locations,
                    'startdate', a.startdate,
                    'dates', a.dates,  -- Include 'dates' column
                    'created_at', a.created_at
                )
            )
    )
                         FROM tbl_appointment a
    LEFT JOIN tbl_slots s ON CAST(a.slot AS INTEGER) = s.id
    LEFT JOIN tbl_register r ON a.consultant = r.id
    LEFT JOIN tbl_branch b ON a.branch = b.id
    LEFT JOIN tbl_section sec ON a.section = sec.id
    WHERE a.is_deleted = 'N'
    AND a.appointment_status = 'PE'  -- Only pending appointments
    AND a.dates &lt;= CURRENT_DATE
CONTEXT:  PL/pgSQL function get_pending_appointments() line 4 at SQL statement
in SYSTEMPATH\Database\Postgre\Connection.php on line 193.
 1 [internal function]: CodeIgniter\Debug\Exceptions->errorHandler(2, 'pg_query(): Query failed: ERROR:  column s.Price does not exist
LINE 13:                     \'price\', COALESCE(s.&quot;Price&quot;, \'\')::text, ...
                                               ^
HINT:  Perhaps you meant to reference the column &quot;s.price&quot;.
QUERY:  SELECT jsonb_build_object(
            \'status\', 200,
            \'message\', \'Pending appointments retrieved successfully\',
            \'data\', jsonb_agg(
                jsonb_build_object(
                    \'id\', a.id,
                    \'branch\', a.branch,
                    \'consultant\', a.consultant,
                    \'section\', a.section,
                    \'slot\', a.slot,
                    \'appointment_status\', a.appointment_status,
                    \'slots_time\', s.slots_time,
                    \'price\', COALESCE(s.&quot;Price&quot;, \'\')::text,  -- Use &quot;Price&quot; with quotes for case-sensitivity
                    \'branch_name\', b.branch_name,
                    \'consultant_name\', r.name,
                    \'section_name\', sec.section_name,
                    \'full_name\', a.full_name,
                    \'mobile_no\', a.mobile_no,
                    \'email_id\', a.email_id,
                    \'locations\', a.locations,
                    \'startdate\', a.startdate,
                    \'dates\', a.dates,  -- Include \'dates\' column
                    \'created_at\', a.created_at
                )
            )
    )
                         FROM tbl_appointment a
    LEFT JOIN tbl_slots s ON CAST(a.slot AS INTEGER) = s.id
    LEFT JOIN tbl_register r ON a.consultant = r.id
    LEFT JOIN tbl_branch b ON a.branch = b.id
    LEFT JOIN tbl_section sec ON a.section = sec.id
    WHERE a.is_deleted = \'N\'
    AND a.appointment_status = \'PE\'  -- Only pending appointments
    AND a.dates &lt;= CURRENT_DATE
CONTEXT:  PL/pgSQL function get_pending_appointments() line 4 at SQL statement', 'C:\\xampp\\htdocs\\salonClinic\\system\\Database\\Postgre\\Connection.php', 193)
 2 SYSTEMPATH\Database\Postgre\Connection.php(193): pg_query(Object(PgSql\Connection), 'CALL get_pending_appointments(NULL)')
 3 SYSTEMPATH\Database\BaseConnection.php(722): CodeIgniter\Database\Postgre\Connection->execute('CALL get_pending_appointments(NULL)')
 4 SYSTEMPATH\Database\BaseConnection.php(636): CodeIgniter\Database\BaseConnection->simpleQuery('CALL get_pending_appointments(NULL)')
 5 APPPATH\Controllers\Home.php(1696): CodeIgniter\Database\BaseConnection->query('CALL get_pending_appointments(?)', [...])
 6 SYSTEMPATH\CodeIgniter.php(933): App\Controllers\Home->getPendingAppointments()
 7 SYSTEMPATH\CodeIgniter.php(509): CodeIgniter\CodeIgniter->runController(Object(App\Controllers\Home))
 8 SYSTEMPATH\CodeIgniter.php(355): CodeIgniter\CodeIgniter->handleRequest(null, Object(Config\Cache), false)
 9 SYSTEMPATH\Boot.php(312): CodeIgniter\CodeIgniter->run()
10 SYSTEMPATH\Boot.php(67): CodeIgniter\Boot::runCodeIgniter(Object(CodeIgniter\CodeIgniter))
11 FCPATH\index.php(56): CodeIgniter\Boot::bootWeb(Object(Config\Paths))
ERROR - 2025-03-20 12:03:35 --> ErrorException: pg_query(): Query failed: ERROR:  column s.Price does not exist
LINE 13:                     'price', COALESCE(s.&quot;Price&quot;, '')::text, ...
                                               ^
HINT:  Perhaps you meant to reference the column &quot;s.price&quot;.
QUERY:  SELECT jsonb_build_object(
            'status', 200,
            'message', 'Pending appointments retrieved successfully',
            'data', jsonb_agg(
                jsonb_build_object(
                    'id', a.id,
                    'branch', a.branch,
                    'consultant', a.consultant,
                    'section', a.section,
                    'slot', a.slot,
                    'appointment_status', a.appointment_status,
                    'slots_time', s.slots_time,
                    'price', COALESCE(s.&quot;Price&quot;, '')::text,  -- Use &quot;Price&quot; with quotes for case-sensitivity
                    'branch_name', b.branch_name,
                    'consultant_name', r.name,
                    'section_name', sec.section_name,
                    'full_name', a.full_name,
                    'mobile_no', a.mobile_no,
                    'email_id', a.email_id,
                    'locations', a.locations,
                    'startdate', a.startdate,
                    'dates', a.dates,  -- Include 'dates' column
                    'created_at', a.created_at
                )
            )
    )
                         FROM tbl_appointment a
    LEFT JOIN tbl_slots s ON CAST(a.slot AS INTEGER) = s.id
    LEFT JOIN tbl_register r ON a.consultant = r.id
    LEFT JOIN tbl_branch b ON a.branch = b.id
    LEFT JOIN tbl_section sec ON a.section = sec.id
    WHERE a.is_deleted = 'N'
    AND a.appointment_status = 'PE'  -- Only pending appointments
    AND a.dates &lt;= CURRENT_DATE
CONTEXT:  PL/pgSQL function get_pending_appointments() line 4 at SQL statement in C:\xampp\htdocs\salonClinic\system\Database\Postgre\Connection.php:193
Stack trace:
#0 [internal function]: CodeIgniter\Debug\Exceptions->errorHandler(2, 'pg_query(): Que...', 'C:\\xampp\\htdocs...', 193)
#1 C:\xampp\htdocs\salonClinic\system\Database\Postgre\Connection.php(193): pg_query(Object(PgSql\Connection), 'CALL get_pendin...')
#2 C:\xampp\htdocs\salonClinic\system\Database\BaseConnection.php(722): CodeIgniter\Database\Postgre\Connection->execute('CALL get_pendin...')
#3 C:\xampp\htdocs\salonClinic\system\Database\BaseConnection.php(636): CodeIgniter\Database\BaseConnection->simpleQuery('CALL get_pendin...')
#4 C:\xampp\htdocs\salonClinic\app\Controllers\Home.php(1696): CodeIgniter\Database\BaseConnection->query('CALL get_pendin...', Array)
#5 C:\xampp\htdocs\salonClinic\system\CodeIgniter.php(933): App\Controllers\Home->getPendingAppointments()
#6 C:\xampp\htdocs\salonClinic\system\CodeIgniter.php(509): CodeIgniter\CodeIgniter->runController(Object(App\Controllers\Home))
#7 C:\xampp\htdocs\salonClinic\system\CodeIgniter.php(355): CodeIgniter\CodeIgniter->handleRequest(NULL, Object(Config\Cache), false)
#8 C:\xampp\htdocs\salonClinic\system\Boot.php(312): CodeIgniter\CodeIgniter->run()
#9 C:\xampp\htdocs\salonClinic\system\Boot.php(67): CodeIgniter\Boot::runCodeIgniter(Object(CodeIgniter\CodeIgniter))
#10 C:\xampp\htdocs\salonClinic\index.php(56): CodeIgniter\Boot::bootWeb(Object(Config\Paths))
#11 {main}
CRITICAL - 2025-03-20 12:03:35 --> CodeIgniter\Database\Exceptions\DatabaseException: pg_query(): Query failed: ERROR:  column s.Price does not exist
LINE 13:                     'price', COALESCE(s.&quot;Price&quot;, '')::text, ...
                                               ^
HINT:  Perhaps you meant to reference the column &quot;s.price&quot;.
QUERY:  SELECT jsonb_build_object(
            'status', 200,
            'message', 'Pending appointments retrieved successfully',
            'data', jsonb_agg(
                jsonb_build_object(
                    'id', a.id,
                    'branch', a.branch,
                    'consultant', a.consultant,
                    'section', a.section,
                    'slot', a.slot,
                    'appointment_status', a.appointment_status,
                    'slots_time', s.slots_time,
                    'price', COALESCE(s.&quot;Price&quot;, '')::text,  -- Use &quot;Price&quot; with quotes for case-sensitivity
                    'branch_name', b.branch_name,
                    'consultant_name', r.name,
                    'section_name', sec.section_name,
                    'full_name', a.full_name,
                    'mobile_no', a.mobile_no,
                    'email_id', a.email_id,
                    'locations', a.locations,
                    'startdate', a.startdate,
                    'dates', a.dates,  -- Include 'dates' column
                    'created_at', a.created_at
                )
            )
    )
                         FROM tbl_appointment a
    LEFT JOIN tbl_slots s ON CAST(a.slot AS INTEGER) = s.id
    LEFT JOIN tbl_register r ON a.consultant = r.id
    LEFT JOIN tbl_branch b ON a.branch = b.id
    LEFT JOIN tbl_section sec ON a.section = sec.id
    WHERE a.is_deleted = 'N'
    AND a.appointment_status = 'PE'  -- Only pending appointments
    AND a.dates &lt;= CURRENT_DATE
CONTEXT:  PL/pgSQL function get_pending_appointments() line 4 at SQL statement
[Method: GET, Route: get_pending_appointments]
in SYSTEMPATH\Database\BaseConnection.php on line 676.
 1 APPPATH\Controllers\Home.php(1696): CodeIgniter\Database\BaseConnection->query('CALL get_pending_appointments(?)', [...])
 2 SYSTEMPATH\CodeIgniter.php(933): App\Controllers\Home->getPendingAppointments()
 3 SYSTEMPATH\CodeIgniter.php(509): CodeIgniter\CodeIgniter->runController(Object(App\Controllers\Home))
 4 SYSTEMPATH\CodeIgniter.php(355): CodeIgniter\CodeIgniter->handleRequest(null, Object(Config\Cache), false)
 5 SYSTEMPATH\Boot.php(312): CodeIgniter\CodeIgniter->run()
 6 SYSTEMPATH\Boot.php(67): CodeIgniter\Boot::runCodeIgniter(Object(CodeIgniter\CodeIgniter))
 7 FCPATH\index.php(56): CodeIgniter\Boot::bootWeb(Object(Config\Paths))
CRITICAL - 2025-03-20 12:03:35 --> [Caused by] CodeIgniter\Database\Exceptions\DatabaseException: pg_query(): Query failed: ERROR:  column s.Price does not exist
LINE 13:                     'price', COALESCE(s.&quot;Price&quot;, '')::text, ...
                                               ^
HINT:  Perhaps you meant to reference the column &quot;s.price&quot;.
QUERY:  SELECT jsonb_build_object(
            'status', 200,
            'message', 'Pending appointments retrieved successfully',
            'data', jsonb_agg(
                jsonb_build_object(
                    'id', a.id,
                    'branch', a.branch,
                    'consultant', a.consultant,
                    'section', a.section,
                    'slot', a.slot,
                    'appointment_status', a.appointment_status,
                    'slots_time', s.slots_time,
                    'price', COALESCE(s.&quot;Price&quot;, '')::text,  -- Use &quot;Price&quot; with quotes for case-sensitivity
                    'branch_name', b.branch_name,
                    'consultant_name', r.name,
                    'section_name', sec.section_name,
                    'full_name', a.full_name,
                    'mobile_no', a.mobile_no,
                    'email_id', a.email_id,
                    'locations', a.locations,
                    'startdate', a.startdate,
                    'dates', a.dates,  -- Include 'dates' column
                    'created_at', a.created_at
                )
            )
    )
                         FROM tbl_appointment a
    LEFT JOIN tbl_slots s ON CAST(a.slot AS INTEGER) = s.id
    LEFT JOIN tbl_register r ON a.consultant = r.id
    LEFT JOIN tbl_branch b ON a.branch = b.id
    LEFT JOIN tbl_section sec ON a.section = sec.id
    WHERE a.is_deleted = 'N'
    AND a.appointment_status = 'PE'  -- Only pending appointments
    AND a.dates &lt;= CURRENT_DATE
CONTEXT:  PL/pgSQL function get_pending_appointments() line 4 at SQL statement
in SYSTEMPATH\Database\Postgre\Connection.php on line 198.
 1 SYSTEMPATH\Database\BaseConnection.php(722): CodeIgniter\Database\Postgre\Connection->execute('CALL get_pending_appointments(NULL)')
 2 SYSTEMPATH\Database\BaseConnection.php(636): CodeIgniter\Database\BaseConnection->simpleQuery('CALL get_pending_appointments(NULL)')
 3 APPPATH\Controllers\Home.php(1696): CodeIgniter\Database\BaseConnection->query('CALL get_pending_appointments(?)', [...])
 4 SYSTEMPATH\CodeIgniter.php(933): App\Controllers\Home->getPendingAppointments()
 5 SYSTEMPATH\CodeIgniter.php(509): CodeIgniter\CodeIgniter->runController(Object(App\Controllers\Home))
 6 SYSTEMPATH\CodeIgniter.php(355): CodeIgniter\CodeIgniter->handleRequest(null, Object(Config\Cache), false)
 7 SYSTEMPATH\Boot.php(312): CodeIgniter\CodeIgniter->run()
 8 SYSTEMPATH\Boot.php(67): CodeIgniter\Boot::runCodeIgniter(Object(CodeIgniter\CodeIgniter))
 9 FCPATH\index.php(56): CodeIgniter\Boot::bootWeb(Object(Config\Paths))
CRITICAL - 2025-03-20 12:03:35 --> [Caused by] ErrorException: pg_query(): Query failed: ERROR:  column s.Price does not exist
LINE 13:                     'price', COALESCE(s.&quot;Price&quot;, '')::text, ...
                                               ^
HINT:  Perhaps you meant to reference the column &quot;s.price&quot;.
QUERY:  SELECT jsonb_build_object(
            'status', 200,
            'message', 'Pending appointments retrieved successfully',
            'data', jsonb_agg(
                jsonb_build_object(
                    'id', a.id,
                    'branch', a.branch,
                    'consultant', a.consultant,
                    'section', a.section,
                    'slot', a.slot,
                    'appointment_status', a.appointment_status,
                    'slots_time', s.slots_time,
                    'price', COALESCE(s.&quot;Price&quot;, '')::text,  -- Use &quot;Price&quot; with quotes for case-sensitivity
                    'branch_name', b.branch_name,
                    'consultant_name', r.name,
                    'section_name', sec.section_name,
                    'full_name', a.full_name,
                    'mobile_no', a.mobile_no,
                    'email_id', a.email_id,
                    'locations', a.locations,
                    'startdate', a.startdate,
                    'dates', a.dates,  -- Include 'dates' column
                    'created_at', a.created_at
                )
            )
    )
                         FROM tbl_appointment a
    LEFT JOIN tbl_slots s ON CAST(a.slot AS INTEGER) = s.id
    LEFT JOIN tbl_register r ON a.consultant = r.id
    LEFT JOIN tbl_branch b ON a.branch = b.id
    LEFT JOIN tbl_section sec ON a.section = sec.id
    WHERE a.is_deleted = 'N'
    AND a.appointment_status = 'PE'  -- Only pending appointments
    AND a.dates &lt;= CURRENT_DATE
CONTEXT:  PL/pgSQL function get_pending_appointments() line 4 at SQL statement
in SYSTEMPATH\Database\Postgre\Connection.php on line 193.
 1 [internal function]: CodeIgniter\Debug\Exceptions->errorHandler(2, 'pg_query(): Query failed: ERROR:  column s.Price does not exist
LINE 13:                     \'price\', COALESCE(s.&quot;Price&quot;, \'\')::text, ...
                                               ^
HINT:  Perhaps you meant to reference the column &quot;s.price&quot;.
QUERY:  SELECT jsonb_build_object(
            \'status\', 200,
            \'message\', \'Pending appointments retrieved successfully\',
            \'data\', jsonb_agg(
                jsonb_build_object(
                    \'id\', a.id,
                    \'branch\', a.branch,
                    \'consultant\', a.consultant,
                    \'section\', a.section,
                    \'slot\', a.slot,
                    \'appointment_status\', a.appointment_status,
                    \'slots_time\', s.slots_time,
                    \'price\', COALESCE(s.&quot;Price&quot;, \'\')::text,  -- Use &quot;Price&quot; with quotes for case-sensitivity
                    \'branch_name\', b.branch_name,
                    \'consultant_name\', r.name,
                    \'section_name\', sec.section_name,
                    \'full_name\', a.full_name,
                    \'mobile_no\', a.mobile_no,
                    \'email_id\', a.email_id,
                    \'locations\', a.locations,
                    \'startdate\', a.startdate,
                    \'dates\', a.dates,  -- Include \'dates\' column
                    \'created_at\', a.created_at
                )
            )
    )
                         FROM tbl_appointment a
    LEFT JOIN tbl_slots s ON CAST(a.slot AS INTEGER) = s.id
    LEFT JOIN tbl_register r ON a.consultant = r.id
    LEFT JOIN tbl_branch b ON a.branch = b.id
    LEFT JOIN tbl_section sec ON a.section = sec.id
    WHERE a.is_deleted = \'N\'
    AND a.appointment_status = \'PE\'  -- Only pending appointments
    AND a.dates &lt;= CURRENT_DATE
CONTEXT:  PL/pgSQL function get_pending_appointments() line 4 at SQL statement', 'C:\\xampp\\htdocs\\salonClinic\\system\\Database\\Postgre\\Connection.php', 193)
 2 SYSTEMPATH\Database\Postgre\Connection.php(193): pg_query(Object(PgSql\Connection), 'CALL get_pending_appointments(NULL)')
 3 SYSTEMPATH\Database\BaseConnection.php(722): CodeIgniter\Database\Postgre\Connection->execute('CALL get_pending_appointments(NULL)')
 4 SYSTEMPATH\Database\BaseConnection.php(636): CodeIgniter\Database\BaseConnection->simpleQuery('CALL get_pending_appointments(NULL)')
 5 APPPATH\Controllers\Home.php(1696): CodeIgniter\Database\BaseConnection->query('CALL get_pending_appointments(?)', [...])
 6 SYSTEMPATH\CodeIgniter.php(933): App\Controllers\Home->getPendingAppointments()
 7 SYSTEMPATH\CodeIgniter.php(509): CodeIgniter\CodeIgniter->runController(Object(App\Controllers\Home))
 8 SYSTEMPATH\CodeIgniter.php(355): CodeIgniter\CodeIgniter->handleRequest(null, Object(Config\Cache), false)
 9 SYSTEMPATH\Boot.php(312): CodeIgniter\CodeIgniter->run()
10 SYSTEMPATH\Boot.php(67): CodeIgniter\Boot::runCodeIgniter(Object(CodeIgniter\CodeIgniter))
11 FCPATH\index.php(56): CodeIgniter\Boot::bootWeb(Object(Config\Paths))
ERROR - 2025-03-20 12:22:37 --> ErrorException: pg_query(): Query failed: ERROR:  column s.Price does not exist
LINE 13:                     'price', COALESCE(s.&quot;Price&quot;, '')::text, ...
                                               ^
HINT:  Perhaps you meant to reference the column &quot;s.price&quot;.
QUERY:  SELECT jsonb_build_object(
            'status', 200,
            'message', 'Pending appointments retrieved successfully',
            'data', jsonb_agg(
                jsonb_build_object(
                    'id', a.id,
                    'branch', a.branch,
                    'consultant', a.consultant,
                    'section', a.section,
                    'slot', a.slot,
                    'appointment_status', a.appointment_status,
                    'slots_time', s.slots_time,
                    'price', COALESCE(s.&quot;Price&quot;, '')::text,  -- Use &quot;Price&quot; with quotes for case-sensitivity
                    'branch_name', b.branch_name,
                    'consultant_name', r.name,
                    'section_name', sec.section_name,
                    'full_name', a.full_name,
                    'mobile_no', a.mobile_no,
                    'email_id', a.email_id,
                    'locations', a.locations,
                    'startdate', a.startdate,
                    'dates', a.dates,  -- Include 'dates' column
                    'created_at', a.created_at
                )
            )
    )
                         FROM tbl_appointment a
    LEFT JOIN tbl_slots s ON CAST(a.slot AS INTEGER) = s.id
    LEFT JOIN tbl_register r ON a.consultant = r.id
    LEFT JOIN tbl_branch b ON a.branch = b.id
    LEFT JOIN tbl_section sec ON a.section = sec.id
    WHERE a.is_deleted = 'N'
    AND a.appointment_status = 'PE'  -- Only pending appointments
    AND a.dates &lt;= CURRENT_DATE
CONTEXT:  PL/pgSQL function get_pending_appointments() line 4 at SQL statement in C:\xampp\htdocs\salonClinic\system\Database\Postgre\Connection.php:193
Stack trace:
#0 [internal function]: CodeIgniter\Debug\Exceptions->errorHandler(2, 'pg_query(): Que...', 'C:\\xampp\\htdocs...', 193)
#1 C:\xampp\htdocs\salonClinic\system\Database\Postgre\Connection.php(193): pg_query(Object(PgSql\Connection), 'CALL get_pendin...')
#2 C:\xampp\htdocs\salonClinic\system\Database\BaseConnection.php(722): CodeIgniter\Database\Postgre\Connection->execute('CALL get_pendin...')
#3 C:\xampp\htdocs\salonClinic\system\Database\BaseConnection.php(636): CodeIgniter\Database\BaseConnection->simpleQuery('CALL get_pendin...')
#4 C:\xampp\htdocs\salonClinic\app\Controllers\Home.php(1696): CodeIgniter\Database\BaseConnection->query('CALL get_pendin...', Array)
#5 C:\xampp\htdocs\salonClinic\system\CodeIgniter.php(933): App\Controllers\Home->getPendingAppointments()
#6 C:\xampp\htdocs\salonClinic\system\CodeIgniter.php(509): CodeIgniter\CodeIgniter->runController(Object(App\Controllers\Home))
#7 C:\xampp\htdocs\salonClinic\system\CodeIgniter.php(355): CodeIgniter\CodeIgniter->handleRequest(NULL, Object(Config\Cache), false)
#8 C:\xampp\htdocs\salonClinic\system\Boot.php(312): CodeIgniter\CodeIgniter->run()
#9 C:\xampp\htdocs\salonClinic\system\Boot.php(67): CodeIgniter\Boot::runCodeIgniter(Object(CodeIgniter\CodeIgniter))
#10 C:\xampp\htdocs\salonClinic\index.php(56): CodeIgniter\Boot::bootWeb(Object(Config\Paths))
#11 {main}
CRITICAL - 2025-03-20 12:22:37 --> CodeIgniter\Database\Exceptions\DatabaseException: pg_query(): Query failed: ERROR:  column s.Price does not exist
LINE 13:                     'price', COALESCE(s.&quot;Price&quot;, '')::text, ...
                                               ^
HINT:  Perhaps you meant to reference the column &quot;s.price&quot;.
QUERY:  SELECT jsonb_build_object(
            'status', 200,
            'message', 'Pending appointments retrieved successfully',
            'data', jsonb_agg(
                jsonb_build_object(
                    'id', a.id,
                    'branch', a.branch,
                    'consultant', a.consultant,
                    'section', a.section,
                    'slot', a.slot,
                    'appointment_status', a.appointment_status,
                    'slots_time', s.slots_time,
                    'price', COALESCE(s.&quot;Price&quot;, '')::text,  -- Use &quot;Price&quot; with quotes for case-sensitivity
                    'branch_name', b.branch_name,
                    'consultant_name', r.name,
                    'section_name', sec.section_name,
                    'full_name', a.full_name,
                    'mobile_no', a.mobile_no,
                    'email_id', a.email_id,
                    'locations', a.locations,
                    'startdate', a.startdate,
                    'dates', a.dates,  -- Include 'dates' column
                    'created_at', a.created_at
                )
            )
    )
                         FROM tbl_appointment a
    LEFT JOIN tbl_slots s ON CAST(a.slot AS INTEGER) = s.id
    LEFT JOIN tbl_register r ON a.consultant = r.id
    LEFT JOIN tbl_branch b ON a.branch = b.id
    LEFT JOIN tbl_section sec ON a.section = sec.id
    WHERE a.is_deleted = 'N'
    AND a.appointment_status = 'PE'  -- Only pending appointments
    AND a.dates &lt;= CURRENT_DATE
CONTEXT:  PL/pgSQL function get_pending_appointments() line 4 at SQL statement
[Method: GET, Route: get_pending_appointments]
in SYSTEMPATH\Database\BaseConnection.php on line 676.
 1 APPPATH\Controllers\Home.php(1696): CodeIgniter\Database\BaseConnection->query('CALL get_pending_appointments(?)', [...])
 2 SYSTEMPATH\CodeIgniter.php(933): App\Controllers\Home->getPendingAppointments()
 3 SYSTEMPATH\CodeIgniter.php(509): CodeIgniter\CodeIgniter->runController(Object(App\Controllers\Home))
 4 SYSTEMPATH\CodeIgniter.php(355): CodeIgniter\CodeIgniter->handleRequest(null, Object(Config\Cache), false)
 5 SYSTEMPATH\Boot.php(312): CodeIgniter\CodeIgniter->run()
 6 SYSTEMPATH\Boot.php(67): CodeIgniter\Boot::runCodeIgniter(Object(CodeIgniter\CodeIgniter))
 7 FCPATH\index.php(56): CodeIgniter\Boot::bootWeb(Object(Config\Paths))
CRITICAL - 2025-03-20 12:22:37 --> [Caused by] CodeIgniter\Database\Exceptions\DatabaseException: pg_query(): Query failed: ERROR:  column s.Price does not exist
LINE 13:                     'price', COALESCE(s.&quot;Price&quot;, '')::text, ...
                                               ^
HINT:  Perhaps you meant to reference the column &quot;s.price&quot;.
QUERY:  SELECT jsonb_build_object(
            'status', 200,
            'message', 'Pending appointments retrieved successfully',
            'data', jsonb_agg(
                jsonb_build_object(
                    'id', a.id,
                    'branch', a.branch,
                    'consultant', a.consultant,
                    'section', a.section,
                    'slot', a.slot,
                    'appointment_status', a.appointment_status,
                    'slots_time', s.slots_time,
                    'price', COALESCE(s.&quot;Price&quot;, '')::text,  -- Use &quot;Price&quot; with quotes for case-sensitivity
                    'branch_name', b.branch_name,
                    'consultant_name', r.name,
                    'section_name', sec.section_name,
                    'full_name', a.full_name,
                    'mobile_no', a.mobile_no,
                    'email_id', a.email_id,
                    'locations', a.locations,
                    'startdate', a.startdate,
                    'dates', a.dates,  -- Include 'dates' column
                    'created_at', a.created_at
                )
            )
    )
                         FROM tbl_appointment a
    LEFT JOIN tbl_slots s ON CAST(a.slot AS INTEGER) = s.id
    LEFT JOIN tbl_register r ON a.consultant = r.id
    LEFT JOIN tbl_branch b ON a.branch = b.id
    LEFT JOIN tbl_section sec ON a.section = sec.id
    WHERE a.is_deleted = 'N'
    AND a.appointment_status = 'PE'  -- Only pending appointments
    AND a.dates &lt;= CURRENT_DATE
CONTEXT:  PL/pgSQL function get_pending_appointments() line 4 at SQL statement
in SYSTEMPATH\Database\Postgre\Connection.php on line 198.
 1 SYSTEMPATH\Database\BaseConnection.php(722): CodeIgniter\Database\Postgre\Connection->execute('CALL get_pending_appointments(NULL)')
 2 SYSTEMPATH\Database\BaseConnection.php(636): CodeIgniter\Database\BaseConnection->simpleQuery('CALL get_pending_appointments(NULL)')
 3 APPPATH\Controllers\Home.php(1696): CodeIgniter\Database\BaseConnection->query('CALL get_pending_appointments(?)', [...])
 4 SYSTEMPATH\CodeIgniter.php(933): App\Controllers\Home->getPendingAppointments()
 5 SYSTEMPATH\CodeIgniter.php(509): CodeIgniter\CodeIgniter->runController(Object(App\Controllers\Home))
 6 SYSTEMPATH\CodeIgniter.php(355): CodeIgniter\CodeIgniter->handleRequest(null, Object(Config\Cache), false)
 7 SYSTEMPATH\Boot.php(312): CodeIgniter\CodeIgniter->run()
 8 SYSTEMPATH\Boot.php(67): CodeIgniter\Boot::runCodeIgniter(Object(CodeIgniter\CodeIgniter))
 9 FCPATH\index.php(56): CodeIgniter\Boot::bootWeb(Object(Config\Paths))
CRITICAL - 2025-03-20 12:22:37 --> [Caused by] ErrorException: pg_query(): Query failed: ERROR:  column s.Price does not exist
LINE 13:                     'price', COALESCE(s.&quot;Price&quot;, '')::text, ...
                                               ^
HINT:  Perhaps you meant to reference the column &quot;s.price&quot;.
QUERY:  SELECT jsonb_build_object(
            'status', 200,
            'message', 'Pending appointments retrieved successfully',
            'data', jsonb_agg(
                jsonb_build_object(
                    'id', a.id,
                    'branch', a.branch,
                    'consultant', a.consultant,
                    'section', a.section,
                    'slot', a.slot,
                    'appointment_status', a.appointment_status,
                    'slots_time', s.slots_time,
                    'price', COALESCE(s.&quot;Price&quot;, '')::text,  -- Use &quot;Price&quot; with quotes for case-sensitivity
                    'branch_name', b.branch_name,
                    'consultant_name', r.name,
                    'section_name', sec.section_name,
                    'full_name', a.full_name,
                    'mobile_no', a.mobile_no,
                    'email_id', a.email_id,
                    'locations', a.locations,
                    'startdate', a.startdate,
                    'dates', a.dates,  -- Include 'dates' column
                    'created_at', a.created_at
                )
            )
    )
                         FROM tbl_appointment a
    LEFT JOIN tbl_slots s ON CAST(a.slot AS INTEGER) = s.id
    LEFT JOIN tbl_register r ON a.consultant = r.id
    LEFT JOIN tbl_branch b ON a.branch = b.id
    LEFT JOIN tbl_section sec ON a.section = sec.id
    WHERE a.is_deleted = 'N'
    AND a.appointment_status = 'PE'  -- Only pending appointments
    AND a.dates &lt;= CURRENT_DATE
CONTEXT:  PL/pgSQL function get_pending_appointments() line 4 at SQL statement
in SYSTEMPATH\Database\Postgre\Connection.php on line 193.
 1 [internal function]: CodeIgniter\Debug\Exceptions->errorHandler(2, 'pg_query(): Query failed: ERROR:  column s.Price does not exist
LINE 13:                     \'price\', COALESCE(s.&quot;Price&quot;, \'\')::text, ...
                                               ^
HINT:  Perhaps you meant to reference the column &quot;s.price&quot;.
QUERY:  SELECT jsonb_build_object(
            \'status\', 200,
            \'message\', \'Pending appointments retrieved successfully\',
            \'data\', jsonb_agg(
                jsonb_build_object(
                    \'id\', a.id,
                    \'branch\', a.branch,
                    \'consultant\', a.consultant,
                    \'section\', a.section,
                    \'slot\', a.slot,
                    \'appointment_status\', a.appointment_status,
                    \'slots_time\', s.slots_time,
                    \'price\', COALESCE(s.&quot;Price&quot;, \'\')::text,  -- Use &quot;Price&quot; with quotes for case-sensitivity
                    \'branch_name\', b.branch_name,
                    \'consultant_name\', r.name,
                    \'section_name\', sec.section_name,
                    \'full_name\', a.full_name,
                    \'mobile_no\', a.mobile_no,
                    \'email_id\', a.email_id,
                    \'locations\', a.locations,
                    \'startdate\', a.startdate,
                    \'dates\', a.dates,  -- Include \'dates\' column
                    \'created_at\', a.created_at
                )
            )
    )
                         FROM tbl_appointment a
    LEFT JOIN tbl_slots s ON CAST(a.slot AS INTEGER) = s.id
    LEFT JOIN tbl_register r ON a.consultant = r.id
    LEFT JOIN tbl_branch b ON a.branch = b.id
    LEFT JOIN tbl_section sec ON a.section = sec.id
    WHERE a.is_deleted = \'N\'
    AND a.appointment_status = \'PE\'  -- Only pending appointments
    AND a.dates &lt;= CURRENT_DATE
CONTEXT:  PL/pgSQL function get_pending_appointments() line 4 at SQL statement', 'C:\\xampp\\htdocs\\salonClinic\\system\\Database\\Postgre\\Connection.php', 193)
 2 SYSTEMPATH\Database\Postgre\Connection.php(193): pg_query(Object(PgSql\Connection), 'CALL get_pending_appointments(NULL)')
 3 SYSTEMPATH\Database\BaseConnection.php(722): CodeIgniter\Database\Postgre\Connection->execute('CALL get_pending_appointments(NULL)')
 4 SYSTEMPATH\Database\BaseConnection.php(636): CodeIgniter\Database\BaseConnection->simpleQuery('CALL get_pending_appointments(NULL)')
 5 APPPATH\Controllers\Home.php(1696): CodeIgniter\Database\BaseConnection->query('CALL get_pending_appointments(?)', [...])
 6 SYSTEMPATH\CodeIgniter.php(933): App\Controllers\Home->getPendingAppointments()
 7 SYSTEMPATH\CodeIgniter.php(509): CodeIgniter\CodeIgniter->runController(Object(App\Controllers\Home))
 8 SYSTEMPATH\CodeIgniter.php(355): CodeIgniter\CodeIgniter->handleRequest(null, Object(Config\Cache), false)
 9 SYSTEMPATH\Boot.php(312): CodeIgniter\CodeIgniter->run()
10 SYSTEMPATH\Boot.php(67): CodeIgniter\Boot::runCodeIgniter(Object(CodeIgniter\CodeIgniter))
11 FCPATH\index.php(56): CodeIgniter\Boot::bootWeb(Object(Config\Paths))
ERROR - 2025-03-20 12:28:27 --> ErrorException: pg_query(): Query failed: ERROR:  column s.Price does not exist
LINE 13:                     'price', COALESCE(s.&quot;Price&quot;, '')::text, ...
                                               ^
HINT:  Perhaps you meant to reference the column &quot;s.price&quot;.
QUERY:  SELECT jsonb_build_object(
            'status', 200,
            'message', 'Pending appointments retrieved successfully',
            'data', jsonb_agg(
                jsonb_build_object(
                    'id', a.id,
                    'branch', a.branch,
                    'consultant', a.consultant,
                    'section', a.section,
                    'slot', a.slot,
                    'appointment_status', a.appointment_status,
                    'slots_time', s.slots_time,
                    'price', COALESCE(s.&quot;Price&quot;, '')::text,  -- Use &quot;Price&quot; with quotes for case-sensitivity
                    'branch_name', b.branch_name,
                    'consultant_name', r.name,
                    'section_name', sec.section_name,
                    'full_name', a.full_name,
                    'mobile_no', a.mobile_no,
                    'email_id', a.email_id,
                    'locations', a.locations,
                    'startdate', a.startdate,
                    'dates', a.dates,  -- Include 'dates' column
                    'created_at', a.created_at
                )
            )
    )
                         FROM tbl_appointment a
    LEFT JOIN tbl_slots s ON CAST(a.slot AS INTEGER) = s.id
    LEFT JOIN tbl_register r ON a.consultant = r.id
    LEFT JOIN tbl_branch b ON a.branch = b.id
    LEFT JOIN tbl_section sec ON a.section = sec.id
    WHERE a.is_deleted = 'N'
    AND a.appointment_status = 'PE'  -- Only pending appointments
    AND a.dates &lt;= CURRENT_DATE
CONTEXT:  PL/pgSQL function get_pending_appointments() line 4 at SQL statement in C:\xampp\htdocs\salonClinic\system\Database\Postgre\Connection.php:193
Stack trace:
#0 [internal function]: CodeIgniter\Debug\Exceptions->errorHandler(2, 'pg_query(): Que...', 'C:\\xampp\\htdocs...', 193)
#1 C:\xampp\htdocs\salonClinic\system\Database\Postgre\Connection.php(193): pg_query(Object(PgSql\Connection), 'CALL get_pendin...')
#2 C:\xampp\htdocs\salonClinic\system\Database\BaseConnection.php(722): CodeIgniter\Database\Postgre\Connection->execute('CALL get_pendin...')
#3 C:\xampp\htdocs\salonClinic\system\Database\BaseConnection.php(636): CodeIgniter\Database\BaseConnection->simpleQuery('CALL get_pendin...')
#4 C:\xampp\htdocs\salonClinic\app\Controllers\Home.php(1696): CodeIgniter\Database\BaseConnection->query('CALL get_pendin...', Array)
#5 C:\xampp\htdocs\salonClinic\system\CodeIgniter.php(933): App\Controllers\Home->getPendingAppointments()
#6 C:\xampp\htdocs\salonClinic\system\CodeIgniter.php(509): CodeIgniter\CodeIgniter->runController(Object(App\Controllers\Home))
#7 C:\xampp\htdocs\salonClinic\system\CodeIgniter.php(355): CodeIgniter\CodeIgniter->handleRequest(NULL, Object(Config\Cache), false)
#8 C:\xampp\htdocs\salonClinic\system\Boot.php(312): CodeIgniter\CodeIgniter->run()
#9 C:\xampp\htdocs\salonClinic\system\Boot.php(67): CodeIgniter\Boot::runCodeIgniter(Object(CodeIgniter\CodeIgniter))
#10 C:\xampp\htdocs\salonClinic\index.php(56): CodeIgniter\Boot::bootWeb(Object(Config\Paths))
#11 {main}
CRITICAL - 2025-03-20 12:28:27 --> CodeIgniter\Database\Exceptions\DatabaseException: pg_query(): Query failed: ERROR:  column s.Price does not exist
LINE 13:                     'price', COALESCE(s.&quot;Price&quot;, '')::text, ...
                                               ^
HINT:  Perhaps you meant to reference the column &quot;s.price&quot;.
QUERY:  SELECT jsonb_build_object(
            'status', 200,
            'message', 'Pending appointments retrieved successfully',
            'data', jsonb_agg(
                jsonb_build_object(
                    'id', a.id,
                    'branch', a.branch,
                    'consultant', a.consultant,
                    'section', a.section,
                    'slot', a.slot,
                    'appointment_status', a.appointment_status,
                    'slots_time', s.slots_time,
                    'price', COALESCE(s.&quot;Price&quot;, '')::text,  -- Use &quot;Price&quot; with quotes for case-sensitivity
                    'branch_name', b.branch_name,
                    'consultant_name', r.name,
                    'section_name', sec.section_name,
                    'full_name', a.full_name,
                    'mobile_no', a.mobile_no,
                    'email_id', a.email_id,
                    'locations', a.locations,
                    'startdate', a.startdate,
                    'dates', a.dates,  -- Include 'dates' column
                    'created_at', a.created_at
                )
            )
    )
                         FROM tbl_appointment a
    LEFT JOIN tbl_slots s ON CAST(a.slot AS INTEGER) = s.id
    LEFT JOIN tbl_register r ON a.consultant = r.id
    LEFT JOIN tbl_branch b ON a.branch = b.id
    LEFT JOIN tbl_section sec ON a.section = sec.id
    WHERE a.is_deleted = 'N'
    AND a.appointment_status = 'PE'  -- Only pending appointments
    AND a.dates &lt;= CURRENT_DATE
CONTEXT:  PL/pgSQL function get_pending_appointments() line 4 at SQL statement
[Method: GET, Route: get_pending_appointments]
in SYSTEMPATH\Database\BaseConnection.php on line 676.
 1 APPPATH\Controllers\Home.php(1696): CodeIgniter\Database\BaseConnection->query('CALL get_pending_appointments(?)', [...])
 2 SYSTEMPATH\CodeIgniter.php(933): App\Controllers\Home->getPendingAppointments()
 3 SYSTEMPATH\CodeIgniter.php(509): CodeIgniter\CodeIgniter->runController(Object(App\Controllers\Home))
 4 SYSTEMPATH\CodeIgniter.php(355): CodeIgniter\CodeIgniter->handleRequest(null, Object(Config\Cache), false)
 5 SYSTEMPATH\Boot.php(312): CodeIgniter\CodeIgniter->run()
 6 SYSTEMPATH\Boot.php(67): CodeIgniter\Boot::runCodeIgniter(Object(CodeIgniter\CodeIgniter))
 7 FCPATH\index.php(56): CodeIgniter\Boot::bootWeb(Object(Config\Paths))
CRITICAL - 2025-03-20 12:28:27 --> [Caused by] CodeIgniter\Database\Exceptions\DatabaseException: pg_query(): Query failed: ERROR:  column s.Price does not exist
LINE 13:                     'price', COALESCE(s.&quot;Price&quot;, '')::text, ...
                                               ^
HINT:  Perhaps you meant to reference the column &quot;s.price&quot;.
QUERY:  SELECT jsonb_build_object(
            'status', 200,
            'message', 'Pending appointments retrieved successfully',
            'data', jsonb_agg(
                jsonb_build_object(
                    'id', a.id,
                    'branch', a.branch,
                    'consultant', a.consultant,
                    'section', a.section,
                    'slot', a.slot,
                    'appointment_status', a.appointment_status,
                    'slots_time', s.slots_time,
                    'price', COALESCE(s.&quot;Price&quot;, '')::text,  -- Use &quot;Price&quot; with quotes for case-sensitivity
                    'branch_name', b.branch_name,
                    'consultant_name', r.name,
                    'section_name', sec.section_name,
                    'full_name', a.full_name,
                    'mobile_no', a.mobile_no,
                    'email_id', a.email_id,
                    'locations', a.locations,
                    'startdate', a.startdate,
                    'dates', a.dates,  -- Include 'dates' column
                    'created_at', a.created_at
                )
            )
    )
                         FROM tbl_appointment a
    LEFT JOIN tbl_slots s ON CAST(a.slot AS INTEGER) = s.id
    LEFT JOIN tbl_register r ON a.consultant = r.id
    LEFT JOIN tbl_branch b ON a.branch = b.id
    LEFT JOIN tbl_section sec ON a.section = sec.id
    WHERE a.is_deleted = 'N'
    AND a.appointment_status = 'PE'  -- Only pending appointments
    AND a.dates &lt;= CURRENT_DATE
CONTEXT:  PL/pgSQL function get_pending_appointments() line 4 at SQL statement
in SYSTEMPATH\Database\Postgre\Connection.php on line 198.
 1 SYSTEMPATH\Database\BaseConnection.php(722): CodeIgniter\Database\Postgre\Connection->execute('CALL get_pending_appointments(NULL)')
 2 SYSTEMPATH\Database\BaseConnection.php(636): CodeIgniter\Database\BaseConnection->simpleQuery('CALL get_pending_appointments(NULL)')
 3 APPPATH\Controllers\Home.php(1696): CodeIgniter\Database\BaseConnection->query('CALL get_pending_appointments(?)', [...])
 4 SYSTEMPATH\CodeIgniter.php(933): App\Controllers\Home->getPendingAppointments()
 5 SYSTEMPATH\CodeIgniter.php(509): CodeIgniter\CodeIgniter->runController(Object(App\Controllers\Home))
 6 SYSTEMPATH\CodeIgniter.php(355): CodeIgniter\CodeIgniter->handleRequest(null, Object(Config\Cache), false)
 7 SYSTEMPATH\Boot.php(312): CodeIgniter\CodeIgniter->run()
 8 SYSTEMPATH\Boot.php(67): CodeIgniter\Boot::runCodeIgniter(Object(CodeIgniter\CodeIgniter))
 9 FCPATH\index.php(56): CodeIgniter\Boot::bootWeb(Object(Config\Paths))
CRITICAL - 2025-03-20 12:28:27 --> [Caused by] ErrorException: pg_query(): Query failed: ERROR:  column s.Price does not exist
LINE 13:                     'price', COALESCE(s.&quot;Price&quot;, '')::text, ...
                                               ^
HINT:  Perhaps you meant to reference the column &quot;s.price&quot;.
QUERY:  SELECT jsonb_build_object(
            'status', 200,
            'message', 'Pending appointments retrieved successfully',
            'data', jsonb_agg(
                jsonb_build_object(
                    'id', a.id,
                    'branch', a.branch,
                    'consultant', a.consultant,
                    'section', a.section,
                    'slot', a.slot,
                    'appointment_status', a.appointment_status,
                    'slots_time', s.slots_time,
                    'price', COALESCE(s.&quot;Price&quot;, '')::text,  -- Use &quot;Price&quot; with quotes for case-sensitivity
                    'branch_name', b.branch_name,
                    'consultant_name', r.name,
                    'section_name', sec.section_name,
                    'full_name', a.full_name,
                    'mobile_no', a.mobile_no,
                    'email_id', a.email_id,
                    'locations', a.locations,
                    'startdate', a.startdate,
                    'dates', a.dates,  -- Include 'dates' column
                    'created_at', a.created_at
                )
            )
    )
                         FROM tbl_appointment a
    LEFT JOIN tbl_slots s ON CAST(a.slot AS INTEGER) = s.id
    LEFT JOIN tbl_register r ON a.consultant = r.id
    LEFT JOIN tbl_branch b ON a.branch = b.id
    LEFT JOIN tbl_section sec ON a.section = sec.id
    WHERE a.is_deleted = 'N'
    AND a.appointment_status = 'PE'  -- Only pending appointments
    AND a.dates &lt;= CURRENT_DATE
CONTEXT:  PL/pgSQL function get_pending_appointments() line 4 at SQL statement
in SYSTEMPATH\Database\Postgre\Connection.php on line 193.
 1 [internal function]: CodeIgniter\Debug\Exceptions->errorHandler(2, 'pg_query(): Query failed: ERROR:  column s.Price does not exist
LINE 13:                     \'price\', COALESCE(s.&quot;Price&quot;, \'\')::text, ...
                                               ^
HINT:  Perhaps you meant to reference the column &quot;s.price&quot;.
QUERY:  SELECT jsonb_build_object(
            \'status\', 200,
            \'message\', \'Pending appointments retrieved successfully\',
            \'data\', jsonb_agg(
                jsonb_build_object(
                    \'id\', a.id,
                    \'branch\', a.branch,
                    \'consultant\', a.consultant,
                    \'section\', a.section,
                    \'slot\', a.slot,
                    \'appointment_status\', a.appointment_status,
                    \'slots_time\', s.slots_time,
                    \'price\', COALESCE(s.&quot;Price&quot;, \'\')::text,  -- Use &quot;Price&quot; with quotes for case-sensitivity
                    \'branch_name\', b.branch_name,
                    \'consultant_name\', r.name,
                    \'section_name\', sec.section_name,
                    \'full_name\', a.full_name,
                    \'mobile_no\', a.mobile_no,
                    \'email_id\', a.email_id,
                    \'locations\', a.locations,
                    \'startdate\', a.startdate,
                    \'dates\', a.dates,  -- Include \'dates\' column
                    \'created_at\', a.created_at
                )
            )
    )
                         FROM tbl_appointment a
    LEFT JOIN tbl_slots s ON CAST(a.slot AS INTEGER) = s.id
    LEFT JOIN tbl_register r ON a.consultant = r.id
    LEFT JOIN tbl_branch b ON a.branch = b.id
    LEFT JOIN tbl_section sec ON a.section = sec.id
    WHERE a.is_deleted = \'N\'
    AND a.appointment_status = \'PE\'  -- Only pending appointments
    AND a.dates &lt;= CURRENT_DATE
CONTEXT:  PL/pgSQL function get_pending_appointments() line 4 at SQL statement', 'C:\\xampp\\htdocs\\salonClinic\\system\\Database\\Postgre\\Connection.php', 193)
 2 SYSTEMPATH\Database\Postgre\Connection.php(193): pg_query(Object(PgSql\Connection), 'CALL get_pending_appointments(NULL)')
 3 SYSTEMPATH\Database\BaseConnection.php(722): CodeIgniter\Database\Postgre\Connection->execute('CALL get_pending_appointments(NULL)')
 4 SYSTEMPATH\Database\BaseConnection.php(636): CodeIgniter\Database\BaseConnection->simpleQuery('CALL get_pending_appointments(NULL)')
 5 APPPATH\Controllers\Home.php(1696): CodeIgniter\Database\BaseConnection->query('CALL get_pending_appointments(?)', [...])
 6 SYSTEMPATH\CodeIgniter.php(933): App\Controllers\Home->getPendingAppointments()
 7 SYSTEMPATH\CodeIgniter.php(509): CodeIgniter\CodeIgniter->runController(Object(App\Controllers\Home))
 8 SYSTEMPATH\CodeIgniter.php(355): CodeIgniter\CodeIgniter->handleRequest(null, Object(Config\Cache), false)
 9 SYSTEMPATH\Boot.php(312): CodeIgniter\CodeIgniter->run()
10 SYSTEMPATH\Boot.php(67): CodeIgniter\Boot::runCodeIgniter(Object(CodeIgniter\CodeIgniter))
11 FCPATH\index.php(56): CodeIgniter\Boot::bootWeb(Object(Config\Paths))
